Message ID,Subject,Message,Spam/Ham,Date
19fe9aaab374535a,khushal — US Tech leads Nifty 40 point up,▲ ~40 pts · line in the sand: 24610 · 80% hit rate · the 60-second read before 9:15. ‌ ‌ ‌ ‌ ‌ ‌ ‌ ‌ ‌ ‌ α THE BRIEF 80% HIT RATE Today&#39;s pre-market call ▲ ~40 pts LEANING GREEN AT THE OPEN Hi,ham,2026-08-10T03:15:02+00:00
19fe953a9446287e,"Ports and Adapters, and the Mess in the Middle | Rico Fritzsche in Level Up Coding","Khushalsatani Stories for Khushalsatani @khushalsatani009·Become a member Medium daily digest Today&#39;s highlights Rico Fritzsche Rico FritzscheinLevel Up Coding Ports and Adapters, and the Mess in",ham,2026-08-10T01:40:00+00:00
19fe9404ce78b2ec,Statement of Funds and Securities (SOF/SOS) for the week - 03 Aug 2026 to 08 Aug 2026,"Statement of Funds and Securities (SOF/SOS - Weekly) Dear Khushal, Thank You for choosing Dhan to execute your trades on Stock Exchanges. Please find attached, the Statement of Funds and Securities as",spam,2026-08-10T01:18:52+00:00
19fe872fcc60c00f,What's next for the bull market (new ATHs),"Software stocks like Palantir posted massive earnings growth this week, seeing the best stock jumps since… ͏ ‌ ͏ ‌ ͏ ‌ ͏ ‌ ͏ ‌ ͏ ‌ ͏ ‌ ͏ ‌ ͏ ‌ ͏ ‌ ͏ ‌ ͏ ‌ ͏ ‌ ͏ ‌ ͏ ‌ ͏ ‌ ͏ ‌ ͏ ‌ ͏ ‌ ͏ ‌ ͏ ‌ ͏ ‌ ͏ ‌ ͏",ham,2026-08-09T21:05:41+00:00
19fe838c011e0a76,"Your prompt is not wrong. It fails silently, which is worse","👋 Hi there, welcome to the AI Central ➡️ Sign up here to the free-forever… ͏ ͏ ͏ ͏ ͏ ͏ ͏ ͏ ͏ ͏ ͏ ͏ ͏ ͏ ͏ ͏ ͏ ͏ ͏ ͏ ͏ ͏ ͏ ͏ ͏ ͏ ͏ ͏ ͏ ͏ ͏ ͏ ͏ ͏ ͏ ͏ ͏ ͏ ͏ ͏ ͏ ͏ ͏ ͏ ͏ ͏ ͏ ͏ ͏ ͏ ͏ ͏ ͏ ͏ ͏ ͏ ͏ ͏ ͏ ͏ ͏ ͏ ͏",ham,2026-08-09T20:31:01+00:00
19fe801fb11a62d0,CYBER JAAGROOKTA DIWAS - AUGUST 2026,CYBER JAAGROOKTA DIWAS CYBER SECURITY AWARENESS AUGUST 2026 STAY VIGILANT! PREVENT FRAUD! DEEP FAKE VOICE/VIDEO Deepfake voice and video are AI-generated audio and visual content designed to closely,ham,2026-08-09T19:31:11+00:00
19fe7593e22cdfe8,Celebrate IBM PC Day by learning what comes next,"Explore AI, data, and IT skills for the next era of work. ‌ ‌ ‌ ‌ ‌ ‌ ‌ ‌ ‌ ‌ ‌ ‌ ‌ ‌ ‌ ‌ ‌ ‌ ‌ ‌ ‌ ‌ ‌ ‌ ‌ ‌ ‌ ‌ ‌ ‌ ‌ ‌ ‌ ‌ ‌ ‌ ‌ ‌ ‌ ‌ ‌ ‌ ‌ ‌ ‌ ‌ ‌ ‌ ‌ ‌ ‌ ‌ ‌ ‌ ‌ ‌ ‌ ‌ ‌ ‌ ‌ ‌ ‌ ‌ ‌ ‌ ‌ ‌ ‌ ‌ ‌ ‌",ham,2026-08-09T16:26:50+00:00
19fe6fc8dab1c87b,You have submitted your assignment submission for Assignment 1,CD26 -&gt;Assignment -&gt;Assignment 1 You have submitted an assignment submission for &#39;Assignment 1&#39;. You can see the status of your assignment submission.,ham,2026-08-09T14:45:38+00:00
19fe6f90e189629c,Weekly Account Statement for BDU926 2026-08-03 - 2026-08-08,"Dear Satani Khushal Jiteshbhai, The account statements for the period 2026-08-03 - 2026-08-08 are attached in accordance with this Exchange Circular. If you have any concerns with the account statement",ham,2026-08-09T14:41:48+00:00
19fe6d673d775a5b,🚨The Closest Thing To A Trading Holy Grail,Why professionals think beyond a single winning strategy. ͏ ͏ ͏ ͏ ͏ ͏ ͏ ͏ ͏ ͏ ͏ ͏ ͏ ͏ ͏ ͏ ͏ ͏ ͏ ͏ ͏ ͏ ͏ ͏ ͏ ͏ ͏ ͏ ͏ ͏ ͏ ͏ ͏ ͏ ͏ ͏ ͏ ͏ ͏ ͏ ͏ ͏ ͏ ͏ ͏ ͏ ͏ ͏ ͏ ͏ ͏ ͏ ͏ ͏ ͏ ͏ ͏ ͏ ͏ ͏ ͏ ͏ ͏ ͏ ͏ ͏ ͏ ͏ ͏ ͏ ͏ ͏,ham,2026-08-09T14:04:00+00:00
19fe665985e306a8,Your trial ends in 7 days,Upgrade to keep your premium features. ﻿͏ ﻿͏ ﻿͏ ﻿͏ ﻿͏ ﻿͏ ﻿͏ ﻿͏ ﻿͏ ﻿͏ ﻿͏ ﻿͏ ﻿͏ ﻿͏ ﻿͏ ﻿͏ ﻿͏ ﻿͏ ﻿͏ ﻿͏ ﻿͏ ﻿͏ ﻿͏ ﻿͏ ﻿͏ ﻿͏ ﻿͏ ﻿͏ ﻿͏ ﻿͏ ﻿͏ ﻿͏ ﻿͏ ﻿͏ ﻿͏ ﻿͏ ﻿͏ ﻿͏ ﻿͏ ﻿͏ ﻿͏ ﻿͏ ﻿͏ ﻿͏ ﻿͏ ﻿͏ ﻿͏ ﻿͏ ﻿͏ ﻿͏ ﻿͏ ﻿͏ ﻿͏ ﻿͏,ham,2026-08-09T12:00:45+00:00
19fe658356534e62,WEEK - 14,🗞️ AI got smarter than mathematicians this week. Big Tech shuffled its top… ͏ ͏ ͏ ͏ ͏ ͏ ͏ ͏ ͏ ͏ ͏ ͏ ͏ ͏ ͏ ͏ ͏ ͏ ͏ ͏ ͏ ͏ ͏ ͏ ͏ ͏ ͏ ͏ ͏ ͏ ͏ ͏ ͏ ͏ ͏ ͏ ͏ ͏ ͏ ͏ ͏ ͏ ͏ ͏ ͏ ͏ ͏ ͏ ͏ ͏ ͏ ͏ ͏ ͏ ͏ ͏ ͏ ͏ ͏ ͏ ͏ ͏ ͏,ham,2026-08-09T11:46:08+00:00
19fe5ef95b8df71f,Successful Login From New IP 2409:40c1:2a:a559:d412:7c71:b2aa:4428 - 2026-08-09 09:51:49 UTC,Notification from Delta Exchange ͏ ‌ ﻿ ͏ ‌ ﻿ ͏ ‌ ﻿ ͏ ‌ ﻿ ͏ ‌ ﻿ ͏ ‌ ﻿ ͏ ‌ ﻿ ͏ ‌ ﻿ ͏ ‌ ﻿ ͏ ‌ ﻿ ͏ ‌ ﻿ ͏ ‌ ﻿ ͏ ‌ ﻿ ͏ ‌ ﻿ ͏ ‌ ﻿ ͏ ‌ ﻿ ͏ ‌ ﻿ ͏ ‌ ﻿ ͏ ‌ ﻿ ͏ ‌ ﻿ ͏ ‌ ﻿ ͏ ‌ ﻿ ͏ ‌ ﻿ ͏ ‌ ﻿ ͏ ‌ ﻿ ͏ ‌ ﻿ ͏ ‌ ﻿ ͏ ‌ ﻿,ham,2026-08-09T09:51:51+00:00
19fe5afe156bb1f4,[khushal910/MailSentry] PR run failed: MailSentry Continuous Integration (CI) - fix:  updated gmail_fetch_service.py (dabaaf2),[khushal910/MailSentry] MailSentry Continuous Integration (CI) workflow run MailSentry Continuous Integration (CI): Some jobs were not successful View workflow run Status Job Annotations MailSentry,ham,2026-08-09T08:42:15+00:00
19fe5aebc6e11646,Beware of apps that steal money from account,"Can&#39;t see this email properly? View the web version | View this message in your mobile Don&#39;t take the bait! Be safe from frauds Fraudsters may lure you with enticing offers, but it&#39;s",ham,2026-08-09T05:50:07+00:00
19fe59958c4bfb84,Re: [khushal910/MailSentry] fix:  updated gmail_fetch_service.py (PR #34),coderabbitai[bot] left a comment (khushal910/MailSentry#34) Review Change Stack ℹ️ Recent review info ⚙️ Run configuration Configuration used: defaults Review profile: CHILL Plan: Free Run ID: 61bb40ab,ham,2026-08-09T08:17:39+00:00
19fe59941333030b,Re: [khushal910/MailSentry] fix:  updated gmail_fetch_service.py (PR #34),"@Copilot commented on this pull request. Copilot was unable to review this pull request because the user who requested the review has reached their quota limit. — Reply to this email directly, view it",ham,2026-08-09T08:17:33+00:00
19fe5993f3a9f622,Re: [khushal910/MailSentry] fix:  updated gmail_fetch_service.py (PR #34),"dagshub[bot] left a comment (khushal910/MailSentry#34) Join the discussion on DagsHub! — Reply to this email directly, view it on GitHub, or unsubscribe. Triage notifications, keep track of coding",ham,2026-08-09T08:17:33+00:00
19fe5993b9102a31,Re: [khushal910/MailSentry] fix:  updated gmail_fetch_service.py (PR #34),vercel[bot] left a comment (khushal910/MailSentry#34) The latest updates on your projects. Learn more about Vercel for GitHub. Project Deployment Actions Updated (UTC) mail-sentry Ready Ready Preview,ham,2026-08-09T08:17:31+00:00
19fea1e233f09fd9,Re: [khushal910/MailSentry] ci(github-actions): bump astral-sh/setup-uv from 5 to 7 (PR #60),"coderabbitai[bot] left a comment (khushal910/MailSentry#60) Important Review skipped Bot user detected. To trigger a single review, invoke the @coderabbitai review command. ⚙️ Run configuration",ham,2026-08-10T05:21:11+00:00
19fea1e11c921d86,Re: [khushal910/MailSentry] ci(github-actions): bump astral-sh/setup-uv from 5 to 7 (PR #60),vercel[bot] left a comment (khushal910/MailSentry#60) The latest updates on your projects. Learn more about Vercel for GitHub. Project Deployment Actions Updated (UTC) mail-sentry Building Building,ham,2026-08-10T05:21:06+00:00
19fea1e056e744ad,[khushal910/MailSentry] ci(github-actions): bump astral-sh/setup-uv from 5 to 7 (PR #60),Bumps astral-sh/setup-uv from 5 to 7. Release notes Sourced from astral-sh/setup-uv&#39;s releases. v8.3.2 🌈 update known checksums for 0.11.28 Changes Just a maintenance release 🧰 Maintenance chore:,ham,2026-08-10T05:21:03+00:00
19fea1e0246e183c,Re: [khushal910/MailSentry] ci(github-actions): bump astral-sh/setup-uv from 5 to 7 (PR #60),"@dependabot[bot] requested your review on: khushal910/MailSentry#60 ci(github-actions): bump astral-sh/setup-uv from 5 to 7 as a code owner. — Reply to this email directly, view it on GitHub, or",ham,2026-08-10T05:21:03+00:00
19fea1dfaa10f7f4,Re: [khushal910/MailSentry] ci(github-actions): bump actions/setup-python from 5 to 7 (PR #59),"coderabbitai[bot] left a comment (khushal910/MailSentry#59) Important Review skipped Bot user detected. To trigger a single review, invoke the @coderabbitai review command. ⚙️ Run configuration",ham,2026-08-10T05:21:00+00:00
19fea1ddb3932fee,Re: [khushal910/MailSentry] ci(github-actions): bump actions/setup-python from 5 to 7 (PR #59),vercel[bot] left a comment (khushal910/MailSentry#59) The latest updates on your projects. Learn more about Vercel for GitHub. Project Deployment Actions Updated (UTC) mail-sentry Building Building,ham,2026-08-10T05:20:52+00:00
19fea1dcf8ae3126,[khushal910/MailSentry] ci(github-actions): bump actions/setup-python from 5 to 7 (PR #59),Bumps actions/setup-python from 5 to 7. Release notes Sourced from actions/setup-python&#39;s releases. v7.0.0 What&#39;s Changed Enhancements Migrate to ESM and upgrade dependencies by @​priyagupta108,ham,2026-08-10T05:20:49+00:00
19fea1dcbb69fca3,Re: [khushal910/MailSentry] ci(github-actions): bump actions/setup-python from 5 to 7 (PR #59),"@dependabot[bot] requested your review on: khushal910/MailSentry#59 ci(github-actions): bump actions/setup-python from 5 to 7 as a code owner. — Reply to this email directly, view it on GitHub, or",ham,2026-08-10T05:20:48+00:00
19fea1dc744b07e3,Re: [khushal910/MailSentry] ci(github-actions): bump actions/checkout from 4 to 7 (PR #58),"coderabbitai[bot] left a comment (khushal910/MailSentry#58) Important Review skipped Bot user detected. To trigger a single review, invoke the @coderabbitai review command. ⚙️ Run configuration",ham,2026-08-10T05:20:47+00:00
19fea1dc59e7e43f,Re: [khushal910/MailSentry] ci(github-actions): bump actions/setup-node from 4 to 7 (PR #57),"coderabbitai[bot] left a comment (khushal910/MailSentry#57) Important Review skipped Bot user detected. To trigger a single review, invoke the @coderabbitai review command. ⚙️ Run configuration",ham,2026-08-10T05:20:46+00:00
19fea1dc1ea3006e,Re: [khushal910/MailSentry] ci(github-actions): bump actions/checkout from 4 to 7 (PR #58),vercel[bot] left a comment (khushal910/MailSentry#58) The latest updates on your projects. Learn more about Vercel for GitHub. Project Deployment Actions Updated (UTC) mail-sentry Building Building,ham,2026-08-10T05:20:46+00:00
19fea1db98476bf8,Re: [khushal910/MailSentry] ci(github-actions): bump actions/checkout from 4 to 7 (PR #58),"dagshub[bot] left a comment (khushal910/MailSentry#58) Join the discussion on DagsHub! — Reply to this email directly, view it on GitHub, or unsubscribe. Triage notifications, keep track of coding",ham,2026-08-10T05:20:43+00:00
19fea1daf1158728,Re: [khushal910/MailSentry] ci(github-actions): bump actions/checkout from 4 to 7 (PR #58),"@dependabot[bot] requested your review on: khushal910/MailSentry#58 ci(github-actions): bump actions/checkout from 4 to 7 as a code owner. — Reply to this email directly, view it on GitHub, or",ham,2026-08-10T05:20:41+00:00
19fea1daedfd0fe7,Re: [khushal910/MailSentry] ci(github-actions): bump actions/setup-node from 4 to 7 (PR #57),vercel[bot] left a comment (khushal910/MailSentry#57) The latest updates on your projects. Learn more about Vercel for GitHub. Project Deployment Actions Updated (UTC) mail-sentry Building Building,ham,2026-08-10T05:20:41+00:00
19fea1dad7725a9c,[khushal910/MailSentry] ci(github-actions): bump actions/checkout from 4 to 7 (PR #58),Bumps actions/checkout from 4 to 7. Release notes Sourced from actions/checkout&#39;s releases. v7.0.0 What&#39;s Changed block checking out fork pr for pull_request_target and workflow_run by @​,ham,2026-08-10T05:20:41+00:00
19fea1da97981a52,Re: [khushal910/MailSentry] ci(github-actions): bump actions/setup-node from 4 to 7 (PR #57),"dagshub[bot] left a comment (khushal910/MailSentry#57) Join the discussion on DagsHub! — Reply to this email directly, view it on GitHub, or unsubscribe. Triage notifications, keep track of coding",ham,2026-08-10T05:20:40+00:00
19fea1d9c52b13ec,[khushal910/MailSentry] ci(github-actions): bump actions/setup-node from 4 to 7 (PR #57),Bumps actions/setup-node from 4 to 7. Release notes Sourced from actions/setup-node&#39;s releases. v7.0.0 What&#39;s Changed Enhancements: Add cache-primary-key and cache-matched-key as outputs by @​,ham,2026-08-10T05:20:37+00:00
19fea1d9b584992d,Re: [khushal910/MailSentry] ci(github-actions): bump actions/setup-node from 4 to 7 (PR #57),"@dependabot[bot] requested your review on: khushal910/MailSentry#57 ci(github-actions): bump actions/setup-node from 4 to 7 as a code owner. — Reply to this email directly, view it on GitHub, or",ham,2026-08-10T05:20:36+00:00
19fea1d99db3d729,Re: [khushal910/MailSentry] ci(github-actions): bump softprops/action-gh-release from 2 to 3 (PR #56),"coderabbitai[bot] left a comment (khushal910/MailSentry#56) Important Review skipped Bot user detected. To trigger a single review, invoke the @coderabbitai review command. ⚙️ Run configuration",ham,2026-08-10T05:20:35+00:00
19fea1d834bb8bff,Re: [khushal910/MailSentry] ci(github-actions): bump softprops/action-gh-release from 2 to 3 (PR #56),vercel[bot] left a comment (khushal910/MailSentry#56) The latest updates on your projects. Learn more about Vercel for GitHub. Project Deployment Actions Updated (UTC) mail-sentry Ready Ready Preview,ham,2026-08-10T05:20:30+00:00
19fea1d7f4c607e0,Re: [khushal910/MailSentry] ci(github-actions): bump softprops/action-gh-release from 2 to 3 (PR #56),"dagshub[bot] left a comment (khushal910/MailSentry#56) Join the discussion on DagsHub! — Reply to this email directly, view it on GitHub, or unsubscribe. Triage notifications, keep track of coding",ham,2026-08-10T05:20:29+00:00
19fea1d70249ce00,[khushal910/MailSentry] ci(github-actions): bump softprops/action-gh-release from 2 to 3 (PR #56),Bumps softprops/action-gh-release from 2 to 3. Release notes Sourced from softprops/action-gh-release&#39;s releases. v3.0.0 3.0.0 is a major release that moves the action runtime from Node 20 to Node,ham,2026-08-10T05:20:25+00:00
19fea1d6ed157454,Re: [khushal910/MailSentry] ci(github-actions): bump softprops/action-gh-release from 2 to 3 (PR #56),"@dependabot[bot] requested your review on: khushal910/MailSentry#56 ci(github-actions): bump softprops/action-gh-release from 2 to 3 as a code owner. — Reply to this email directly, view it on GitHub,",ham,2026-08-10T05:20:24+00:00
19fe9fd08e24fb1f,Re: [khushal910/MailSentry] chore(deps-backend)(deps): bump google-auth-oauthlib from 1.0.0 to 1.4.0 in /backend (PR #55),"coderabbitai[bot] left a comment (khushal910/MailSentry#55) Important Review skipped Bot user detected. To trigger a single review, invoke the @coderabbitai review command. ⚙️ Run configuration",ham,2026-08-10T04:45:01+00:00
19fe9fcf9e9772d8,Re: [khushal910/MailSentry] chore(deps-backend)(deps): bump google-auth-oauthlib from 1.0.0 to 1.4.0 in /backend (PR #55),vercel[bot] left a comment (khushal910/MailSentry#55) The latest updates on your projects. Learn more about Vercel for GitHub. Project Deployment Actions Updated (UTC) mail-sentry Building Building,ham,2026-08-10T04:44:57+00:00
19fe9fcef228b928,Re: [khushal910/MailSentry] chore(deps-backend)(deps): bump google-auth-oauthlib from 1.0.0 to 1.4.0 in /backend (PR #55),"dagshub[bot] left a comment (khushal910/MailSentry#55) Join the discussion on DagsHub! — Reply to this email directly, view it on GitHub, or unsubscribe. Triage notifications, keep track of coding",ham,2026-08-10T04:44:55+00:00
19fe9fce386d9914,[khushal910/MailSentry] chore(deps-backend)(deps): bump google-auth-oauthlib from 1.0.0 to 1.4.0 in /backend (PR #55),Bumps google-auth-oauthlib from 1.0.0 to 1.4.0. Release notes Sourced from google-auth-oauthlib&#39;s releases. grpc-google-iam-v1: v0.14.5 0.14.5 (2026-08-06) Bug Fixes bump grpcio to 1.59.0; require,ham,2026-08-10T04:44:52+00:00
19fe9fce15e29e88,Re: [khushal910/MailSentry] chore(deps-backend)(deps): bump google-auth-oauthlib from 1.0.0 to 1.4.0 in /backend (PR #55),"@dependabot[bot] requested your review on: khushal910/MailSentry#55 chore(deps-backend)(deps): bump google-auth-oauthlib from 1.0.0 to 1.4.0 in /backend as a code owner. — Reply to this email directly,",ham,2026-08-10T04:44:51+00:00
19fe9fcb9aff7e94,Re: [khushal910/MailSentry] chore(deps-backend)(deps): bump bcrypt from 4.0.1 to 5.0.0 in /backend (PR #54),"coderabbitai[bot] left a comment (khushal910/MailSentry#54) Important Review skipped Bot user detected. To trigger a single review, invoke the @coderabbitai review command. ⚙️ Run configuration",ham,2026-08-10T04:44:41+00:00
19fe9fcb1bc22544,Re: [khushal910/MailSentry] chore(deps-backend)(deps): bump google-auth from 2.56.2 to 2.56.3 in /backend (PR #53),"coderabbitai[bot] left a comment (khushal910/MailSentry#53) Important Review skipped Bot user detected. To trigger a single review, invoke the @coderabbitai review command. ⚙️ Run configuration",ham,2026-08-10T04:44:39+00:00
19fe9fca5d64a6b1,Re: [khushal910/MailSentry] chore(deps-backend)(deps): bump bcrypt from 4.0.1 to 5.0.0 in /backend (PR #54),vercel[bot] left a comment (khushal910/MailSentry#54) The latest updates on your projects. Learn more about Vercel for GitHub. Project Deployment Actions Updated (UTC) mail-sentry Building Building,ham,2026-08-10T04:44:36+00:00
19fe9fc9c43117ca,Re: [khushal910/MailSentry] chore(deps-backend)(deps): bump bcrypt from 4.0.1 to 5.0.0 in /backend (PR #54),"dagshub[bot] left a comment (khushal910/MailSentry#54) Join the discussion on DagsHub! — Reply to this email directly, view it on GitHub, or unsubscribe. Triage notifications, keep track of coding",ham,2026-08-10T04:44:34+00:00
19fe9fc98c41a436,Re: [khushal910/MailSentry] chore(deps-backend)(deps): bump google-auth from 2.56.2 to 2.56.3 in /backend (PR #53),vercel[bot] left a comment (khushal910/MailSentry#53) The latest updates on your projects. Learn more about Vercel for GitHub. Project Deployment Actions Updated (UTC) mail-sentry Building Building,ham,2026-08-10T04:44:33+00:00
19fe9fc94386a22b,[khushal910/MailSentry] chore(deps-backend)(deps): bump bcrypt from 4.0.1 to 5.0.0 in /backend (PR #54),Bumps bcrypt from 4.0.1 to 5.0.0. Changelog Sourced from bcrypt&#39;s changelog. 5.0.0 Bumped MSRV to 1.74. Added support for Python 3.14 and free-threaded Python 3.14. Added support for Windows on ARM,ham,2026-08-10T04:44:32+00:00
19fe9fc935021955,Re: [khushal910/MailSentry] chore(deps-backend)(deps): bump bcrypt from 4.0.1 to 5.0.0 in /backend (PR #54),"@dependabot[bot] requested your review on: khushal910/MailSentry#54 chore(deps-backend)(deps): bump bcrypt from 4.0.1 to 5.0.0 in /backend as a code owner. — Reply to this email directly, view it on",ham,2026-08-10T04:44:31+00:00
19fe9fc9331c30d1,Re: [khushal910/MailSentry] chore(deps-backend)(deps): bump google-auth from 2.56.2 to 2.56.3 in /backend (PR #53),"dagshub[bot] left a comment (khushal910/MailSentry#53) Join the discussion on DagsHub! — Reply to this email directly, view it on GitHub, or unsubscribe. Triage notifications, keep track of coding",ham,2026-08-10T04:44:31+00:00
19fe9fc87d135c60,[khushal910/MailSentry] chore(deps-backend)(deps): bump google-auth from 2.56.2 to 2.56.3 in /backend (PR #53),Bumps google-auth from 2.56.2 to 2.56.3. Release notes Sourced from google-auth&#39;s releases. google-auth: v2.56.3 2.56.3 (2026-08-06) Bug Fixes auth: avoid creating mTLS SSL context for custom async,ham,2026-08-10T04:44:28+00:00
19fe9fc877179adb,Re: [khushal910/MailSentry] chore(deps-backend)(deps): bump google-auth from 2.56.2 to 2.56.3 in /backend (PR #53),"@dependabot[bot] requested your review on: khushal910/MailSentry#53 chore(deps-backend)(deps): bump google-auth from 2.56.2 to 2.56.3 in /backend as a code owner. — Reply to this email directly, view",ham,2026-08-10T04:44:28+00:00
19fe9fc49cd6feaa,Re: [khushal910/MailSentry] chore(deps-backend)(deps): bump uvloop from 0.19.0 to 0.22.1 in /backend (PR #51),"coderabbitai[bot] left a comment (khushal910/MailSentry#51) Important Review skipped Bot user detected. To trigger a single review, invoke the @coderabbitai review command. ⚙️ Run configuration",ham,2026-08-10T04:44:12+00:00
19fe9fc4203f0a03,Re: [khushal910/MailSentry] chore(deps-backend)(deps): bump google-genai from 1.2.0 to 2.17.0 in /backend (PR #52),"coderabbitai[bot] left a comment (khushal910/MailSentry#52) Important Review skipped Bot user detected. To trigger a single review, invoke the @coderabbitai review command. ⚙️ Run configuration",ham,2026-08-10T04:44:11+00:00
19fe9fc385e34073,Re: [khushal910/MailSentry] chore(deps-backend)(deps): bump google-genai from 1.2.0 to 2.17.0 in /backend (PR #52),vercel[bot] left a comment (khushal910/MailSentry#52) The latest updates on your projects. Learn more about Vercel for GitHub. Project Deployment Actions Updated (UTC) mail-sentry Building Building,ham,2026-08-10T04:44:08+00:00
19fe9fc378a28d42,Re: [khushal910/MailSentry] chore(deps-backend)(deps): bump google-genai from 1.2.0 to 2.17.0 in /backend (PR #52),"dagshub[bot] left a comment (khushal910/MailSentry#52) Join the discussion on DagsHub! — Reply to this email directly, view it on GitHub, or unsubscribe. Triage notifications, keep track of coding",ham,2026-08-10T04:44:07+00:00
19fe9fc2ac2cd750,[khushal910/MailSentry] chore(deps-backend)(deps): bump google-genai from 1.2.0 to 2.17.0 in /backend (PR #52),Bumps google-genai from 1.2.0 to 2.17.0. Release notes Sourced from google-genai&#39;s releases. v2.17.0 2.17.0 (2026-08-06) Features Add the Gemini Robotics ER 2 Preview model (61d4645) Add,ham,2026-08-10T04:44:04+00:00
19fe9fc27a72e7a0,Re: [khushal910/MailSentry] chore(deps-backend)(deps): update starlette requirement from >=0.27.0 to >=1.4.1 in /backend (PR #50),"coderabbitai[bot] left a comment (khushal910/MailSentry#50) Important Review skipped Bot user detected. To trigger a single review, invoke the @coderabbitai review command. ⚙️ Run configuration",ham,2026-08-10T04:44:03+00:00
19fe9fc276dd3201,Re: [khushal910/MailSentry] chore(deps-backend)(deps): bump google-genai from 1.2.0 to 2.17.0 in /backend (PR #52),"@dependabot[bot] requested your review on: khushal910/MailSentry#52 chore(deps-backend)(deps): bump google-genai from 1.2.0 to 2.17.0 in /backend as a code owner. — Reply to this email directly, view",ham,2026-08-10T04:44:04+00:00
19fe9fc2609352ae,Re: [khushal910/MailSentry] chore(deps-backend)(deps): bump uvloop from 0.19.0 to 0.22.1 in /backend (PR #51),vercel[bot] left a comment (khushal910/MailSentry#51) The latest updates on your projects. Learn more about Vercel for GitHub. Project Deployment Actions Updated (UTC) mail-sentry Building Building,ham,2026-08-10T04:44:03+00:00
19fe9fc20e5a72fc,Re: [khushal910/MailSentry] chore(deps-backend)(deps): bump uvloop from 0.19.0 to 0.22.1 in /backend (PR #51),"dagshub[bot] left a comment (khushal910/MailSentry#51) Join the discussion on DagsHub! — Reply to this email directly, view it on GitHub, or unsubscribe. Triage notifications, keep track of coding",ham,2026-08-10T04:44:02+00:00
19fe9fc1d593a743,Re: [khushal910/MailSentry] chore(deps-backend)(deps): bump google-auth-httplib2 from 0.4.0 to 0.4.1 in /backend (PR #49),"coderabbitai[bot] left a comment (khushal910/MailSentry#49) Important Review skipped Bot user detected. To trigger a single review, invoke the @coderabbitai review command. ⚙️ Run configuration",ham,2026-08-10T04:44:01+00:00
19fe9fc19659d0ed,[khushal910/MailSentry] chore(deps-backend)(deps): bump uvloop from 0.19.0 to 0.22.1 in /backend (PR #51),"Bumps uvloop from 0.19.0 to 0.22.1. Release notes Sourced from uvloop&#39;s releases. v0.22.1 This is identical to 0.22.0, re-ran with CI fixes v0.22.0 Changes Fixes for Python 3.14 (#638) (by @​",ham,2026-08-10T04:44:00+00:00
19fe9fc1680999b3,Re: [khushal910/MailSentry] chore(deps-backend)(deps): update starlette requirement from >=0.27.0 to >=1.4.1 in /backend (PR #50),vercel[bot] left a comment (khushal910/MailSentry#50) The latest updates on your projects. Learn more about Vercel for GitHub. Project Deployment Actions Updated (UTC) mail-sentry Building Building,ham,2026-08-10T04:43:59+00:00
19fea67183638e7e,Received ₹127 in your slice account,"Hi KHUSHAL JITESHBHAI, You have received ₹127 via UPI in your slice bank account xx5611. Avl. Bal. ₹84036.37 Transaction date 10-Aug-26 From Suvagiya Vraj Eteshbhai RRN 622239017478 Best, Team slice",spam,2026-08-10T06:40:52+00:00
19fea5060b8e8087,"“In 1989, I invested Rs 1.25 crore in Sesa Goa shares at price of Rs. 26.” “My friend ...","“In 1989, I invested Rs 1.25 crore in Sesa Goa shares at price of Rs. 26.” “My friend Radhakishan Damani and Kamal Kabra were so bearish on Sesa Goa that they used to laugh at me for buying it… Top",ham,2026-08-10T06:16:03+00:00
19fea48f811cd4d9,Re: [khushal910/MailSentry] fix: loading animatoin in auto clasify page (PR #61),"coderabbitai[bot] left a comment (khushal910/MailSentry#61) Note Currently processing new changes in this PR. This may take a few minutes, please wait... ⚙️ Run configuration Configuration used:",ham,2026-08-10T06:07:58+00:00
19fea48e95d07f7f,Re: [khushal910/MailSentry] fix: loading animatoin in auto clasify page (PR #61),vercel[bot] left a comment (khushal910/MailSentry#61) The latest updates on your projects. Learn more about Vercel for GitHub. Project Deployment Actions Updated (UTC) mail-sentry Building Building,ham,2026-08-10T06:07:54+00:00
19fea48e087ac688,Re: [khushal910/MailSentry] fix: loading animatoin in auto clasify page (PR #61),"@Copilot commented on this pull request. Copilot was unable to review this pull request because the user who requested the review has reached their quota limit. — Reply to this email directly, view it",ham,2026-08-10T06:07:52+00:00
19fea48db982edcc,Re: [khushal910/MailSentry] fix: loading animatoin in auto clasify page (PR #61),"dagshub[bot] left a comment (khushal910/MailSentry#61) Join the discussion on DagsHub! — Reply to this email directly, view it on GitHub, or unsubscribe. Triage notifications, keep track of coding",ham,2026-08-10T06:07:50+00:00
19fec33651a152d9,You have submitted your assignment submission for Assignment_1,SOOAD26 -&gt;Assignment -&gt;Assignment_1 You have submitted an assignment submission for &#39;Assignment_1&#39;. You can see the status of your assignment submission.,ham,2026-08-10T15:03:38+00:00
19fec00548817b65,New agentic AI newsletter just dropped ☁️,Here&#39;s exactly how to build a production AI agent in minutes ͏ ͏ ͏ ͏ ͏ ͏ ͏ ͏ ͏ ͏ ͏ ͏ ͏ ͏ ͏ ͏ ͏ ͏ ͏ ͏ ͏ ͏ ͏ ͏ ͏ ͏ ͏ ͏ ͏ ͏ ͏ ͏ ͏ ͏ ͏ ͏ ͏ ͏ ͏ ͏ ͏ ͏ ͏ ͏ ͏ ͏ ͏ ͏ ͏ ͏ ͏ ͏ ͏ ͏ ͏ ͏ ͏ ͏ ͏ ͏ ͏ ͏ ͏ ͏ ͏ ͏ ͏ ͏,spam,2026-08-10T14:07:49+00:00
19febe5455a69047,[khushal910/MailSentry] PR run failed: MailSentry Continuous Integration (CI) - Add/model (58fe61d),[khushal910/MailSentry] MailSentry Continuous Integration (CI) workflow run MailSentry Continuous Integration (CI): Some jobs were not successful View workflow run Status Job Annotations MailSentry,ham,2026-08-10T13:38:17+00:00
19febe42eab5572e,Re: [khushal910/MailSentry] Add/model (PR #62),"coderabbitai[bot] left a comment (khushal910/MailSentry#62) Note Currently processing new changes in this PR. This may take a few minutes, please wait... ⚙️ Run configuration Configuration used:",ham,2026-08-10T13:37:06+00:00
19febe36b3b22b12,Re: [khushal910/MailSentry] Add/model (PR #62),vercel[bot] left a comment (khushal910/MailSentry#62) The latest updates on your projects. Learn more about Vercel for GitHub. Project Deployment Actions Updated (UTC) mail-sentry Ready Ready Preview,ham,2026-08-10T13:36:16+00:00
19febe362757b863,Re: [khushal910/MailSentry] Add/model (PR #62),"@Copilot commented on this pull request. Copilot was unable to review this pull request because the user who requested the review has reached their quota limit. — Reply to this email directly, view it",ham,2026-08-10T13:36:15+00:00
19febe35b780305f,Re: [khushal910/MailSentry] Add/model (PR #62),"dagshub[bot] left a comment (khushal910/MailSentry#62) Join the discussion on DagsHub! — Reply to this email directly, view it on GitHub, or unsubscribe. Triage notifications, keep track of coding",ham,2026-08-10T13:36:13+00:00
19febe2fee147f97,Kilo Update on Metabase’s Incident,"Hello, We are writing to inform you that on August 6, 2026, we were notified of a security incident by Kilo Code&#39;s business intelligence provider, Metabase. Kilo uses Metabase for analyzing data to",ham,2026-08-10T13:35:48+00:00
19febd475ad5d674,Day 1 at InMobi HQ: The Polaris Fellowship Begins.,"Hi Khushal jiteshbhai satani, The Polaris Fellowship has officially begun. On Day 1, the Polaris Fellows visited InMobi HQ in Bengaluru and met Mr. Piyush Shah, Co-founder of India&#39;s most",spam,2026-08-10T13:19:56+00:00
19feb8cf279736bc,Share work without sending files,Send a link and keep everything connected. ﻿͏ ﻿͏ ﻿͏ ﻿͏ ﻿͏ ﻿͏ ﻿͏ ﻿͏ ﻿͏ ﻿͏ ﻿͏ ﻿͏ ﻿͏ ﻿͏ ﻿͏ ﻿͏ ﻿͏ ﻿͏ ﻿͏ ﻿͏ ﻿͏ ﻿͏ ﻿͏ ﻿͏ ﻿͏ ﻿͏ ﻿͏ ﻿͏ ﻿͏ ﻿͏ ﻿͏ ﻿͏ ﻿͏ ﻿͏ ﻿͏ ﻿͏ ﻿͏ ﻿͏ ﻿͏ ﻿͏ ﻿͏ ﻿͏ ﻿͏ ﻿͏ ﻿͏ ﻿͏ ﻿͏ ﻿͏ ﻿͏ ﻿͏ ﻿͏ ﻿͏ ﻿͏,ham,2026-08-10T12:01:50+00:00
19feb6120e1f809d,IPOs open to apply!,Stay updated with all IPO details ‌ ‌ ‌ ‌ ‌ ‌ ‌ ‌ ‌ ‌ ‌ ‌ ‌ ‌ ‌ ‌ ‌ ‌ ‌ ‌ ‌ ‌ ‌ ‌ ‌ ‌ ‌ ‌ ‌ ‌ ‌ ‌ ‌ ‌ ‌ ‌ ‌ ‌ ‌ ‌ ‌ ‌ ‌ ‌ ‌ ‌ ‌ ‌ ‌ ‌ IPOs open to apply Technocraft Ventures They build and maintain,ham,2026-08-10T11:13:57+00:00
19feb4f711d054cc,⚡️ Get Ready for NIFTY Expiry!,"Hi 👋 Tomorrow&#39;s NIFTY weekly options expiry and Expiry Day trades often mean: plenty of strikes to choose from, limited time, and a lot of decisions to make. We&#39;ve always built our product and",ham,2026-08-10T10:54:39+00:00
19feae30c9434d12,Krish Monthly Digest July 2026,Events &amp; Roundtables Retail Arise - Delhi Chapter The Retail Arise series… ͏ ͏ ͏ ͏ ͏ ͏ ͏ ͏ ͏ ͏ ͏ ͏ ͏ ͏ ͏ ͏ ͏ ͏ ͏ ͏ ͏ ͏ ͏ ͏ ͏ ͏ ͏ ͏ ͏ ͏ ͏ ͏ ͏ ͏ ͏ ͏ ͏ ͏ ͏ ͏ ͏ ͏ ͏ ͏ ͏ ͏ ͏ ͏ ͏ ͏ ͏ ͏ ͏ ͏ ͏ ͏ ͏ ͏ ͏ ͏ ͏,ham,2026-08-10T08:56:15+00:00
19fec554480be53f,"Write for humans, not algorithms","Why you can&#39;t fight AI writing with AI detection tools Medium Hi Khushalsatani, What if you could instantly and flawlessly identify a piece that was written, either fully or partially, by an AI",ham,2026-08-10T15:40:38+00:00
19fec50441fc15de,"Re: [khushal910/MailSentry] Revert ""fix: IPv4 & Localhost Dual-Probing,"" (PR #64)",coderabbitai[bot] left a comment (khushal910/MailSentry#64) Important Review skipped Draft detected. Please check the settings in the CodeRabbit UI or the .coderabbit.yaml file in this repository. To,ham,2026-08-10T15:35:10+00:00
19fec5035850cb68,"Re: [khushal910/MailSentry] Revert ""fix: IPv4 & Localhost Dual-Probing,"" (PR #64)",vercel[bot] left a comment (khushal910/MailSentry#64) The latest updates on your projects. Learn more about Vercel for GitHub. Project Deployment Actions Updated (UTC) mail-sentry Ready Ready Preview,ham,2026-08-10T15:35:06+00:00
19fec502db2e3ded,"Re: [khushal910/MailSentry] Revert ""fix: IPv4 & Localhost Dual-Probing,"" (PR #64)","dagshub[bot] left a comment (khushal910/MailSentry#64) Join the discussion on DagsHub! — Reply to this email directly, view it on GitHub, or unsubscribe. Triage notifications, keep track of coding",ham,2026-08-10T15:35:04+00:00
19fec4c973d883c3,"Re: [khushal910/MailSentry] fix: IPv4 & Localhost Dual-Probing, (PR #63)","coderabbitai[bot] left a comment (khushal910/MailSentry#63) Review Change Stack Note Currently processing new changes in this PR. This may take a few minutes, please wait... ⚙️ Run configuration",ham,2026-08-10T15:31:10+00:00
19fec4c88ad95ae8,"Re: [khushal910/MailSentry] fix: IPv4 & Localhost Dual-Probing, (PR #63)",vercel[bot] left a comment (khushal910/MailSentry#63) The latest updates on your projects. Learn more about Vercel for GitHub. Project Deployment Actions Updated (UTC) mail-sentry Ready Ready Preview,ham,2026-08-10T15:31:06+00:00
19fec4c7c20027eb,"Re: [khushal910/MailSentry] fix: IPv4 & Localhost Dual-Probing, (PR #63)","@Copilot commented on this pull request. Copilot was unable to review this pull request because the user who requested the review has reached their quota limit. — Reply to this email directly, view it",ham,2026-08-10T15:31:03+00:00
19fec4c738483de4,"Re: [khushal910/MailSentry] fix: IPv4 & Localhost Dual-Probing, (PR #63)","dagshub[bot] left a comment (khushal910/MailSentry#63) Join the discussion on DagsHub! — Reply to this email directly, view it on GitHub, or unsubscribe. Triage notifications, keep track of coding",ham,2026-08-10T15:31:00+00:00
19fec4a454337e2b,Your Profile is not visible to recruiters,Your Profile is not active yet. You will not be able to apply to jobs and recruiters will not be able to contact you. Add missing details in your profile and become visible to recruiters now! naukri.,ham,2026-08-10T15:28:30+00:00
19fec3ea99febcb0,Kimi K3 joined the jailbreak club,Welcome back! When Hugging Face investigated the agent that breached its… ͏ ͏ ͏ ͏ ͏ ͏ ͏ ͏ ͏ ͏ ͏ ͏ ͏ ͏ ͏ ͏ ͏ ͏ ͏ ͏ ͏ ͏ ͏ ͏ ͏ ͏ ͏ ͏ ͏ ͏ ͏ ͏ ͏ ͏ ͏ ͏ ͏ ͏ ͏ ͏ ͏ ͏ ͏ ͏ ͏ ͏ ͏ ͏ ͏ ͏ ͏ ͏ ͏ ͏ ͏ ͏ ͏ ͏ ͏ ͏ ͏ ͏ ͏ ͏,ham,2026-08-10T15:15:56+00:00
19fee7a02de10396,6 technical skills every data engineer should have | Vu Trinh in Data Engineer Things,Khushalsatani Stories for Khushalsatani @khushalsatani009·Become a member Medium daily digest Today&#39;s highlights Vu Trinh Vu TrinhinData Engineer Things 6 technical skills every data engineer,ham,2026-08-11T01:40:00+00:00
19fed5ede506ec3d,📚 Free Ebook - Automate Meetings Organize Meeting Tasks,"👋 Hi there, welcome to the AI Central ➡️ Sign up here to the free-forever… ͏ ͏ ͏ ͏ ͏ ͏ ͏ ͏ ͏ ͏ ͏ ͏ ͏ ͏ ͏ ͏ ͏ ͏ ͏ ͏ ͏ ͏ ͏ ͏ ͏ ͏ ͏ ͏ ͏ ͏ ͏ ͏ ͏ ͏ ͏ ͏ ͏ ͏ ͏ ͏ ͏ ͏ ͏ ͏ ͏ ͏ ͏ ͏ ͏ ͏ ͏ ͏ ͏ ͏ ͏ ͏ ͏ ͏ ͏ ͏ ͏ ͏ ͏",ham,2026-08-10T20:30:45+00:00
19fece6659c1305f,सभी कर्मचारियों को सलाह: 1. पहले घर बनाएं. चाहे वह ग्रामीण घर हो या शहरी घर। 50 की उम्र में घर बनाना कोई उपलब्धि नहीं है. सरकारी मकानों की आदत न डा...,सभी कर्मचारियों को सलाह: 1. पहले घर बनाएं. चाहे वह ग्रामीण घर हो या शहरी घर। 50 की उम्र में घर बनाना कोई उपलब्धि नहीं है. सरकारी मकानों की आदत न डालें. ये आराम बहुत खतरनाक है. अपने पूरे परिवार को अपने,ham,2026-08-10T18:19:08+00:00
19fecd512e1128ad,ARDEE INDUSTRIES LIMITED-IPO,"Dear Investor, Greetings!! This is with reference to the application made by you in the public issue of ARDEE INDUSTRIES LIMITED-IPO (&quot;Company&quot; or &quot;Issuer&quot;). Please find the",ham,2026-08-10T18:00:10+00:00
19fecaa7ceba6d2e,Is Your Shop Really Running at Capacity?,"This article was written by Joshua Zable, President, Chief Financial Officer… ͏ ͏ ͏ ͏ ͏ ͏ ͏ ͏ ͏ ͏ ͏ ͏ ͏ ͏ ͏ ͏ ͏ ͏ ͏ ͏ ͏ ͏ ͏ ͏ ͏ ͏ ͏ ͏ ͏ ͏ ͏ ͏ ͏ ͏ ͏ ͏ ͏ ͏ ͏ ͏ ͏ ͏ ͏ ͏ ͏ ͏ ͏ ͏ ͏ ͏ ͏ ͏ ͏ ͏ ͏ ͏ ͏ ͏ ͏ ͏ ͏ ͏",ham,2026-08-10T17:13:43+00:00
19feca26fb4ffb36,New ways to build safely on Lovable,"Trust centers for every published app, AIUC-1 certification, and connectors that bring your own data ͏ ͏ ͏ ͏ ͏ ͏ ͏ ͏ ͏ ͏ ͏ ͏ ͏ ͏ ͏ ͏ ͏ ͏ ͏ ͏ ͏ ͏ ͏ ͏ ͏ ͏ ͏ ͏ ͏ ͏ ͏ ͏ ͏ ͏ ͏ ͏ ͏ ͏ ͏ ͏ ͏ ͏ ͏ ͏ ͏ ͏ ͏ ͏ ͏ ͏",ham,2026-08-10T17:03:50+00:00
19fec80e97ebd3e6,"Russian crude oil imports at record high, Lloyd Metals profits up 165%, & more - Groww Digest",All you need to know about the day ‌ ‌ ‌ ‌ ‌ ‌ ‌ ‌ ‌ ‌ ‌ ‌ ‌ ‌ ‌ ‌ ‌ ‌ ‌ ‌ ‌ ‌ ‌ ‌ ‌ ‌ ‌ ‌ ‌ ‌ ‌ ‌ ‌ ‌ ‌ ‌ ‌ ‌ ‌ ‌ ‌ ‌ ‌ ‌ ‌ ‌ ‌ ‌ ‌ ‌ Groww Digest 10 August 2026 Sensex 78542.44 ▲ 0.06% Nifty 24583.80,ham,2026-08-10T16:28:17+00:00
19fec7b3d7ec85bc,Re: [khushal910/MailSentry] chore(deps-frontend)(deps-dev): bump vite from 8.0.16 to 8.2.1 in /frontend (PR #36),"dependabot[bot] left a comment (khushal910/MailSentry#36) OK, I won&#39;t notify you again about this release, but will get in touch when a new version is available. If you&#39;d rather skip all",ham,2026-08-10T16:22:06+00:00
19fec7b34e5e66c6,Re: [khushal910/MailSentry] chore(deps-frontend)(deps): bump @radix-ui/react-progress from 1.1.8 to 1.1.16 in /frontend (PR #37),"dependabot[bot] left a comment (khushal910/MailSentry#37) OK, I won&#39;t notify you again about this release, but will get in touch when a new version is available. If you&#39;d rather skip all",ham,2026-08-10T16:22:04+00:00
19fec7b297efd0d7,Re: [khushal910/MailSentry] chore(deps-frontend)(deps): bump react-dom and @types/react-dom in /frontend (PR #38),"dependabot[bot] left a comment (khushal910/MailSentry#38) OK, I won&#39;t notify you again about this release, but will get in touch when a new version is available. If you change your mind, just re-",ham,2026-08-10T16:22:01+00:00
19fec7b1bd880102,Re: [khushal910/MailSentry] chore(deps-frontend)(deps): bump @radix-ui/react-slot from 1.2.4 to 1.3.3 in /frontend (PR #39),"dependabot[bot] left a comment (khushal910/MailSentry#39) OK, I won&#39;t notify you again about this release, but will get in touch when a new version is available. If you&#39;d rather skip all",ham,2026-08-10T16:21:58+00:00
19fec7b0fd90705f,Re: [khushal910/MailSentry] chore(deps-frontend)(deps): bump react-day-picker from 9.14.0 to 10.0.1 in /frontend (PR #40),"dependabot[bot] left a comment (khushal910/MailSentry#40) OK, I won&#39;t notify you again about this release, but will get in touch when a new version is available. If you&#39;d rather skip all",ham,2026-08-10T16:21:55+00:00
19fec7b07a5392ed,Re: [khushal910/MailSentry] chore(deps-frontend)(deps): bump react-hook-form from 7.73.1 to 7.84.0 in /frontend (PR #41),"dependabot[bot] left a comment (khushal910/MailSentry#41) OK, I won&#39;t notify you again about this release, but will get in touch when a new version is available. If you&#39;d rather skip all",ham,2026-08-10T16:21:53+00:00
19fec7afdc6fc239,Re: [khushal910/MailSentry] chore(deps-frontend)(deps): bump @radix-ui/react-menubar from 1.1.16 to 1.1.24 in /frontend (PR #42),"dependabot[bot] left a comment (khushal910/MailSentry#42) OK, I won&#39;t notify you again about this release, but will get in touch when a new version is available. If you&#39;d rather skip all",ham,2026-08-10T16:21:50+00:00
19fec7af1b8eb7a1,Re: [khushal910/MailSentry] chore(deps-frontend)(deps): bump date-fns from 4.1.0 to 4.4.0 in /frontend (PR #43),"dependabot[bot] left a comment (khushal910/MailSentry#43) OK, I won&#39;t notify you again about this release, but will get in touch when a new version is available. If you&#39;d rather skip all",ham,2026-08-10T16:21:47+00:00
19fec7aed1bd5ecb,Re: [khushal910/MailSentry] chore(deps-frontend)(deps): bump @radix-ui/react-hover-card from 1.1.15 to 1.1.23 in /frontend (PR #44),"dependabot[bot] left a comment (khushal910/MailSentry#44) OK, I won&#39;t notify you again about this release, but will get in touch when a new version is available. If you&#39;d rather skip all",ham,2026-08-10T16:21:46+00:00
19fec7adcb89aaea,Re: [khushal910/MailSentry] chore(deps-frontend)(deps): bump @radix-ui/react-separator from 1.1.8 to 1.1.15 in /frontend (PR #45),"dependabot[bot] left a comment (khushal910/MailSentry#45) OK, I won&#39;t notify you again about this release, but will get in touch when a new version is available. If you&#39;d rather skip all",ham,2026-08-10T16:21:42+00:00
19fec7ad50b44873,Re: [khushal910/MailSentry] chore(deps-backend)(deps): bump cryptography from 48.0.1 to 50.0.0 in /backend (PR #46),"dependabot[bot] left a comment (khushal910/MailSentry#46) OK, I won&#39;t notify you again about this release, but will get in touch when a new version is available. If you&#39;d rather skip all",ham,2026-08-10T16:21:40+00:00
19fec7acd17be09f,Re: [khushal910/MailSentry] chore(deps-backend)(deps): bump uvicorn from 0.52.0 to 0.52.1 in /backend (PR #47),"dependabot[bot] left a comment (khushal910/MailSentry#47) OK, I won&#39;t notify you again about this release, but will get in touch when a new version is available. If you&#39;d rather skip all",ham,2026-08-10T16:21:38+00:00
19fec7ac0d1d6393,Re: [khushal910/MailSentry] chore(deps-backend)(deps): bump gunicorn from 21.2.0 to 26.0.0 in /backend (PR #48),"dependabot[bot] left a comment (khushal910/MailSentry#48) OK, I won&#39;t notify you again about this release, but will get in touch when a new version is available. If you&#39;d rather skip all",ham,2026-08-10T16:21:35+00:00
19fec7ab304c645c,Re: [khushal910/MailSentry] chore(deps-backend)(deps): bump google-auth-httplib2 from 0.4.0 to 0.4.1 in /backend (PR #49),"dependabot[bot] left a comment (khushal910/MailSentry#49) OK, I won&#39;t notify you again about this release, but will get in touch when a new version is available. If you&#39;d rather skip all",ham,2026-08-10T16:21:31+00:00
19fec7aad0a72034,Re: [khushal910/MailSentry] chore(deps-backend)(deps): update starlette requirement from >=0.27.0 to >=1.4.1 in /backend (PR #50),"dependabot[bot] left a comment (khushal910/MailSentry#50) OK, I won&#39;t notify you again about this release, but will get in touch when a new version is available. If you&#39;d rather skip all",ham,2026-08-10T16:21:30+00:00
19fec7a9ccfc2a88,Re: [khushal910/MailSentry] chore(deps-backend)(deps): bump uvloop from 0.19.0 to 0.22.1 in /backend (PR #51),"dependabot[bot] left a comment (khushal910/MailSentry#51) OK, I won&#39;t notify you again about this release, but will get in touch when a new version is available. If you&#39;d rather skip all",ham,2026-08-10T16:21:26+00:00
19fec7a9284e2596,Re: [khushal910/MailSentry] chore(deps-backend)(deps): bump google-genai from 1.2.0 to 2.17.0 in /backend (PR #52),"dependabot[bot] left a comment (khushal910/MailSentry#52) OK, I won&#39;t notify you again about this release, but will get in touch when a new version is available. If you&#39;d rather skip all",ham,2026-08-10T16:21:23+00:00
19fec7a8a09b3804,Re: [khushal910/MailSentry] chore(deps-backend)(deps): bump google-auth from 2.56.2 to 2.56.3 in /backend (PR #53),"dependabot[bot] left a comment (khushal910/MailSentry#53) OK, I won&#39;t notify you again about this release, but will get in touch when a new version is available. If you&#39;d rather skip all",ham,2026-08-10T16:21:21+00:00
19fec7a7c05b491e,Re: [khushal910/MailSentry] chore(deps-backend)(deps): bump bcrypt from 4.0.1 to 5.0.0 in /backend (PR #54),"dependabot[bot] left a comment (khushal910/MailSentry#54) OK, I won&#39;t notify you again about this release, but will get in touch when a new version is available. If you&#39;d rather skip all",ham,2026-08-10T16:21:17+00:00
19fec7a6e54dd656,Re: [khushal910/MailSentry] chore(deps-backend)(deps): bump google-auth-oauthlib from 1.0.0 to 1.4.0 in /backend (PR #55),"dependabot[bot] left a comment (khushal910/MailSentry#55) OK, I won&#39;t notify you again about this release, but will get in touch when a new version is available. If you&#39;d rather skip all",ham,2026-08-10T16:21:14+00:00
19fec7a682c18f57,Re: [khushal910/MailSentry] ci(github-actions): bump softprops/action-gh-release from 2 to 3 (PR #56),"dependabot[bot] left a comment (khushal910/MailSentry#56) OK, I won&#39;t notify you again about this release, but will get in touch when a new version is available. If you&#39;d rather skip all",ham,2026-08-10T16:21:12+00:00
19fec7a5fd819837,Re: [khushal910/MailSentry] ci(github-actions): bump actions/setup-node from 4 to 7 (PR #57),"dependabot[bot] left a comment (khushal910/MailSentry#57) OK, I won&#39;t notify you again about this release, but will get in touch when a new version is available. If you&#39;d rather skip all",ham,2026-08-10T16:21:09+00:00
19fec7a54caa5945,Re: [khushal910/MailSentry] ci(github-actions): bump actions/checkout from 4 to 7 (PR #58),"dependabot[bot] left a comment (khushal910/MailSentry#58) OK, I won&#39;t notify you again about this release, but will get in touch when a new version is available. If you&#39;d rather skip all",ham,2026-08-10T16:21:07+00:00
19fec799269e0c25,[GitHub] Sudo email verification code,"Please verify your identity, khushal910 Here is your GitHub sudo authentication code: 92836282 This code is valid for 15 minutes and can only be used once. Please don&#39;t share this code with anyone:",ham,2026-08-10T16:20:17+00:00
19fec742ca8cd0ef,Why is PHP still being used to create new websites? Why aren’t all new sites using mo...?,"First of all, PHP is a language and Django / Rails are frameworks. If we want to compare apples with apples, we should reword the question to something like: “Why is Laravel / Yii / Phalcon / [… Top",ham,2026-08-10T16:14:23+00:00
19fec735781ed2fb,"⚡ Weekly Recap: AI Goes Rogue, Metabase 0-Day, MCP Supply-Chain Attacks, and Router Backdoors",A lot of security problems still begin with someone doing a completely normal… ͏ ͏ ͏ ͏ ͏ ͏ ͏ ͏ ͏ ͏ ͏ ͏ ͏ ͏ ͏ ͏ ͏ ͏ ͏ ͏ ͏ ͏ ͏ ͏ ͏ ͏ ͏ ͏ ͏ ͏ ͏ ͏ ͏ ͏ ͏ ͏ ͏ ͏ ͏ ͏ ͏ ͏ ͏ ͏ ͏ ͏ ͏ ͏ ͏ ͏ ͏ ͏ ͏ ͏ ͏ ͏ ͏ ͏ ͏ ͏ ͏,ham,2026-08-10T16:13:28+00:00
19fec7053af16075,Re: [khushal910/MailSentry] ci(github-actions): bump actions/setup-python from 5 to 7 (PR #59),"dependabot[bot] left a comment (khushal910/MailSentry#59) OK, I won&#39;t notify you again about this release, but will get in touch when a new version is available. If you&#39;d rather skip all",ham,2026-08-10T16:10:11+00:00
19fec6e6d9577bb1,Re: [khushal910/MailSentry] ci(github-actions): bump astral-sh/setup-uv from 5 to 7 (PR #60),"dependabot[bot] left a comment (khushal910/MailSentry#60) OK, I won&#39;t notify you again about this release, but will get in touch when a new version is available. If you&#39;d rather skip all",ham,2026-08-10T16:08:07+00:00
19fec6742de321e6,Re: [khushal910/MailSentry] fix: Updated JobService.get_job() in backend/app/services/job_service… (PR #65),"@Copilot commented on this pull request. Copilot was unable to review this pull request because the user who requested the review has reached their quota limit. — Reply to this email directly, view it",ham,2026-08-10T16:00:16+00:00
19fec6505296990c,Bad news isn’t the only news,"Sometimes when I tell people I&#39;m optimistic about the future, they look at me… ͏ ͏ ͏ ͏ ͏ ͏ ͏ ͏ ͏ ͏ ͏ ͏ ͏ ͏ ͏ ͏ ͏ ͏ ͏ ͏ ͏ ͏ ͏ ͏ ͏ ͏ ͏ ͏ ͏ ͏ ͏ ͏ ͏ ͏ ͏ ͏ ͏ ͏ ͏ ͏ ͏ ͏ ͏ ͏ ͏ ͏ ͏ ͏ ͏ ͏ ͏ ͏ ͏ ͏ ͏ ͏ ͏ ͏ ͏",ham,2026-08-10T15:57:51+00:00
19fec63c7ea46a5e,Re: [khushal910/MailSentry] fix: Updated JobService.get_job() in backend/app/services/job_service… (PR #65),coderabbitai[bot] left a comment (khushal910/MailSentry#65) Important Review skipped Draft detected. Please check the settings in the CodeRabbit UI or the .coderabbit.yaml file in this repository. To,ham,2026-08-10T15:56:29+00:00
19fec63beba84cfc,Re: [khushal910/MailSentry] fix: Updated JobService.get_job() in backend/app/services/job_service… (PR #65),vercel[bot] left a comment (khushal910/MailSentry#65) The latest updates on your projects. Learn more about Vercel for GitHub. Project Deployment Actions Updated (UTC) mail-sentry Ready Ready Preview,ham,2026-08-10T15:56:27+00:00
19fec63ba04d0a40,Re: [khushal910/MailSentry] fix: Updated JobService.get_job() in backend/app/services/job_service… (PR #65),"dagshub[bot] left a comment (khushal910/MailSentry#65) Join the discussion on DagsHub! — Reply to this email directly, view it on GitHub, or unsubscribe. Triage notifications, keep track of coding",ham,2026-08-10T15:56:26+00:00
19ff048aa829a7b5,Re: [khushal910/MailSentry] Optimization (PR #66),"@Copilot commented on this pull request. Copilot was unable to review this pull request because the user who requested the review has reached their quota limit. — Reply to this email directly, view it",ham,2026-08-11T10:05:21+00:00
19ff044ed1434687,Don't get locked out of your account,Add a recovery email in just a few clicks ͏ ‌ ﻿ ͏ ‌ ﻿ ͏ ‌ ﻿ ͏ ‌ ﻿ ͏ ‌ ﻿ ͏ ‌ ﻿ ͏ ‌ ﻿ ͏ ‌ ﻿ ͏ ‌ ﻿ ͏ ‌ ﻿ ͏ ‌ ﻿ ͏ ‌ ﻿ ͏ ‌ ﻿ ͏ ‌ ﻿ ͏ ‌ ﻿ ͏ ‌ ﻿ ͏ ‌ ﻿ ͏ ‌ ﻿ ͏ ‌ ﻿ ͏ ‌ ﻿ ͏ ‌ ﻿ ͏ ‌ ﻿ ͏ ‌ ﻿ ͏ ‌ ﻿ ͏ ‌ ﻿ ͏ ‌ ﻿ ͏ ‌,ham,2026-08-11T10:01:16+00:00
19ff0449fc26dacc,[khushal910/MailSentry] PR run failed: MailSentry Continuous Integration (CI) - Optimization (decdc2b),[khushal910/MailSentry] MailSentry Continuous Integration (CI) workflow run MailSentry Continuous Integration (CI): Some jobs were not successful View workflow run Status Job Annotations MailSentry,ham,2026-08-11T10:00:55+00:00
19ff0421f79adc74,Re: [khushal910/MailSentry] Optimization (PR #66),vercel[bot] left a comment (khushal910/MailSentry#66) The latest updates on your projects. Learn more about Vercel for GitHub. Project Deployment Actions Updated (UTC) mail-sentry Ready Ready Preview,ham,2026-08-11T09:58:12+00:00
19ff0421d09c9ad9,Re: [khushal910/MailSentry] Optimization (PR #66),coderabbitai[bot] left a comment (khushal910/MailSentry#66) Important Review skipped Draft detected. Please check the settings in the CodeRabbit UI or the .coderabbit.yaml file in this repository. To,ham,2026-08-11T09:58:12+00:00
19ff04215c8a348c,Re: [khushal910/MailSentry] Optimization (PR #66),"dagshub[bot] left a comment (khushal910/MailSentry#66) Join the discussion on DagsHub! — Reply to this email directly, view it on GitHub, or unsubscribe. Triage notifications, keep track of coding",ham,2026-08-11T09:58:10+00:00
19fefda6e098c30b,Don’t miss conversations in IT Professionals 🟥 Agile Lean Scrum | DevOps | Cloud | SaaS | Security | Big Data | GenAI | ChatGPT,View recommended posts from IT Professionals 🟥 Agile Lean Scrum | DevOps | Cloud | SaaS | Security | Big Data | GenAI | ChatGPT ͏ ͏ ͏ ͏ ͏ ͏ ͏ ͏ ͏ ͏ ͏ ͏ ͏ ͏ ͏ ͏ ͏ ͏ ͏ ͏ ͏ ͏ ͏ ͏ ͏ ͏ ͏ ͏ ͏ ͏ ͏ ͏ ͏ ͏ ͏ ͏ ͏,ham,2026-08-11T08:04:57+00:00
19fefba8425b606b,Make the switch to smarter water purification.,Find the right water purifier from ₹1790 with No Cost EMI and instant bank offers. Vijay Sales Grand Electronics Sale Air Fryers Mixers &amp; Grinders Offer Follow us on: Online Order Assistance:,ham,2026-08-11T07:30:05+00:00
19fef82f78f21677,IPOs open to apply!,Stay updated with all IPO details ‌ ‌ ‌ ‌ ‌ ‌ ‌ ‌ ‌ ‌ ‌ ‌ ‌ ‌ ‌ ‌ ‌ ‌ ‌ ‌ ‌ ‌ ‌ ‌ ‌ ‌ ‌ ‌ ‌ ‌ ‌ ‌ ‌ ‌ ‌ ‌ ‌ ‌ ‌ ‌ ‌ ‌ ‌ ‌ ‌ ‌ ‌ ‌ ‌ ‌ IPOs open to apply Dhoot Transmission It is a company that makes,ham,2026-08-11T06:29:24+00:00
19fef154527b6d61,RRB SECTION CONTROLLER OFFICIAL SCORECARD ✨✨  score - 92.66 out of 100 normalised coul...,RRB SECTION CONTROLLER OFFICIAL SCORECARD ✨✨ score - 92.66 out of 100 normalised couldn&#39;t qualify…even after 98 percentile.. reason was a very low number of vacancies so eventually cutoff is… Top,ham,2026-08-11T04:29:35+00:00
19feed6a37408146,Machine Learning (AI) Engineer (Hybrid) at Hire Feed,Hire Feed Machine Learning (AI) Engineer (Hybrid): Role: Machine Learning (AI) Engineer… ͏ ͏ ͏ ͏ ͏ ͏ ͏ ͏ ͏ ͏ ͏ ͏ ͏ ͏ ͏ ͏ ͏ ͏ ͏ ͏ ͏ ͏ ͏ ͏ ͏ ͏ ͏ ͏ ͏ ͏ ͏ ͏ ͏ ͏ ͏ ͏ ͏ ͏ ͏ ͏ ͏ ͏ ͏ ͏ ͏ ͏ ͏ ͏ ͏ ͏ ͏ ͏ ͏ ͏ ͏ ͏,ham,2026-08-11T03:21:11+00:00
19feed0f7fa2769d,khushal — Nifty: Can 24585 hold this open?,"⇆ ~1 pts · line in the sand: 24585 · 80% hit rate · the 60-second read before 9:15. ‌ ‌ ‌ ‌ ‌ ‌ ‌ ‌ ‌ ‌ α THE BRIEF 80% HIT RATE Today&#39;s pre-market call ⇆ ~1 pts TWO-WAY, FLAT OPEN Hi khushal, The",ham,2026-08-11T03:14:59+00:00
19feea744de2b4b1,New Ai Ml Engineer jobs in Bengaluru matching your search - Salary up to Rs 2.5L per month,"+ Other matching jobs for you, Apply Now ! naukri.com Get App 👉 LIMITED JOB OPPORTUNITIES — APPLY NOW ! AI/ML Engineer Focally 2.5 Bengaluru(Abbigere) Not disclosed Apply AI / ML &amp; Agentic AI",ham,2026-08-11T02:29:15+00:00
19ff0bfe33c69e2a,Re: [khushal910/MailSentry] fix(ml-service): default to CPU PyTorch index and --no-cache-dir to p… (PR #70),"coderabbitai[bot] left a comment (khushal910/MailSentry#70) Warning Review limit reached @khushal910 , you&#39;ve reached your PR review limit, so we couldn&#39;t start this review. Next review",ham,2026-08-11T12:15:34+00:00
19ff0bfdf87e7fdb,Re: [khushal910/MailSentry] fix(ml-service): default to CPU PyTorch index and --no-cache-dir to p… (PR #70),vercel[bot] left a comment (khushal910/MailSentry#70) The latest updates on your projects. Learn more about Vercel for GitHub. Project Deployment Actions Updated (UTC) mail-sentry Building Building,ham,2026-08-11T12:15:33+00:00
19ff0bfccf1aea5b,Re: [khushal910/MailSentry] fix(ml-service): default to CPU PyTorch index and --no-cache-dir to p… (PR #70),"@Copilot commented on this pull request. Copilot was unable to review this pull request because the user who requested the review has reached their quota limit. — Reply to this email directly, view it",ham,2026-08-11T12:15:29+00:00
19ff0bfcb4d85a26,Re: [khushal910/MailSentry] fix(ml-service): default to CPU PyTorch index and --no-cache-dir to p… (PR #70),"dagshub[bot] left a comment (khushal910/MailSentry#70) Join the discussion on DagsHub! — Reply to this email directly, view it on GitHub, or unsubscribe. Triage notifications, keep track of coding",ham,2026-08-11T12:15:28+00:00
19ff0bbe4002b9bb,Introducing Axis Bank’s Wire Transfer Services on Internet Banking,"Now live with faster, smarter wire transfers at your fingertips Can&#39;t see this email properly? View the web version | View this message in your mobile Launching a seamless way to receive",ham,2026-08-11T07:52:39+00:00
19ff0bac7911a3ce,build failed for MailSentry-1,Render We encountered an error during the build process for MailSentry-1. This means your build didn&#39;t complete successfully and your latest changes may not be live. Reason: &quot;Exited with,ham,2026-08-11T12:09:59+00:00
19ff0b97ff53e618,build failed for MailSentry-1,Render We encountered an error during the build process for MailSentry-1. This means your build didn&#39;t complete successfully and your latest changes may not be live. Reason: &quot;Exited with,ham,2026-08-11T12:08:34+00:00
19ff0b41fcb750c3,[khushal910/MailSentry] PR run failed: MailSentry Continuous Integration (CI) - fix: implemented comprehensive performance optimizations across MailS… (e5ed6db),[khushal910/MailSentry] MailSentry Continuous Integration (CI) workflow run MailSentry Continuous Integration (CI): Some jobs were not successful View workflow run Status Job Annotations MailSentry,ham,2026-08-11T12:02:43+00:00
19ff0ae73192365f,build failed for MailSentry-1,Render We encountered an error during the build process for MailSentry-1. This means your build didn&#39;t complete successfully and your latest changes may not be live. Reason: &quot;Exited with,ham,2026-08-11T11:56:31+00:00
19ff0a3813646b99,[khushal910/MailSentry] PR run failed: MailSentry Continuous Integration (CI) - fix: implemented comprehensive performance optimizations across MailS… (608ad1a),[khushal910/MailSentry] MailSentry Continuous Integration (CI) workflow run MailSentry Continuous Integration (CI): Some jobs were not successful View workflow run Status Job Annotations MailSentry,ham,2026-08-11T11:44:33+00:00
19ff0a28a96c8e4e,Re: [khushal910/MailSentry] fix: implemented comprehensive performance optimizations across MailS… (PR #69),vercel[bot] left a comment (khushal910/MailSentry#69) The latest updates on your projects. Learn more about Vercel for GitHub. Project Deployment Actions Updated (UTC) mail-sentry Ready Ready Preview,ham,2026-08-11T11:43:31+00:00
19ff09d1f90b917d,Re: [khushal910/MailSentry] fix: implemented comprehensive performance optimizations across MailS… (PR #69),"coderabbitai[bot] left a comment (khushal910/MailSentry#69) Warning Review limit reached @khushal910 , you&#39;ve reached your PR review limit, so we couldn&#39;t start this review. Next review",ham,2026-08-11T11:37:36+00:00
19ff09d06435985f,Re: [khushal910/MailSentry] fix: implemented comprehensive performance optimizations across MailS… (PR #69),"@Copilot commented on this pull request. Copilot was unable to review this pull request because the user who requested the review has reached their quota limit. — Reply to this email directly, view it",ham,2026-08-11T11:37:30+00:00
19ff09d00dbc68c9,Re: [khushal910/MailSentry] fix: implemented comprehensive performance optimizations across MailS… (PR #69),"dagshub[bot] left a comment (khushal910/MailSentry#69) Join the discussion on DagsHub! — Reply to this email directly, view it on GitHub, or unsubscribe. Triage notifications, keep track of coding",ham,2026-08-11T11:37:28+00:00
19ff08d141bdaf88,Re: [khushal910/MailSentry] fix: implemented comprehensive performance optimizations across MailS… (PR #68),"coderabbitai[bot] left a comment (khushal910/MailSentry#68) Review Change Stack Note Currently processing new changes in this PR. This may take a few minutes, please wait... ⚙️ Run configuration",ham,2026-08-11T11:20:05+00:00
19ff08d05d1c47d3,Re: [khushal910/MailSentry] fix: implemented comprehensive performance optimizations across MailS… (PR #68),vercel[bot] left a comment (khushal910/MailSentry#68) The latest updates on your projects. Learn more about Vercel for GitHub. Project Deployment Actions Updated (UTC) mail-sentry Ready Ready Preview,ham,2026-08-11T11:20:01+00:00
19ff08d02391762f,Re: [khushal910/MailSentry] fix: implemented comprehensive performance optimizations across MailS… (PR #68),"@Copilot commented on this pull request. Copilot was unable to review this pull request because the user who requested the review has reached their quota limit. — Reply to this email directly, view it",ham,2026-08-11T11:20:01+00:00
19ff08cff74c1412,Re: [khushal910/MailSentry] fix: implemented comprehensive performance optimizations across MailS… (PR #68),"dagshub[bot] left a comment (khushal910/MailSentry#68) Join the discussion on DagsHub! — Reply to this email directly, view it on GitHub, or unsubscribe. Triage notifications, keep track of coding",ham,2026-08-11T11:19:59+00:00
19ff089bc76b68ce,"Just like cricket, consistency in your investments is a winning strategy.",,ham,2026-08-11T11:16:22+00:00
19ff07b8dd3295ed,Celebrating a special year at a special place ✨,"Hello there, 👋 It&#39;s an exciting time around here at Zoho! This past month, we… ͏ ͏ ͏ ͏ ͏ ͏ ͏ ͏ ͏ ͏ ͏ ͏ ͏ ͏ ͏ ͏ ͏ ͏ ͏ ͏ ͏ ͏ ͏ ͏ ͏ ͏ ͏ ͏ ͏ ͏ ͏ ͏ ͏ ͏ ͏ ͏ ͏ ͏ ͏ ͏ ͏ ͏ ͏ ͏ ͏ ͏ ͏ ͏ ͏ ͏ ͏ ͏ ͏ ͏ ͏ ͏ ͏ ͏ ͏",ham,2026-08-11T11:00:56+00:00
19ff06e89a322bae,Re: [khushal910/MailSentry] fixed: the issue causing pending status and disappearing items in pro… (PR #67),"coderabbitai[bot] left a comment (khushal910/MailSentry#67) Warning Review limit reached @khushal910 , you&#39;ve reached your PR review limit, so we couldn&#39;t start this review. Next review",ham,2026-08-11T10:46:43+00:00
19ff06e7f6b687be,Re: [khushal910/MailSentry] fixed: the issue causing pending status and disappearing items in pro… (PR #67),vercel[bot] left a comment (khushal910/MailSentry#67) The latest updates on your projects. Learn more about Vercel for GitHub. Project Deployment Actions Updated (UTC) mail-sentry Building Building,ham,2026-08-11T10:46:41+00:00
19ff06e7d8e05bf8,Re: [khushal910/MailSentry] fixed: the issue causing pending status and disappearing items in pro… (PR #67),"@Copilot commented on this pull request. Copilot was unable to review this pull request because the user who requested the review has reached their quota limit. — Reply to this email directly, view it",ham,2026-08-11T10:46:40+00:00
19ff06e703db0ca0,Re: [khushal910/MailSentry] fixed: the issue causing pending status and disappearing items in pro… (PR #67),"dagshub[bot] left a comment (khushal910/MailSentry#67) Join the discussion on DagsHub! — Reply to this email directly, view it on GitHub, or unsubscribe. Triage notifications, keep track of coding",ham,2026-08-11T10:46:37+00:00
19ff15b143358bbc,MongoDB’s community is moving to Reddit,"Join r/MongoDB_Official for MongoDB Q&amp;A, updates, and community discussions. Introducing r/MongoDB_Official We&#39;re launching r/MongoDB_Official, MongoDB&#39;s new home for our community on",ham,2026-08-11T15:05:05+00:00
19ff1418aca9ea95,Re: [khushal910/MailSentry] Fix (PR #72),coderabbitai[bot] left a comment (khushal910/MailSentry#72) Review Change Stack ℹ️ Recent review info ⚙️ Run configuration Configuration used: defaults Review profile: CHILL Plan: Free Run ID: fcc7b2c3,ham,2026-08-11T14:37:12+00:00
19ff13f3067eac05,Re: [khushal910/MailSentry] Fix (PR #72),"@Copilot commented on this pull request. Copilot was unable to review this pull request because the user who requested the review has reached their quota limit. — Reply to this email directly, view it",ham,2026-08-11T14:34:38+00:00
19ff13f290d83227,Re: [khushal910/MailSentry] Fix (PR #72),"dagshub[bot] left a comment (khushal910/MailSentry#72) Join the discussion on DagsHub! — Reply to this email directly, view it on GitHub, or unsubscribe. Triage notifications, keep track of coding",ham,2026-08-11T14:34:35+00:00
19ff13f28b956b13,Re: [khushal910/MailSentry] Fix (PR #72),vercel[bot] left a comment (khushal910/MailSentry#72) The latest updates on your projects. Learn more about Vercel for GitHub. Project Deployment Actions Updated (UTC) mail-sentry Ready Ready Preview,ham,2026-08-11T14:34:35+00:00
19ff0dfc71074b30,Re: [khushal910/MailSentry] fix: Fix Auto-Classifier Loading Animation in Production (PR #71),"coderabbitai[bot] left a comment (khushal910/MailSentry#71) Note Currently processing new changes in this PR. This may take a few minutes, please wait... ⚙️ Run configuration Configuration used:",ham,2026-08-11T12:50:24+00:00
19ff0dfba8d4ca5f,Re: [khushal910/MailSentry] fix: Fix Auto-Classifier Loading Animation in Production (PR #71),"@Copilot commented on this pull request. Copilot was unable to review this pull request because the user who requested the review has reached their quota limit. — Reply to this email directly, view it",ham,2026-08-11T12:50:21+00:00
19ff0dfaff60d616,Re: [khushal910/MailSentry] fix: Fix Auto-Classifier Loading Animation in Production (PR #71),"dagshub[bot] left a comment (khushal910/MailSentry#71) Join the discussion on DagsHub! — Reply to this email directly, view it on GitHub, or unsubscribe. Triage notifications, keep track of coding",ham,2026-08-11T12:50:18+00:00
19ff0dfaf4e13501,Re: [khushal910/MailSentry] fix: Fix Auto-Classifier Loading Animation in Production (PR #71),vercel[bot] left a comment (khushal910/MailSentry#71) The latest updates on your projects. Learn more about Vercel for GitHub. Project Deployment Actions Updated (UTC) mail-sentry Ready Ready Preview,ham,2026-08-11T12:50:18+00:00
19ff1826f1601eef,09,"hjb s f nm kj ,mds lk ejn lnsa",ham,2026-08-11T15:48:04+00:00
19ff191472ffc065,🤖 Meta Unveils Muse Glimmer + OpenAI Tackles Cyber Threats + Nvidia Redefines AI Chips,"Plus: DeepMind&#39;s hurricane breakthrough, OpenAI acquires presentation startup Nextslide, AWS Continuum boosts AI security, and agent skills for automated reasoning in Amazon Bedrock ‌ ‌ ‌ ‌ ‌ ‌ ‌ ‌",ham,2026-08-11T16:04:17+00:00
19fe9fc1624acc3d,Re: [khushal910/MailSentry] chore(deps-backend)(deps): bump uvloop from 0.19.0 to 0.22.1 in /backend (PR #51),"@dependabot[bot] requested your review on: khushal910/MailSentry#51 chore(deps-backend)(deps): bump uvloop from 0.19.0 to 0.22.1 in /backend as a code owner. — Reply to this email directly, view it on",ham,2026-08-10T04:43:59+00:00
19fe9fc10c1f03ca,Re: [khushal910/MailSentry] chore(deps-backend)(deps): update starlette requirement from >=0.27.0 to >=1.4.1 in /backend (PR #50),"dagshub[bot] left a comment (khushal910/MailSentry#50) Join the discussion on DagsHub! — Reply to this email directly, view it on GitHub, or unsubscribe. Triage notifications, keep track of coding",ham,2026-08-10T04:43:58+00:00
19fe9fc0a3df1843,Re: [khushal910/MailSentry] chore(deps-backend)(deps): update starlette requirement from >=0.27.0 to >=1.4.1 in /backend (PR #50),@dependabot[bot] requested your review on: khushal910/MailSentry#50 chore(deps-backend)(deps): update starlette requirement from &amp;gt;=0.27.0 to &amp;gt;=1.4.1 in /backend as a code owner. — Reply,ham,2026-08-10T04:43:56+00:00
19fe9fc08ffdc9ed,[khushal910/MailSentry] chore(deps-backend)(deps): update starlette requirement from >=0.27.0 to >=1.4.1 in /backend (PR #50),Updates the requirements on starlette to permit the latest version. Release notes Sourced from starlette&#39;s releases. Version 1.4.1 What&#39;s Changed Default thread_minimum_size in GZipResponder by,ham,2026-08-10T04:43:56+00:00
19fe9fc0303d21d1,Re: [khushal910/MailSentry] chore(deps-backend)(deps): bump google-auth-httplib2 from 0.4.0 to 0.4.1 in /backend (PR #49),vercel[bot] left a comment (khushal910/MailSentry#49) The latest updates on your projects. Learn more about Vercel for GitHub. Project Deployment Actions Updated (UTC) mail-sentry Building Building,ham,2026-08-10T04:43:54+00:00
19fe9fc01648246f,Re: [khushal910/MailSentry] chore(deps-backend)(deps): bump google-auth-httplib2 from 0.4.0 to 0.4.1 in /backend (PR #49),"dagshub[bot] left a comment (khushal910/MailSentry#49) Join the discussion on DagsHub! — Reply to this email directly, view it on GitHub, or unsubscribe. Triage notifications, keep track of coding",ham,2026-08-10T04:43:54+00:00
19fe9fbf96e306b6,[khushal910/MailSentry] chore(deps-backend)(deps): bump google-auth-httplib2 from 0.4.0 to 0.4.1 in /backend (PR #49),Bumps google-auth-httplib2 from 0.4.0 to 0.4.1. Commits 905bfe3 chore: release main (#17832) ad8f93c fix(api-core): use truthiness check in setup_request_id to support proto-plus... 06dd2c0 chore: bump,ham,2026-08-10T04:43:52+00:00
19fe9fbf281d5fa4,Re: [khushal910/MailSentry] chore(deps-backend)(deps): bump google-auth-httplib2 from 0.4.0 to 0.4.1 in /backend (PR #49),"@dependabot[bot] requested your review on: khushal910/MailSentry#49 chore(deps-backend)(deps): bump google-auth-httplib2 from 0.4.0 to 0.4.1 in /backend as a code owner. — Reply to this email directly,",ham,2026-08-10T04:43:50+00:00
19fe9fbcceacbd22,Re: [khushal910/MailSentry] chore(deps-backend)(deps): bump gunicorn from 21.2.0 to 26.0.0 in /backend (PR #48),"coderabbitai[bot] left a comment (khushal910/MailSentry#48) Important Review skipped Bot user detected. To trigger a single review, invoke the @coderabbitai review command. ⚙️ Run configuration",ham,2026-08-10T04:43:40+00:00
19fe9fbb686cb36c,Re: [khushal910/MailSentry] chore(deps-backend)(deps): bump uvicorn from 0.52.0 to 0.52.1 in /backend (PR #47),"coderabbitai[bot] left a comment (khushal910/MailSentry#47) Important Review skipped Bot user detected. To trigger a single review, invoke the @coderabbitai review command. ⚙️ Run configuration",ham,2026-08-10T04:43:35+00:00
19fe9fbb0a5fd675,Re: [khushal910/MailSentry] chore(deps-backend)(deps): bump gunicorn from 21.2.0 to 26.0.0 in /backend (PR #48),vercel[bot] left a comment (khushal910/MailSentry#48) The latest updates on your projects. Learn more about Vercel for GitHub. Project Deployment Actions Updated (UTC) mail-sentry Building Building,ham,2026-08-10T04:43:33+00:00
19fe9fbacd2334d1,Re: [khushal910/MailSentry] chore(deps-backend)(deps): bump gunicorn from 21.2.0 to 26.0.0 in /backend (PR #48),"dagshub[bot] left a comment (khushal910/MailSentry#48) Join the discussion on DagsHub! — Reply to this email directly, view it on GitHub, or unsubscribe. Triage notifications, keep track of coding",ham,2026-08-10T04:43:32+00:00
19fe9fba50d943cf,Re: [khushal910/MailSentry] chore(deps-backend)(deps): bump cryptography from 48.0.1 to 50.0.0 in /backend (PR #46),"coderabbitai[bot] left a comment (khushal910/MailSentry#46) Important Review skipped Bot user detected. To trigger a single review, invoke the @coderabbitai review command. ⚙️ Run configuration",ham,2026-08-10T04:43:30+00:00
19fe9fba2a19da25,Re: [khushal910/MailSentry] chore(deps-backend)(deps): bump uvicorn from 0.52.0 to 0.52.1 in /backend (PR #47),vercel[bot] left a comment (khushal910/MailSentry#47) The latest updates on your projects. Learn more about Vercel for GitHub. Project Deployment Actions Updated (UTC) mail-sentry Building Building,ham,2026-08-10T04:43:30+00:00
19fe9fba257aa98f,Re: [khushal910/MailSentry] chore(deps-backend)(deps): bump gunicorn from 21.2.0 to 26.0.0 in /backend (PR #48),"@dependabot[bot] requested your review on: khushal910/MailSentry#48 chore(deps-backend)(deps): bump gunicorn from 21.2.0 to 26.0.0 in /backend as a code owner. — Reply to this email directly, view it",ham,2026-08-10T04:43:29+00:00
19fe9fba0cac467d,[khushal910/MailSentry] chore(deps-backend)(deps): bump gunicorn from 21.2.0 to 26.0.0 in /backend (PR #48),Bumps gunicorn from 21.2.0 to 26.0.0. Release notes Sourced from gunicorn&#39;s releases. 26.0.0 Breaking Changes Eventlet worker removed: The eventlet worker class has been dropped. Migrate to gevent,ham,2026-08-10T04:43:29+00:00
19fe9fb9ebc4c7bf,Re: [khushal910/MailSentry] chore(deps-backend)(deps): bump uvicorn from 0.52.0 to 0.52.1 in /backend (PR #47),"dagshub[bot] left a comment (khushal910/MailSentry#47) Join the discussion on DagsHub! — Reply to this email directly, view it on GitHub, or unsubscribe. Triage notifications, keep track of coding",ham,2026-08-10T04:43:28+00:00
19fe9fb9508d8505,Re: [khushal910/MailSentry] chore(deps-backend)(deps): bump uvicorn from 0.52.0 to 0.52.1 in /backend (PR #47),"@dependabot[bot] requested your review on: khushal910/MailSentry#47 chore(deps-backend)(deps): bump uvicorn from 0.52.0 to 0.52.1 in /backend as a code owner. — Reply to this email directly, view it on",ham,2026-08-10T04:43:26+00:00
19fe9fb921eaab4b,[khushal910/MailSentry] chore(deps-backend)(deps): bump uvicorn from 0.52.0 to 0.52.1 in /backend (PR #47),Bumps uvicorn from 0.52.0 to 0.52.1. Release notes Sourced from uvicorn&#39;s releases. Version 0.52.1 Fixed Complete the closing handshake on server-initiated WebSocket closes in the websockets-sansio,ham,2026-08-10T04:43:26+00:00
19fe9fb911b5efb8,Re: [khushal910/MailSentry] chore(deps-backend)(deps): bump cryptography from 48.0.1 to 50.0.0 in /backend (PR #46),"dagshub[bot] left a comment (khushal910/MailSentry#46) Join the discussion on DagsHub! — Reply to this email directly, view it on GitHub, or unsubscribe. Triage notifications, keep track of coding",ham,2026-08-10T04:43:25+00:00
19fe9fb9089e8736,Re: [khushal910/MailSentry] chore(deps-backend)(deps): bump cryptography from 48.0.1 to 50.0.0 in /backend (PR #46),vercel[bot] left a comment (khushal910/MailSentry#46) The latest updates on your projects. Learn more about Vercel for GitHub. Project Deployment Actions Updated (UTC) mail-sentry Ready Ready Preview,ham,2026-08-10T04:43:25+00:00
19fe9fb860011171,[khushal910/MailSentry] chore(deps-backend)(deps): bump cryptography from 48.0.1 to 50.0.0 in /backend (PR #46),Bumps cryptography from 48.0.1 to 50.0.0. Changelog Sourced from cryptography&#39;s changelog. 50.0.0 - 2026-07-31 * **SECURITY ISSUE**: :func:`~cryptography.hazmat.primitives.serialization.pkcs7.,ham,2026-08-10T04:43:23+00:00
19fe9fb8153e6f6f,Re: [khushal910/MailSentry] chore(deps-backend)(deps): bump cryptography from 48.0.1 to 50.0.0 in /backend (PR #46),"@dependabot[bot] requested your review on: khushal910/MailSentry#46 chore(deps-backend)(deps): bump cryptography from 48.0.1 to 50.0.0 in /backend as a code owner. — Reply to this email directly, view",ham,2026-08-10T04:43:21+00:00
19fe9f18e51e9391,Re: [khushal910/MailSentry] chore(deps-frontend)(deps): bump @radix-ui/react-separator from 1.1.8 to 1.1.15 in /frontend (PR #45),"coderabbitai[bot] left a comment (khushal910/MailSentry#45) Important Review skipped Bot user detected. To trigger a single review, invoke the @coderabbitai review command. ⚙️ Run configuration",ham,2026-08-10T04:32:29+00:00
19fe9f1769a75ccc,Re: [khushal910/MailSentry] chore(deps-frontend)(deps): bump @radix-ui/react-separator from 1.1.8 to 1.1.15 in /frontend (PR #45),vercel[bot] left a comment (khushal910/MailSentry#45) The latest updates on your projects. Learn more about Vercel for GitHub. Project Deployment Actions Updated (UTC) mail-sentry Building Building,ham,2026-08-10T04:32:23+00:00
19fe9f17505b1722,Re: [khushal910/MailSentry] chore(deps-frontend)(deps): bump @radix-ui/react-separator from 1.1.8 to 1.1.15 in /frontend (PR #45),"dagshub[bot] left a comment (khushal910/MailSentry#45) Join the discussion on DagsHub! — Reply to this email directly, view it on GitHub, or unsubscribe. Triage notifications, keep track of coding",ham,2026-08-10T04:32:23+00:00
19fe9f16e9b1d33a,Re: [khushal910/MailSentry] chore(deps-frontend)(deps): bump @radix-ui/react-hover-card from 1.1.15 to 1.1.23 in /frontend (PR #44),"coderabbitai[bot] left a comment (khushal910/MailSentry#44) Important Review skipped Bot user detected. To trigger a single review, invoke the @coderabbitai review command. ⚙️ Run configuration",ham,2026-08-10T04:32:21+00:00
19fe9f16d1415414,[khushal910/MailSentry] chore(deps-frontend)(deps): bump @radix-ui/react-separator from 1.1.8 to 1.1.15 in /frontend (PR #45),Bumps @radix-ui/react-separator from 1.1.8 to 1.1.15. Changelog Sourced from @​radix-ui/react-separator&#39;s changelog. 1.1.15 Reverted breaking changes that caused compatibility issues with React,ham,2026-08-10T04:32:20+00:00
19fe9f16857d0b84,Re: [khushal910/MailSentry] chore(deps-frontend)(deps): bump @radix-ui/react-separator from 1.1.8 to 1.1.15 in /frontend (PR #45),@dependabot[bot] requested your review on: khushal910/MailSentry#45 chore(deps-frontend)(deps): bump @radix-ui/react-separator from 1.1.8 to 1.1.15 in /frontend as a code owner. — Reply to this email,ham,2026-08-10T04:32:20+00:00
19fe9f16207fe247,Re: [khushal910/MailSentry] chore(deps-frontend)(deps): bump @radix-ui/react-hover-card from 1.1.15 to 1.1.23 in /frontend (PR #44),vercel[bot] left a comment (khushal910/MailSentry#44) The latest updates on your projects. Learn more about Vercel for GitHub. Project Deployment Actions Updated (UTC) mail-sentry Building Building,ham,2026-08-10T04:32:18+00:00
19fe9f15b8bd5422,Re: [khushal910/MailSentry] chore(deps-frontend)(deps): bump @radix-ui/react-hover-card from 1.1.15 to 1.1.23 in /frontend (PR #44),"dagshub[bot] left a comment (khushal910/MailSentry#44) Join the discussion on DagsHub! — Reply to this email directly, view it on GitHub, or unsubscribe. Triage notifications, keep track of coding",ham,2026-08-10T04:32:16+00:00
19fe9f1515a2c83e,Re: [khushal910/MailSentry] chore(deps-frontend)(deps): bump @radix-ui/react-hover-card from 1.1.15 to 1.1.23 in /frontend (PR #44),@dependabot[bot] requested your review on: khushal910/MailSentry#44 chore(deps-frontend)(deps): bump @radix-ui/react-hover-card from 1.1.15 to 1.1.23 in /frontend as a code owner. — Reply to this email,ham,2026-08-10T04:32:13+00:00
19fe9f14f879bc2e,Re: [khushal910/MailSentry] chore(deps-frontend)(deps): bump date-fns from 4.1.0 to 4.4.0 in /frontend (PR #43),"coderabbitai[bot] left a comment (khushal910/MailSentry#43) Important Review skipped Bot user detected. To trigger a single review, invoke the @coderabbitai review command. ⚙️ Run configuration",ham,2026-08-10T04:32:13+00:00
19fe9f14eee7cc4e,[khushal910/MailSentry] chore(deps-frontend)(deps): bump @radix-ui/react-hover-card from 1.1.15 to 1.1.23 in /frontend (PR #44),Bumps @radix-ui/react-hover-card from 1.1.15 to 1.1.23. Changelog Sourced from @​radix-ui/react-hover-card&#39;s changelog. 1.1.23 Reverted breaking changes that caused compatibility issues with React,ham,2026-08-10T04:32:13+00:00
19fe9f13dc182bfe,Re: [khushal910/MailSentry] chore(deps-frontend)(deps): bump date-fns from 4.1.0 to 4.4.0 in /frontend (PR #43),vercel[bot] left a comment (khushal910/MailSentry#43) The latest updates on your projects. Learn more about Vercel for GitHub. Project Deployment Actions Updated (UTC) mail-sentry Building Building,ham,2026-08-10T04:32:08+00:00
19fe9f136953f8cd,Re: [khushal910/MailSentry] chore(deps-frontend)(deps): bump date-fns from 4.1.0 to 4.4.0 in /frontend (PR #43),"dagshub[bot] left a comment (khushal910/MailSentry#43) Join the discussion on DagsHub! — Reply to this email directly, view it on GitHub, or unsubscribe. Triage notifications, keep track of coding",ham,2026-08-10T04:32:07+00:00
19fe9f1356bc27ba,Re: [khushal910/MailSentry] chore(deps-frontend)(deps): bump @radix-ui/react-menubar from 1.1.16 to 1.1.24 in /frontend (PR #42),"coderabbitai[bot] left a comment (khushal910/MailSentry#42) Important Review skipped Bot user detected. To trigger a single review, invoke the @coderabbitai review command. ⚙️ Run configuration",ham,2026-08-10T04:32:06+00:00
19fe9f129ca6bcd1,Re: [khushal910/MailSentry] chore(deps-frontend)(deps): bump date-fns from 4.1.0 to 4.4.0 in /frontend (PR #43),"@dependabot[bot] requested your review on: khushal910/MailSentry#43 chore(deps-frontend)(deps): bump date-fns from 4.1.0 to 4.4.0 in /frontend as a code owner. — Reply to this email directly, view it",ham,2026-08-10T04:32:03+00:00
19fe9f1289816aee,[khushal910/MailSentry] chore(deps-frontend)(deps): bump date-fns from 4.1.0 to 4.4.0 in /frontend (PR #43),"Bumps date-fns from 4.1.0 to 4.4.0. Release notes Sourced from date-fns&#39;s releases. v4.4.0 This release revisits the approach to CDN usage and introduces a new package, @date-fns/cdn and deprecates",ham,2026-08-10T04:32:03+00:00
19fe9f1224a27f59,Re: [khushal910/MailSentry] chore(deps-frontend)(deps): bump @radix-ui/react-menubar from 1.1.16 to 1.1.24 in /frontend (PR #42),vercel[bot] left a comment (khushal910/MailSentry#42) The latest updates on your projects. Learn more about Vercel for GitHub. Project Deployment Actions Updated (UTC) mail-sentry Building Building,ham,2026-08-10T04:32:02+00:00
19fe9f11ecc5d44c,Re: [khushal910/MailSentry] chore(deps-frontend)(deps): bump @radix-ui/react-menubar from 1.1.16 to 1.1.24 in /frontend (PR #42),"dagshub[bot] left a comment (khushal910/MailSentry#42) Join the discussion on DagsHub! — Reply to this email directly, view it on GitHub, or unsubscribe. Triage notifications, keep track of coding",ham,2026-08-10T04:32:01+00:00
19fe9f115652cc5e,[khushal910/MailSentry] chore(deps-frontend)(deps): bump @radix-ui/react-menubar from 1.1.16 to 1.1.24 in /frontend (PR #42),Bumps @radix-ui/react-menubar from 1.1.16 to 1.1.24. Changelog Sourced from @​radix-ui/react-menubar&#39;s changelog. 1.1.24 Reverted breaking changes that caused compatibility issues with React Server,ham,2026-08-10T04:31:58+00:00
19fe9f11415b1732,Re: [khushal910/MailSentry] chore(deps-frontend)(deps): bump @radix-ui/react-menubar from 1.1.16 to 1.1.24 in /frontend (PR #42),@dependabot[bot] requested your review on: khushal910/MailSentry#42 chore(deps-frontend)(deps): bump @radix-ui/react-menubar from 1.1.16 to 1.1.24 in /frontend as a code owner. — Reply to this email,ham,2026-08-10T04:31:58+00:00
19fe9f0fc86cf81c,Re: [khushal910/MailSentry] chore(deps-frontend)(deps): bump react-hook-form from 7.73.1 to 7.84.0 in /frontend (PR #41),"coderabbitai[bot] left a comment (khushal910/MailSentry#41) Important Review skipped Bot user detected. To trigger a single review, invoke the @coderabbitai review command. ⚙️ Run configuration",ham,2026-08-10T04:31:51+00:00
19fe9f0e17a4d653,Re: [khushal910/MailSentry] chore(deps-frontend)(deps): bump react-hook-form from 7.73.1 to 7.84.0 in /frontend (PR #41),vercel[bot] left a comment (khushal910/MailSentry#41) The latest updates on your projects. Learn more about Vercel for GitHub. Project Deployment Actions Updated (UTC) mail-sentry Building Building,ham,2026-08-10T04:31:45+00:00
19fe9f0d746d7238,Re: [khushal910/MailSentry] chore(deps-frontend)(deps): bump react-hook-form from 7.73.1 to 7.84.0 in /frontend (PR #41),"dagshub[bot] left a comment (khushal910/MailSentry#41) Join the discussion on DagsHub! — Reply to this email directly, view it on GitHub, or unsubscribe. Triage notifications, keep track of coding",ham,2026-08-10T04:31:42+00:00
19fe9f0d522a6318,Re: [khushal910/MailSentry] chore(deps-frontend)(deps): bump react-day-picker from 9.14.0 to 10.0.1 in /frontend (PR #40),"coderabbitai[bot] left a comment (khushal910/MailSentry#40) Important Review skipped Bot user detected. To trigger a single review, invoke the @coderabbitai review command. ⚙️ Run configuration",ham,2026-08-10T04:31:42+00:00
19fe9f0cfc9fa335,Re: [khushal910/MailSentry] chore(deps-frontend)(deps): bump react-hook-form from 7.73.1 to 7.84.0 in /frontend (PR #41),"@dependabot[bot] requested your review on: khushal910/MailSentry#41 chore(deps-frontend)(deps): bump react-hook-form from 7.73.1 to 7.84.0 in /frontend as a code owner. — Reply to this email directly,",ham,2026-08-10T04:31:40+00:00
19fe9f0cc9439135,[khushal910/MailSentry] chore(deps-frontend)(deps): bump react-hook-form from 7.73.1 to 7.84.0 in /frontend (PR #41),Bumps react-hook-form from 7.73.1 to 7.84.0. Release notes Sourced from react-hook-form&#39;s releases. Version 7.84.0 ✨ Improvements enhance &lt;Form /&gt; submit behavior (#13605) improve performance,ham,2026-08-10T04:31:40+00:00
19fe9f0bb9ffe88d,Re: [khushal910/MailSentry] chore(deps-frontend)(deps): bump react-day-picker from 9.14.0 to 10.0.1 in /frontend (PR #40),"dagshub[bot] left a comment (khushal910/MailSentry#40) Join the discussion on DagsHub! — Reply to this email directly, view it on GitHub, or unsubscribe. Triage notifications, keep track of coding",ham,2026-08-10T04:31:35+00:00
19fe9f0b8bd63f3e,Re: [khushal910/MailSentry] chore(deps-frontend)(deps): bump react-day-picker from 9.14.0 to 10.0.1 in /frontend (PR #40),vercel[bot] left a comment (khushal910/MailSentry#40) The latest updates on your projects. Learn more about Vercel for GitHub. Project Deployment Actions Updated (UTC) mail-sentry Building Building,ham,2026-08-10T04:31:34+00:00
19fe9f0b7a84d90d,Re: [khushal910/MailSentry] chore(deps-frontend)(deps): bump @radix-ui/react-slot from 1.2.4 to 1.3.3 in /frontend (PR #39),"coderabbitai[bot] left a comment (khushal910/MailSentry#39) Important Review skipped Bot user detected. To trigger a single review, invoke the @coderabbitai review command. ⚙️ Run configuration",ham,2026-08-10T04:31:34+00:00
19fe9f0b1df07b2c,[khushal910/MailSentry] chore(deps-frontend)(deps): bump react-day-picker from 9.14.0 to 10.0.1 in /frontend (PR #40),Bumps react-day-picker from 9.14.0 to 10.0.1. Release notes Sourced from react-day-picker&#39;s releases. v10.0.1 What&#39;s Changed fix: apply inline styles to all component slots by @​gpbl in gpbl/,ham,2026-08-10T04:31:32+00:00
19fe9f0afc384a61,Re: [khushal910/MailSentry] chore(deps-frontend)(deps): bump react-day-picker from 9.14.0 to 10.0.1 in /frontend (PR #40),"@dependabot[bot] requested your review on: khushal910/MailSentry#40 chore(deps-frontend)(deps): bump react-day-picker from 9.14.0 to 10.0.1 in /frontend as a code owner. — Reply to this email directly,",ham,2026-08-10T04:31:32+00:00
19fe9f0a74da596a,Re: [khushal910/MailSentry] chore(deps-frontend)(deps): bump @radix-ui/react-slot from 1.2.4 to 1.3.3 in /frontend (PR #39),vercel[bot] left a comment (khushal910/MailSentry#39) The latest updates on your projects. Learn more about Vercel for GitHub. Project Deployment Actions Updated (UTC) mail-sentry Building Building,ham,2026-08-10T04:31:29+00:00
19fe9f0a3d1d5da8,Re: [khushal910/MailSentry] chore(deps-frontend)(deps): bump @radix-ui/react-slot from 1.2.4 to 1.3.3 in /frontend (PR #39),"dagshub[bot] left a comment (khushal910/MailSentry#39) Join the discussion on DagsHub! — Reply to this email directly, view it on GitHub, or unsubscribe. Triage notifications, keep track of coding",ham,2026-08-10T04:31:29+00:00
19fe9f0a399ba2d4,Re: [khushal910/MailSentry] chore(deps-frontend)(deps): bump react-dom and @types/react-dom in /frontend (PR #38),"coderabbitai[bot] left a comment (khushal910/MailSentry#38) Important Review skipped Bot user detected. To trigger a single review, invoke the @coderabbitai review command. ⚙️ Run configuration",ham,2026-08-10T04:31:29+00:00
19fe9f094e687df7,Re: [khushal910/MailSentry] chore(deps-frontend)(deps): bump @radix-ui/react-slot from 1.2.4 to 1.3.3 in /frontend (PR #39),@dependabot[bot] requested your review on: khushal910/MailSentry#39 chore(deps-frontend)(deps): bump @radix-ui/react-slot from 1.2.4 to 1.3.3 in /frontend as a code owner. — Reply to this email,ham,2026-08-10T04:31:25+00:00
19fe9f09214cdfe4,[khushal910/MailSentry] chore(deps-frontend)(deps): bump @radix-ui/react-slot from 1.2.4 to 1.3.3 in /frontend (PR #39),"Bumps @radix-ui/react-slot from 1.2.4 to 1.3.3. Changelog Sourced from @​radix-ui/react-slot&#39;s changelog. 1.3.2, 1.3.3 Reverted breaking changes that caused compatibility issues with React Server",ham,2026-08-10T04:31:25+00:00
19fe9f08f0177df5,Re: [khushal910/MailSentry] chore(deps-frontend)(deps): bump react-dom and @types/react-dom in /frontend (PR #38),vercel[bot] left a comment (khushal910/MailSentry#38) The latest updates on your projects. Learn more about Vercel for GitHub. Project Deployment Actions Updated (UTC) mail-sentry Building Building,ham,2026-08-10T04:31:23+00:00
19fe9f08b2ebc515,Re: [khushal910/MailSentry] chore(deps-frontend)(deps): bump react-dom and @types/react-dom in /frontend (PR #38),"dagshub[bot] left a comment (khushal910/MailSentry#38) Join the discussion on DagsHub! — Reply to this email directly, view it on GitHub, or unsubscribe. Triage notifications, keep track of coding",ham,2026-08-10T04:31:23+00:00
19ff19f351b0ae3b,"My boyfriend died this Sunday (11/11/24), he promised me he will reach safely to home ...","My boyfriend died this Sunday (11/11/24), he promised me he will reach safely to home and he told me to sleep, once I open my eyes in the morning he is no more….. he met with accident….he was … Top",ham,2026-08-11T16:19:29+00:00
19fe9f0806e1351b,Re: [khushal910/MailSentry] chore(deps-frontend)(deps): bump react-dom and @types/react-dom in /frontend (PR #38),"@dependabot[bot] requested your review on: khushal910/MailSentry#38 chore(deps-frontend)(deps): bump react-dom and @types/react-dom in /frontend as a code owner. — Reply to this email directly, view it",ham,2026-08-10T04:31:20+00:00
19fe9f07eb134ba6,[khushal910/MailSentry] chore(deps-frontend)(deps): bump react-dom and @types/react-dom in /frontend (PR #38),"Bumps react-dom and @types/react-dom. These dependencies needed to be updated together. Updates react-dom from 19.2.5 to 19.2.8 Release notes Sourced from react-dom&#39;s releases. 19.2.8 (July 21st,",ham,2026-08-10T04:31:20+00:00
19fe9f05b9b64937,Re: [khushal910/MailSentry] chore(deps-frontend)(deps): bump @radix-ui/react-progress from 1.1.8 to 1.1.16 in /frontend (PR #37),"coderabbitai[bot] left a comment (khushal910/MailSentry#37) Important Review skipped Bot user detected. To trigger a single review, invoke the @coderabbitai review command. ⚙️ Run configuration",ham,2026-08-10T04:31:10+00:00
19fe9f05432c02d5,Re: [khushal910/MailSentry] chore(deps-frontend)(deps): bump @radix-ui/react-progress from 1.1.8 to 1.1.16 in /frontend (PR #37),vercel[bot] left a comment (khushal910/MailSentry#37) The latest updates on your projects. Learn more about Vercel for GitHub. Project Deployment Actions Updated (UTC) mail-sentry Building Building,ham,2026-08-10T04:31:09+00:00
19fe9f042f2e7bf5,Re: [khushal910/MailSentry] chore(deps-frontend)(deps-dev): bump vite from 8.0.16 to 8.2.1 in /frontend (PR #36),"coderabbitai[bot] left a comment (khushal910/MailSentry#36) Important Review skipped Bot user detected. To trigger a single review, invoke the @coderabbitai review command. ⚙️ Run configuration",ham,2026-08-10T04:31:04+00:00
19fe9f03dd6b594c,Re: [khushal910/MailSentry] chore(deps-frontend)(deps): bump @radix-ui/react-progress from 1.1.8 to 1.1.16 in /frontend (PR #37),@dependabot[bot] requested your review on: khushal910/MailSentry#37 chore(deps-frontend)(deps): bump @radix-ui/react-progress from 1.1.8 to 1.1.16 in /frontend as a code owner. — Reply to this email,ham,2026-08-10T04:31:03+00:00
19fe9f0397c25502,[khushal910/MailSentry] chore(deps-frontend)(deps): bump @radix-ui/react-progress from 1.1.8 to 1.1.16 in /frontend (PR #37),Bumps @radix-ui/react-progress from 1.1.8 to 1.1.16. Changelog Sourced from @​radix-ui/react-progress&#39;s changelog. 1.1.16 Reverted breaking changes that caused compatibility issues with React,ham,2026-08-10T04:31:02+00:00
19fe9f0228144790,Re: [khushal910/MailSentry] chore(deps-frontend)(deps-dev): bump vite from 8.0.16 to 8.2.1 in /frontend (PR #36),vercel[bot] left a comment (khushal910/MailSentry#36) The latest updates on your projects. Learn more about Vercel for GitHub. Project Deployment Actions Updated (UTC) mail-sentry Building Building,ham,2026-08-10T04:30:56+00:00
19fe9f01f265b2b9,Re: [khushal910/MailSentry] chore(deps-frontend)(deps-dev): bump vite from 8.0.16 to 8.2.1 in /frontend (PR #36),"dagshub[bot] left a comment (khushal910/MailSentry#36) Join the discussion on DagsHub! — Reply to this email directly, view it on GitHub, or unsubscribe. Triage notifications, keep track of coding",ham,2026-08-10T04:30:55+00:00
19fe9f014af4cf38,Re: [khushal910/MailSentry] chore(deps-frontend)(deps-dev): bump vite from 8.0.16 to 8.2.1 in /frontend (PR #36),"@dependabot[bot] requested your review on: khushal910/MailSentry#36 chore(deps-frontend)(deps-dev): bump vite from 8.0.16 to 8.2.1 in /frontend as a code owner. — Reply to this email directly, view it",ham,2026-08-10T04:30:53+00:00
19fe9f0142327ebf,[khushal910/MailSentry] chore(deps-frontend)(deps-dev): bump vite from 8.0.16 to 8.2.1 in /frontend (PR #36),Bumps vite from 8.0.16 to 8.2.1. Release notes Sourced from vite&#39;s releases. plugin-legacy@8.2.1 Please refer to CHANGELOG.md for details. v8.2.1 Please refer to CHANGELOG.md for details. create-,ham,2026-08-10T04:30:52+00:00
19fe9beb5f95a585,Your MailSentry password reset code,🛡️ MailSentry Secure Email Protection Password Reset Verification We received a request to reset your password. Use the 6-digit code below to verify your request. This code will expire in 10 minutes.,ham,2026-08-10T03:36:57+00:00
19fe9b9fb3e4d7d2,Re: [khushal910/MailSentry] fix: fix the loading animation in auto classification page (PR #35),"coderabbitai[bot] left a comment (khushal910/MailSentry#35) Review Change Stack Warning Review limit reached @khushal910 , you&#39;ve reached your PR review limit, so we couldn&#39;t start this review.",ham,2026-08-10T03:31:47+00:00
19fe9b9f4a0794bf,Re: [khushal910/MailSentry] fix: fix the loading animation in auto classification page (PR #35),"dagshub[bot] left a comment (khushal910/MailSentry#35) Join the discussion on DagsHub! — Reply to this email directly, view it on GitHub, or unsubscribe. Triage notifications, keep track of coding",ham,2026-08-10T03:31:45+00:00
19fe9b9e8022c0c2,Re: [khushal910/MailSentry] fix: fix the loading animation in auto classification page (PR #35),vercel[bot] left a comment (khushal910/MailSentry#35) The latest updates on your projects. Learn more about Vercel for GitHub. Project Deployment Actions Updated (UTC) mail-sentry Ready Ready Preview,ham,2026-08-10T03:31:42+00:00
19fe9b9e05f301af,Re: [khushal910/MailSentry] fix: fix the loading animation in auto classification page (PR #35),"@Copilot commented on this pull request. Copilot was unable to review this pull request because the user who requested the review has reached their quota limit. — Reply to this email directly, view it",ham,2026-08-10T03:31:40+00:00
19fe9b03eb04b08e,Machine Learning Engineer at Adit,Adit Machine Learning Engineer: Job Title: AI Engineer (AI Automation) Location:… ͏ ͏ ͏ ͏ ͏ ͏ ͏ ͏ ͏ ͏ ͏ ͏ ͏ ͏ ͏ ͏ ͏ ͏ ͏ ͏ ͏ ͏ ͏ ͏ ͏ ͏ ͏ ͏ ͏ ͏ ͏ ͏ ͏ ͏ ͏ ͏ ͏ ͏ ͏ ͏ ͏ ͏ ͏ ͏ ͏ ͏ ͏ ͏ ͏ ͏ ͏ ͏ ͏ ͏ ͏ ͏ ͏ ͏ ͏ ͏,ham,2026-08-10T03:21:09+00:00
19fdcb2098a7c898,AXIS BANK : Statement for August 2026,"Dear MR KHUSHAL JITESHBHAI SATANI, We would like to thank you for opting for E-Statements and helping us in our endeavour to be more environment friendly. Our E-statements now come to you in a better,",ham,2026-08-07T14:48:01+00:00
19fda3c0604c524d,Beneficiary removed from your savings account,"‌ ‌ ‌ ‌ ‌ ‌ ‌ ‌ ‌ ‌ ‌ ‌ ‌ ‌ ‌ ‌ ‌ ‌ ‌ ‌ ‌ ‌ ‌ ‌ ‌ ‌ ‌ ‌ ‌ ‌ ‌ ‌ ‌ ‌ ‌ ‌ ‌ ‌ ‌ ‌ ‌ ‌ ‌ ‌ ‌ ‌ ‌ ‌ ‌ ‌ ‌ ‌ ‌ ‌ ‌ ‌ ‌ ‌ ‌ ‌ ‌ ‌ ‌ ‌ ‌ ‌ ‌ ‌ ‌ ‌ ‌ ‌ ‌ ‌ ‌ ‌ ‌ ‌ Hi KHUSHAL JITESHBHAI, SATANI JAY JITESHBHAI",spam,2026-08-07T03:19:54+00:00
19fda3bbf6e92762,Beneficiary added to your savings account,"‌ ‌ ‌ ‌ ‌ ‌ ‌ ‌ ‌ ‌ ‌ ‌ ‌ ‌ ‌ ‌ ‌ ‌ ‌ ‌ ‌ ‌ ‌ ‌ ‌ ‌ ‌ ‌ ‌ ‌ ‌ ‌ ‌ ‌ ‌ ‌ ‌ ‌ ‌ ‌ ‌ ‌ ‌ ‌ ‌ ‌ ‌ ‌ ‌ ‌ ‌ ‌ ‌ ‌ ‌ ‌ ‌ ‌ ‌ ‌ ‌ ‌ ‌ ‌ ‌ ‌ ‌ ‌ ‌ ‌ ‌ ‌ ‌ ‌ ‌ ‌ ‌ ‌ Hi KHUSHAL JITESHBHAI, PALKUMAR GIRISHBHAI",spam,2026-08-07T03:19:35+00:00
19fd83223f66de48,AI shouldn’t sit beside the work,"See how Agent-Native changes that with Clips, live on August 18. ͏ ͏ ͏ ͏ ͏ ͏ ͏ ͏ ͏ ͏ ͏ ͏ ͏ ͏ ͏ ͏ ͏ ͏ ͏ ͏ ͏ ͏ ͏ ͏ ͏ ͏ ͏ ͏ ͏ ͏ ͏ ͏ ͏ ͏ ͏ ͏ ͏ ͏ ͏ ͏ ͏ ͏ ͏ ͏ ͏ ͏ ͏ ͏ ͏ ͏ ͏ ͏ ͏ ͏ ͏ ͏ ͏ ͏ ͏ ͏ ͏ ͏ ͏ ͏ ͏ ͏ ͏ ͏",spam,2026-08-06T17:49:44+00:00
19fd793cbd9dbe1e,Now request a chequebook from the comfort of your home!,"Can&#39;t see this email properly? View the web version | View this message in your mobile Order your cheque book the smarter way via our digital channels Dear Customer, Why step out when your cheque",ham,2026-08-06T08:29:19+00:00
19fd790a64cc4f88,Learn how to build complex AI agents,Drive business impact with agentic AI. ‌ ‌ ‌ ‌ ‌ ‌ ‌ ‌ ‌ ‌ ‌ ‌ ‌ ‌ ‌ ‌ ‌ ‌ ‌ ‌ ‌ ‌ ‌ ‌ ‌ ‌ ‌ ‌ ‌ ‌ ‌ ‌ ‌ ‌ ‌ ‌ ‌ ‌ ‌ ‌ ‌ ‌ ‌ ‌ ‌ ‌ ‌ ‌ ‌ ‌ ‌ ‌ ‌ ‌ ‌ ‌ ‌ ‌ ‌ ‌ ‌ ‌ ‌ ‌ ‌ ‌ ‌ ‌ ‌ ‌ ‌ ‌ ‌ ‌ ‌ ‌ ‌ ‌ ‌ ‌ ‌,ham,2026-08-06T14:49:01+00:00
19fd762e90350852,🚨Why Candlesticks Aren't Telling You the Full Story,Andrea Cimitan explains why professionals look beyond candlesticks. ͏ ͏ ͏ ͏ ͏ ͏ ͏ ͏ ͏ ͏ ͏ ͏ ͏ ͏ ͏ ͏ ͏ ͏ ͏ ͏ ͏ ͏ ͏ ͏ ͏ ͏ ͏ ͏ ͏ ͏ ͏ ͏ ͏ ͏ ͏ ͏ ͏ ͏ ͏ ͏ ͏ ͏ ͏ ͏ ͏ ͏ ͏ ͏ ͏ ͏ ͏ ͏ ͏ ͏ ͏ ͏ ͏ ͏ ͏ ͏ ͏ ͏ ͏ ͏ ͏ ͏ ͏,ham,2026-08-06T14:03:29+00:00
19fd73ef7f191954,DeepSeek API Billing Adjustment Announcement,"Dear DeepSeek API user, We plan to raise the overall pricing for DeepSeek API services in the near future, with a significant increase expected. Please plan your usage accordingly. The specific pricing",ham,2026-08-06T13:24:05+00:00
19fd701e54da84b3,Harness vs Loop vs Graph engineering; Your Transformation Has Too Many KPIs!,AI Agents Need More Than a Good Model Most teams still talk about AI agents as… ͏ ͏ ͏ ͏ ͏ ͏ ͏ ͏ ͏ ͏ ͏ ͏ ͏ ͏ ͏ ͏ ͏ ͏ ͏ ͏ ͏ ͏ ͏ ͏ ͏ ͏ ͏ ͏ ͏ ͏ ͏ ͏ ͏ ͏ ͏ ͏ ͏ ͏ ͏ ͏ ͏ ͏ ͏ ͏ ͏ ͏ ͏ ͏ ͏ ͏ ͏ ͏ ͏ ͏ ͏ ͏ ͏ ͏ ͏ ͏ ͏,ham,2026-08-06T12:17:33+00:00
19fd6fc3c194a3a0,[GitHub] Sudo email verification code,"Please verify your identity, khushal910 Here is your GitHub sudo authentication code: 38210974 This code is valid for 15 minutes and can only be used once. Please don&#39;t share this code with anyone:",ham,2026-08-06T12:11:22+00:00
19fd6f1e97366106,Think beyond fries.,"Bake, roast, grill and reheat effortlessly with Air Fryers starting from ₹2949*. Vijay Sales Monsoon Offers Microwaves Kettles Offer Follow us on: Online Order Assistance: onlinesupport@vijaysales.com",ham,2026-08-06T12:00:05+00:00
19fd6d33f05f9b9f,Your MongoDB Atlas M0 cluster will be automatically paused in 7 days,"ORGANIZATION khushal&#39;s Org - 2025-08-04 PROJECT Vehicle-Mlops Hi khushal, Your M0 free tier cluster, Cluster0, has been inactive since 2026/07/14. MongoDB Atlas will automatically pause this",ham,2026-08-06T11:26:35+00:00
19fd6ce4575d7c2b,"Mansi accepted your invitation, explore their network","See Mansi Vora&#39;s connections, experience, and more ͏ ͏ ͏ ͏ ͏ ͏ ͏ ͏ ͏ ͏ ͏ ͏ ͏ ͏ ͏ ͏ ͏ ͏ ͏ ͏ ͏ ͏ ͏ ͏ ͏ ͏ ͏ ͏ ͏ ͏ ͏ ͏ ͏ ͏ ͏ ͏ ͏ ͏ ͏ ͏ ͏ ͏ ͏ ͏ ͏ ͏ ͏ ͏ ͏ ͏ ͏ ͏ ͏ ͏ ͏ ͏ ͏ ͏ ͏ ͏ ͏ ͏ ͏ ͏ ͏ ͏ ͏ ͏ ͏ ͏ ͏ ͏ ͏",ham,2026-08-06T11:21:08+00:00
19fd6aaee2956244,Hdhdh,Free free free,ham,2026-08-06T10:42:34+00:00
19fd678eab99edd5,Ardee Industries IPO is live,Check complete details of the IPO ‌ ‌ ‌ ‌ ‌ ‌ ‌ ‌ ‌ ‌ ‌ ‌ ‌ ‌ ‌ ‌ ‌ ‌ ‌ ‌ ‌ ‌ ‌ ‌ ‌ ‌ ‌ ‌ ‌ ‌ ‌ ‌ ‌ ‌ ‌ ‌ ‌ ‌ ‌ ‌ ‌ ‌ ‌ ‌ ‌ ‌ ‌ ‌ ‌ ‌ New IPO open to apply: Ardee Industries Bidding period: 5 Aug - 7,ham,2026-08-06T09:47:55+00:00
19fd66ac5fa020ef,[GitHub] Sudo email verification code,"Please verify your identity, khushal910 Here is your GitHub sudo authentication code: 73159885 This code is valid for 15 minutes and can only be used once. Please don&#39;t share this code with anyone:",ham,2026-08-06T09:32:28+00:00
19fd6114fabb3aea,Live Bootcamp | Build an Enterprise AI Agent with OpenAI Agents SDK,"Edureka Friday Night Plans - FREE AI Bootcamp Hello khushal, Ready to make your Friday night count? Skip the usual routine and spend two hours building real-world tech skills. Join our live, hands-on",ham,2026-08-06T07:53:04+00:00
19fd516ce99916bb,AI/ML Engineer (Remote) at Hire Feed,Hire Feed AI/ML Engineer (Remote): Role: AI/ML Engineer (Remote)Location: Remote… ͏ ͏ ͏ ͏ ͏ ͏ ͏ ͏ ͏ ͏ ͏ ͏ ͏ ͏ ͏ ͏ ͏ ͏ ͏ ͏ ͏ ͏ ͏ ͏ ͏ ͏ ͏ ͏ ͏ ͏ ͏ ͏ ͏ ͏ ͏ ͏ ͏ ͏ ͏ ͏ ͏ ͏ ͏ ͏ ͏ ͏ ͏ ͏ ͏ ͏ ͏ ͏ ͏ ͏ ͏ ͏ ͏ ͏ ͏ ͏,ham,2026-08-06T03:21:09+00:00
19fd51101cbb2af9,khushal — Nifty above 24700? Watch 15 min,▲ ~61 pts · line in the sand: 24700 · 80% hit rate · the 60-second read before 9:15. ‌ ‌ ‌ ‌ ‌ ‌ ‌ ‌ ‌ ‌ α THE BRIEF 80% HIT RATE Today&#39;s pre-market call ▲ ~61 pts LEANING GREEN AT THE OPEN Hi,ham,2026-08-06T03:14:48+00:00
19fd4e954839ea44,You didn't go to film school to rename files.,That&#39;s what Frame.io Labs is for. ﻿͏ ﻿͏ ﻿͏ ﻿͏ ﻿͏ ﻿͏ ﻿͏ ﻿͏ ﻿͏ ﻿͏ ﻿͏ ﻿͏ ﻿͏ ﻿͏ ﻿͏ ﻿͏ ﻿͏ ﻿͏ ﻿͏ ﻿͏ ﻿͏ ﻿͏ ﻿͏ ﻿͏ ﻿͏ ﻿͏ ﻿͏ ﻿͏ ﻿͏ ﻿͏ ﻿͏ ﻿͏ ﻿͏ ﻿͏ ﻿͏ ﻿͏ ﻿͏ ﻿͏ ﻿͏ ﻿͏ ﻿͏ ﻿͏ ﻿͏ ﻿͏ ﻿͏ ﻿͏ ﻿͏ ﻿͏ ﻿͏ ﻿͏ ﻿͏ ﻿͏ ﻿͏ ﻿͏ ﻿,ham,2026-08-06T02:31:27+00:00
19fd4ba3b2024cd7,Why Customers are Rejecting Microsoft Fabric | Greg Deckler,Khushalsatani Stories for Khushalsatani @khushalsatani009·Become a member Medium daily digest Today&#39;s highlights Greg Deckler Greg Deckler Why Customers are Rejecting Microsoft Fabric Why Customers,ham,2026-08-06T01:40:00+00:00
19fd43ef68bc021e,New Ai Ml Engineer jobs in Bengaluru matching your search - Salary up to Rs 1.2L per month,"+ Other matching jobs for you, Apply Now ! naukri.com Get App 👉 FEW POSITIONS LEFT — APPLY FAST ! AI ML Engineer Deservely Hyderabad Not disclosed Apply AI / ML Engineer Accenture 3.7 Bengaluru Not",ham,2026-08-05T23:25:21+00:00
19fd436b219e2273,Funds / Securities Balance,"Dear Investor, With reference to BSE notices 20210922-64 dated September 22, 2021 and 20211022-44 dated October 22, 2021, Stock Brokers are required to upload segregation and monitoring of collateral",ham,2026-08-05T23:16:21+00:00
19fd3fed4c9c6cf6,Explore the power of AI with Gemini Enterprise Agent Platform,Enterprise-ready generative AI. ‍͏ ͏ ‍͏ ͏ ‍͏ ͏ ‍͏ ͏ ‍͏ ͏ ‍͏ ͏ ‍͏ ͏ ‍͏ ͏ ‍͏ ͏ ‍͏ ͏ ‍͏ ͏ ‍͏ ͏ ‍͏ ͏ ‍͏ ͏ ‍͏ ͏ ‍͏ ͏ ‍͏ ͏ ‍͏ ͏ ‍͏ ͏ ‍͏ ͏ ‍͏ ͏ ‍͏ ͏ ‍͏ ͏ ‍͏ ͏ ‍͏ ͏ ‍͏ ͏ ‍͏ ͏ ‍͏ ͏ ‍͏ ͏ ‍͏ ͏ ‍͏ ͏ ‍͏ ͏ ‍͏ ͏ ‍͏ ͏,ham,2026-08-05T22:15:20+00:00
19fd39ef187b6a6c,Three questions about your AI input diet,"👋 Hi there, welcome to the AI Central ➡️ Sign up here to the free-forever… ͏ ͏ ͏ ͏ ͏ ͏ ͏ ͏ ͏ ͏ ͏ ͏ ͏ ͏ ͏ ͏ ͏ ͏ ͏ ͏ ͏ ͏ ͏ ͏ ͏ ͏ ͏ ͏ ͏ ͏ ͏ ͏ ͏ ͏ ͏ ͏ ͏ ͏ ͏ ͏ ͏ ͏ ͏ ͏ ͏ ͏ ͏ ͏ ͏ ͏ ͏ ͏ ͏ ͏ ͏ ͏ ͏ ͏ ͏ ͏ ͏ ͏ ͏",ham,2026-08-05T20:30:34+00:00
19fd341faf633f07,⚡ New in Render: Do more with your coding agent,"Give your agent OAuth, new skills and abilities, expanded CLI support, and more. ͏ ͏ ͏ ͏ ͏ ͏ ͏ ͏ ͏ ͏ ͏ ͏ ͏ ͏ ͏ ͏ ͏ ͏ ͏ ͏ ͏ ͏ ͏ ͏ ͏ ͏ ͏ ͏ ͏ ͏ ͏ ͏ ͏ ͏ ͏ ͏ ͏ ͏ ͏ ͏ ͏ ͏ ͏ ͏ ͏ ͏ ͏ ͏ ͏ ͏ ͏ ͏ ͏ ͏ ͏ ͏ ͏ ͏ ͏ ͏",ham,2026-08-05T18:48:14+00:00
19fd335cb440e005,"khushal, build new skills and unlock more career opportunities",Explore our new top courses and programs! ‌ ‌ ‌ ‌ ‌ ‌ ‌ ‌ ‌ ‌ ‌ ‌ ‌ ‌ ‌ ‌ ‌ ‌ ‌ ‌ ‌ ‌ ‌ ‌ ‌ ‌ ‌ ‌ ‌ ‌ ‌ ‌ ‌ ‌ ‌ ‌ ‌ ‌ ‌ ‌ ‌ ‌ ‌ ‌ ‌ ‌ ‌ ‌ ‌ ‌ ‌ ‌ ‌ ‌ ‌ ‌ ‌ ‌ ‌ ‌ ‌ ‌ ‌ ‌ ‌ ‌ ‌ ‌ ‌ ‌ ‌ ‌ ‌ ‌ ‌ ‌ ‌ ‌ ‌ ‌,ham,2026-08-05T18:35:43+00:00
19fd30f3aeab8faa,Your Chart Academy access is confirmed,You&#39;re in.‌ Your free trading education starts here.‌ ‌ ‌ ‌ ‌ ‌ ‌ ‌ ‌ ‌ ‌ ‌ ‌ ‌ ‌ ‌ ‌ ‌ ‌ ‌ ‌ ‌ ‌ ‌ ‌ ‌ ‌ ‌ ‌ ‌ ‌ ‌ ‌ ‌ ‌ ‌ ‌ ‌ ‌ ‌ ‌ ‌ ‌ ‌ ‌ ‌ ‌ ‌ ‌ ‌ ‌ ‌ ‌ ‌ ‌ ‌ ‌ ‌ ‌ ‌ ‌ ‌ ‌ ‌ ‌ ‌ ‌ ‌ ‌ ‌ ‌ ‌ ‌,ham,2026-08-05T17:53:36+00:00
19fd2e502490c984,"Repo rates unchanged, ONGC's profit up 21%, & more - Groww Digest",All you need to know about the day ‌ ‌ ‌ ‌ ‌ ‌ ‌ ‌ ‌ ‌ ‌ ‌ ‌ ‌ ‌ ‌ ‌ ‌ ‌ ‌ ‌ ‌ ‌ ‌ ‌ ‌ ‌ ‌ ‌ ‌ ‌ ‌ ‌ ‌ ‌ ‌ ‌ ‌ ‌ ‌ ‌ ‌ ‌ ‌ ‌ ‌ ‌ ‌ ‌ ‌ Groww Digest 05 August 2026 Sensex 78581.00 ▲ 0.19% Nifty 24624.65,ham,2026-08-05T17:07:29+00:00
19fd2da82f541bdf,Run your AI agent in YOLO mode. Safely.,"One install. Any agent. Your host stays safe. DOCKER SANDBOX Hi khushal, You&#39;ve heard the argument: &quot;The model will self-govern.&quot; It won&#39;t. Guardrails from the model itself become",ham,2026-08-05T16:56:03+00:00
19fd2d6e528a4b57,Your laptop is the new prod.,"The laptop just became the most exposed node in your enterprise. Agents aren&#39;t just for engineering anymore. They&#39;re already in production across every function: sending emails, managing",ham,2026-08-05T16:52:05+00:00
19fd2d31576de012,Successful Login From New IP 2409:40c1:18:6ad0:f03c:4a4b:8cdf:b25e - 2026-08-05 16:47:54 UTC,Notification from Delta Exchange ͏ ‌ ﻿ ͏ ‌ ﻿ ͏ ‌ ﻿ ͏ ‌ ﻿ ͏ ‌ ﻿ ͏ ‌ ﻿ ͏ ‌ ﻿ ͏ ‌ ﻿ ͏ ‌ ﻿ ͏ ‌ ﻿ ͏ ‌ ﻿ ͏ ‌ ﻿ ͏ ‌ ﻿ ͏ ‌ ﻿ ͏ ‌ ﻿ ͏ ‌ ﻿ ͏ ‌ ﻿ ͏ ‌ ﻿ ͏ ‌ ﻿ ͏ ‌ ﻿ ͏ ‌ ﻿ ͏ ‌ ﻿ ͏ ‌ ﻿ ͏ ‌ ﻿ ͏ ‌ ﻿ ͏ ‌ ﻿ ͏ ‌ ﻿ ͏ ‌ ﻿,ham,2026-08-05T16:47:54+00:00
19fd2905301e0fa0,Class of 2026 summed up in one photo 🎓 😎,Welcome back! Apple asked a judge for permission to send forensic experts… ͏ ͏ ͏ ͏ ͏ ͏ ͏ ͏ ͏ ͏ ͏ ͏ ͏ ͏ ͏ ͏ ͏ ͏ ͏ ͏ ͏ ͏ ͏ ͏ ͏ ͏ ͏ ͏ ͏ ͏ ͏ ͏ ͏ ͏ ͏ ͏ ͏ ͏ ͏ ͏ ͏ ͏ ͏ ͏ ͏ ͏ ͏ ͏ ͏ ͏ ͏ ͏ ͏ ͏ ͏ ͏ ͏ ͏ ͏ ͏ ͏ ͏ ͏,ham,2026-08-05T15:34:56+00:00
19fd2887ca2789ad,Beneficiary added to your savings account,"‌ ‌ ‌ ‌ ‌ ‌ ‌ ‌ ‌ ‌ ‌ ‌ ‌ ‌ ‌ ‌ ‌ ‌ ‌ ‌ ‌ ‌ ‌ ‌ ‌ ‌ ‌ ‌ ‌ ‌ ‌ ‌ ‌ ‌ ‌ ‌ ‌ ‌ ‌ ‌ ‌ ‌ ‌ ‌ ‌ ‌ ‌ ‌ ‌ ‌ ‌ ‌ ‌ ‌ ‌ ‌ ‌ ‌ ‌ ‌ ‌ ‌ ‌ ‌ ‌ ‌ ‌ ‌ ‌ ‌ ‌ ‌ ‌ ‌ ‌ ‌ ‌ ‌ Hi KHUSHAL JITESHBHAI, GOLAKIYA PRIT D (HDFC",spam,2026-08-05T15:26:27+00:00
19fd23512ee4754e,Mv Electrosystems IPO - Allotment not received,"Zerodha logo Hi Satani, You have not received an allotment for the Mv Electrosystems (MVELECTRO) IPO against your application number BDU92611323766 on Zerodha. The end date for UPI mandates for the IPO",ham,2026-08-05T13:55:20+00:00
19fd1f93d69c8810,Weekly Statement of Funds & Securities | INDmoney,"INDstocks by INDmoney Weekly Statement Hi Khushal Jiteshbhai Satani, Client Code: NLRE00N3J7 We have attached the weekly statement of accounts for funds &amp; securities. The document is password",ham,2026-08-05T12:49:58+00:00
19fd1ba7605b39ce,Gartner Report: Fix Your Exposure Management for the Mythos Era,"Redesign exposure management around time, scale, and decision velocity. Mythos… ͏ ͏ ͏ ͏ ͏ ͏ ͏ ͏ ͏ ͏ ͏ ͏ ͏ ͏ ͏ ͏ ͏ ͏ ͏ ͏ ͏ ͏ ͏ ͏ ͏ ͏ ͏ ͏ ͏ ͏ ͏ ͏ ͏ ͏ ͏ ͏ ͏ ͏ ͏ ͏ ͏ ͏ ͏ ͏ ͏ ͏ ͏ ͏ ͏ ͏ ͏ ͏ ͏ ͏ ͏ ͏ ͏ ͏ ͏ ͏ ͏",ham,2026-08-05T11:41:23+00:00
19fd0cc3d5052d1b,💪 Get Expiry Ready with Super Orders!,"Hi 👋🏻 Sensex Expiry can move quickly, and every second counts. Instead of placing and managing multiple orders separately, plan your entire trade in advance with Super Orders on Dhan. With a Super",ham,2026-08-05T07:21:12+00:00
19fd052e49c03cf4,build failed for MailSentry,Render We encountered an error during the build process for MailSentry. This means your build didn&#39;t complete successfully and your latest changes may not be live. Reason: &quot;Exited with status,ham,2026-08-05T05:08:40+00:00
19fd0523eca1262a,build failed for MailSentry,Render We encountered an error during the build process for MailSentry. This means your build didn&#39;t complete successfully and your latest changes may not be live. Reason: &quot;Exited with status,ham,2026-08-05T05:07:58+00:00
19fd00dfac5533f2,Google Cloud Platform & APIs: Update your tax info,"Google Cloud Platform &amp; APIs Update your tax information To make sure that the correct taxes are applied to the Google services that you use, please update your tax information for Satani Jay as",ham,2026-08-05T03:53:24+00:00
19fd00dd1fc48ca9,You have upgraded to a paid Google Cloud account,Explore full access to Google Cloud ‍͏ ͏ ‍͏ ͏ ‍͏ ͏ ‍͏ ͏ ‍͏ ͏ ‍͏ ͏ ‍͏ ͏ ‍͏ ͏ ‍͏ ͏ ‍͏ ͏ ‍͏ ͏ ‍͏ ͏ ‍͏ ͏ ‍͏ ͏ ‍͏ ͏ ‍͏ ͏ ‍͏ ͏ ‍͏ ͏ ‍͏ ͏ ‍͏ ͏ ‍͏ ͏ ‍͏ ͏ ‍͏ ͏ ‍͏ ͏ ‍͏ ͏ ‍͏ ͏ ‍͏ ͏ ‍͏ ͏ ‍͏ ͏ ‍͏ ͏ ‍͏ ͏ ‍͏ ͏ ‍͏ ͏,ham,2026-08-05T03:53:13+00:00
19fcff070698e761,AI/ML Engineer (Remote) at Hired,Hired AI/ML Engineer (Remote): Role: AI/ML Engineer (Remote)Location: Remote… ͏ ͏ ͏ ͏ ͏ ͏ ͏ ͏ ͏ ͏ ͏ ͏ ͏ ͏ ͏ ͏ ͏ ͏ ͏ ͏ ͏ ͏ ͏ ͏ ͏ ͏ ͏ ͏ ͏ ͏ ͏ ͏ ͏ ͏ ͏ ͏ ͏ ͏ ͏ ͏ ͏ ͏ ͏ ͏ ͏ ͏ ͏ ͏ ͏ ͏ ͏ ͏ ͏ ͏ ͏ ͏ ͏ ͏ ͏ ͏ ͏ ͏,ham,2026-08-05T03:21:07+00:00
19fcfeac3cb73068,khushal — Nifty's 107 point upward start?,▲ ~107 pts · line in the sand: 24880 · 80% hit rate · the 60-second read before 9:15. ‌ ‌ ‌ ‌ ‌ ‌ ‌ ‌ ‌ ‌ α THE BRIEF 80% HIT RATE Today&#39;s pre-market call ▲ ~107 pts LEANING GREEN AT THE OPEN Hi,ham,2026-08-05T03:14:56+00:00
19fcfc7bb2bcd360,You have submitted your assignment submission for Submission_Prac(16-25)-Batch-1,PPL26 -&gt;Assignment -&gt;Submission_Prac(16-25)-Batch-1 You have submitted an assignment submission for &#39;Submission_Prac(16-25)-Batch-1&#39;. You can see the status of your assignment submission.,ham,2026-08-05T02:36:40+00:00
19fcfc1fbcc9d034,No more chasing feedback,"Comments live on your files, not in inboxes. ﻿͏ ﻿͏ ﻿͏ ﻿͏ ﻿͏ ﻿͏ ﻿͏ ﻿͏ ﻿͏ ﻿͏ ﻿͏ ﻿͏ ﻿͏ ﻿͏ ﻿͏ ﻿͏ ﻿͏ ﻿͏ ﻿͏ ﻿͏ ﻿͏ ﻿͏ ﻿͏ ﻿͏ ﻿͏ ﻿͏ ﻿͏ ﻿͏ ﻿͏ ﻿͏ ﻿͏ ﻿͏ ﻿͏ ﻿͏ ﻿͏ ﻿͏ ﻿͏ ﻿͏ ﻿͏ ﻿͏ ﻿͏ ﻿͏ ﻿͏ ﻿͏ ﻿͏ ﻿͏ ﻿͏ ﻿͏ ﻿͏ ﻿͏ ﻿͏ ﻿͏",ham,2026-08-05T02:30:22+00:00
19fcfa0b0c923bde,build failed for MailSentry,Render We encountered an error during the build process for MailSentry. This means your build didn&#39;t complete successfully and your latest changes may not be live. Reason: &quot;Exited with status,ham,2026-08-05T01:54:01+00:00
19fcf9b220713609,build failed for MailSentry,Render We encountered an error during the build process for MailSentry. This means your build didn&#39;t complete successfully and your latest changes may not be live. Reason: &quot;Exited with status,ham,2026-08-05T01:47:58+00:00
19fcf9a313b6cb7e,build failed for MailSentry,Render We encountered an error during the build process for MailSentry. This means your build didn&#39;t complete successfully and your latest changes may not be live. Reason: &quot;Exited with status,ham,2026-08-05T01:46:55+00:00
19fcf93da4cf08ab,10 Websites Better Than Another Hour of Doomscrolling | Rafia Naseem in The Sunday Journal,Khushalsatani Stories for Khushalsatani @khushalsatani009·Become a member Medium daily digest Today&#39;s highlights Rafia Naseem Rafia NaseeminThe Sunday Journal 10 Websites Better Than Another Hour,ham,2026-08-05T01:40:00+00:00
19fcf90651eb5c29,[khushal910/MailSentry] Run failed: MailSentry Continuous Integration (CI) - main (d690bf4),[khushal910/MailSentry] MailSentry Continuous Integration (CI) workflow run MailSentry Continuous Integration (CI): Some jobs were not successful View workflow run Status Job Annotations MailSentry,ham,2026-08-05T01:36:13+00:00
19fcee695014cddd,"Webinar: Record Your Screen, Skip the Write-Up","Upcoming webinar on August 18: we&#39;ll record a project live, from a blank screen to a finished clip, and show what happens once it lands with an agent. ͏ ͏ ͏ ͏ ͏ ͏ ͏ ͏ ͏ ͏ ͏ ͏ ͏ ͏ ͏ ͏ ͏ ͏ ͏ ͏ ͏ ͏ ͏",spam,2026-08-04T22:30:45+00:00
19fced874e588735,"Launch and learn with interactive, prebuilt solutions",Explore the full solutions catalog. ‍͏ ͏ ‍͏ ͏ ‍͏ ͏ ‍͏ ͏ ‍͏ ͏ ‍͏ ͏ ‍͏ ͏ ‍͏ ͏ ‍͏ ͏ ‍͏ ͏ ‍͏ ͏ ‍͏ ͏ ‍͏ ͏ ‍͏ ͏ ‍͏ ͏ ‍͏ ͏ ‍͏ ͏ ‍͏ ͏ ‍͏ ͏ ‍͏ ͏ ‍͏ ͏ ‍͏ ͏ ‍͏ ͏ ‍͏ ͏ ‍͏ ͏ ‍͏ ͏ ‍͏ ͏ ‍͏ ͏ ‍͏ ͏ ‍͏ ͏ ‍͏ ͏ ‍͏ ͏ ‍͏ ͏,ham,2026-08-04T22:15:19+00:00
19fcec5470c5e9d7,Statement of Funds and Securities (SOF/SOS) for the week - 27 Jul 2026 to 01 Aug 2026,"Statement of Funds and Securities (SOF/SOS - Weekly) Dear Khushal, Thank You for choosing Dhan to execute your trades on Stock Exchanges. Please find attached, the Statement of Funds and Securities as",spam,2026-08-04T21:54:21+00:00
19fceb5343227c0d,Become a Friend of Medium today to access our exclusive track at Medium Day,"Medium Medium Day Hi Khushalsatani, This year at Medium Day, we&#39;re launching a new track exclusively for Friends of Medium with small, interactive sessions all about AI and writing. What does it",ham,2026-08-04T21:36:48+00:00
19fce7a972402859,"Claudia Faith (Level Up With AI): ""Operators think in workflows, and the workflow is where the money is""","👋 Hi there, welcome to the AI Central. Click here to join our 300000 readers… ͏ ͏ ͏ ͏ ͏ ͏ ͏ ͏ ͏ ͏ ͏ ͏ ͏ ͏ ͏ ͏ ͏ ͏ ͏ ͏ ͏ ͏ ͏ ͏ ͏ ͏ ͏ ͏ ͏ ͏ ͏ ͏ ͏ ͏ ͏ ͏ ͏ ͏ ͏ ͏ ͏ ͏ ͏ ͏ ͏ ͏ ͏ ͏ ͏ ͏ ͏ ͏ ͏ ͏ ͏ ͏ ͏ ͏ ͏ ͏ ͏ ͏",ham,2026-08-04T20:32:46+00:00
19fce3cd4220b018,MV ELECTROSYSTEMS LIMITED-IPO,"Dear Investor, Greetings!! This is with reference to the application made by you in the public issue of MV ELECTROSYSTEMS LIMITED-IPO (&quot;Company&quot; or &quot;Issuer&quot;). Please find the",ham,2026-08-04T19:25:16+00:00
19fce008b9690951,build failed for MailSentry,Render We encountered an error during the build process for MailSentry. This means your build didn&#39;t complete successfully and your latest changes may not be live. Reason: &quot;Exited with status,ham,2026-08-04T18:19:29+00:00
19fcdffaea818d33,build failed for MailSentry,Render We encountered an error during the build process for MailSentry. This means your build didn&#39;t complete successfully and your latest changes may not be live. Reason: &quot;Exited with status,ham,2026-08-04T18:18:33+00:00
19fcdfe228eb717e,[khushal910/MailSentry] Run failed: MailSentry Continuous Integration (CI) - main (022bc31),[khushal910/MailSentry] MailSentry Continuous Integration (CI) workflow run MailSentry Continuous Integration (CI): Some jobs were not successful View workflow run Status Job Annotations MailSentry,ham,2026-08-04T18:16:51+00:00
19fcdfc0331febc4,build failed for MailSentry,Render We encountered an error during the build process for MailSentry. This means your build didn&#39;t complete successfully and your latest changes may not be live. Reason: &quot;Exited with status,ham,2026-08-04T18:14:32+00:00
19fcdfb21eff5b57,Re: [khushal910/MailSentry] Fix Backend CI dependency resolution by aligning `httptools` with `uvicorn[standard]` (PR #25),"@Copilot commented on this pull request. Copilot wasn&#39;t able to review any files in this pull request. 💡 Add Copilot custom instructions for smarter, more guided reviews. Learn how to get started.",ham,2026-08-04T18:13:34+00:00
19fcdf9372680b8e,Re: [khushal910/MailSentry] Fix Backend CI dependency resolution by aligning `httptools` with `uvicorn[standard]` (PR #25),"@copilot requested your review on: khushal910/MailSentry#25 Fix Backend CI dependency resolution by aligning `httptools` with `uvicorn[standard]`. — Reply to this email directly, view it on GitHub, or",ham,2026-08-04T18:11:29+00:00
19fcdf811d212e73,Re: [khushal910/MailSentry] [WIP] Fix failing GitHub Actions job for Backend CI (PR #25),"coderabbitai[bot] left a comment (khushal910/MailSentry#25) Important Review skipped Bot user detected. To trigger a single review, invoke the @coderabbitai review command. ⚙️ Run configuration",ham,2026-08-04T18:10:14+00:00
19fcdf7df553b8d4,Re: [khushal910/MailSentry] [WIP] Fix failing GitHub Actions job for Backend CI (PR #25),vercel[bot] left a comment (khushal910/MailSentry#25) The latest updates on your projects. Learn more about Vercel for GitHub. Project Deployment Actions Updated (UTC) mail-sentry Ready Ready Preview,ham,2026-08-04T18:10:01+00:00
19fcdf7d718ee92f,Re: [khushal910/MailSentry] [WIP] Fix failing GitHub Actions job for Backend CI (PR #25),"dagshub[bot] left a comment (khushal910/MailSentry#25) Join the discussion on DagsHub! — Reply to this email directly, view it on GitHub, or unsubscribe. Triage notifications, keep track of coding",ham,2026-08-04T18:09:59+00:00
19fcdf7cc2bebe95,[khushal910/MailSentry] [WIP] Fix failing GitHub Actions job for Backend CI (PR #25),Thanks for asking me to work on this. I will get started on it and keep this PR&#39;s description up to date as I form a plan and make progress. Fix the failing GitHub Actions job &quot;Backend CI (,ham,2026-08-04T18:09:56+00:00
19fcdf7cb7f4abc5,Re: [khushal910/MailSentry] [WIP] Fix failing GitHub Actions job for Backend CI (PR #25),"Assigned #25 to @khushal910. — Reply to this email directly, view it on GitHub, or unsubscribe. Triage notifications, keep track of coding agent tasks and review pull requests on the go with GitHub",ham,2026-08-04T18:09:56+00:00
19fcdf7261da3101,[khushal910/MailSentry] Run failed: MailSentry Continuous Integration (CI) - main (e91267e),[khushal910/MailSentry] MailSentry Continuous Integration (CI) workflow run MailSentry Continuous Integration (CI): Some jobs were not successful View workflow run Status Job Annotations MailSentry,ham,2026-08-04T18:09:13+00:00
19fcdf4bf3610a58,build failed for MailSentry,Render We encountered an error during the build process for MailSentry. This means your build didn&#39;t complete successfully and your latest changes may not be live. Reason: &quot;Exited with status,ham,2026-08-04T18:06:36+00:00
19fcdf41f9dc79b1,build failed for MailSentry,Render We encountered an error during the build process for MailSentry. This means your build didn&#39;t complete successfully and your latest changes may not be live. Reason: &quot;Exited with status,ham,2026-08-04T18:05:55+00:00
19fcdf367c514d24,"LIC's Rs 31,400 cr OFS, Airtel's profit up 37%, & more - Groww Digest",All you need to know about the day ‌ ‌ ‌ ‌ ‌ ‌ ‌ ‌ ‌ ‌ ‌ ‌ ‌ ‌ ‌ ‌ ‌ ‌ ‌ ‌ ‌ ‌ ‌ ‌ ‌ ‌ ‌ ‌ ‌ ‌ ‌ ‌ ‌ ‌ ‌ ‌ ‌ ‌ ‌ ‌ ‌ ‌ ‌ ‌ ‌ ‌ ‌ ‌ ‌ ‌ Groww Digest 04 August 2026 Sensex 78428.95 ▼ 0.27% Nifty 24614.90,ham,2026-08-04T18:05:07+00:00
19fcdcaf5394d476,The latest AI news we announced in July 2026,"July brought a wave of AI advances to support developers, simplify everyday… ͏ ͏ ͏ ͏ ͏ ͏ ͏ ͏ ͏ ͏ ͏ ͏ ͏ ͏ ͏ ͏ ͏ ͏ ͏ ͏ ͏ ͏ ͏ ͏ ͏ ͏ ͏ ͏ ͏ ͏ ͏ ͏ ͏ ͏ ͏ ͏ ͏ ͏ ͏ ͏ ͏ ͏ ͏ ͏ ͏ ͏ ͏ ͏ ͏ ͏ ͏ ͏ ͏ ͏ ͏ ͏ ͏ ͏ ͏ ͏ ͏ ͏",ham,2026-08-04T17:20:57+00:00
19fcdb87e720095a,Your MailSentry password reset code,🛡️ MailSentry Secure Email Protection Password Reset Verification We received a request to reset your password. Use the 6-digit code below to verify your request. This code will expire in 10 minutes.,ham,2026-08-04T17:00:48+00:00
19fcdb12bbe2e6c4,Big exam or interview coming up?,Make sure to do this one thing first. (Most people miss it). ͏ ͏ ͏ ͏ ͏ ͏ ͏ ͏ ͏ ͏ ͏ ͏ ͏ ͏ ͏ ͏ ͏ ͏ ͏ ͏ ͏ ͏ ͏ ͏ ͏ ͏ ͏ ͏ ͏ ͏ ͏ ͏ ͏ ͏ ͏ ͏ ͏ ͏ ͏ ͏ ͏ ͏ ͏ ͏ ͏ ͏ ͏ ͏ ͏ ͏ ͏ ͏ ͏ ͏ ͏ ͏ ͏ ͏ ͏ ͏ ͏ ͏ ͏ ͏ ͏ ͏ ͏ ͏ ͏ ͏,ham,2026-08-04T16:52:43+00:00
19fcdab11a9f0ff7,Get 15% off select courses and programs,Build the skills that move you forward. ‌ ‌ ‌ ‌ ‌ ‌ ‌ ‌ ‌ ‌ ‌ ‌ ‌ ‌ ‌ ‌ ‌ ‌ ‌ ‌ ‌ ‌ ‌ ‌ ‌ ‌ ‌ ‌ ‌ ‌ ‌ ‌ ‌ ‌ ‌ ‌ ‌ ‌ ‌ ‌ ‌ ‌ ‌ ‌ ‌ ‌ ‌ ‌ ‌ ‌ ‌ ‌ ‌ ‌ ‌ ‌ ‌ ‌ ‌ ‌ ‌ ‌ ‌ ‌ ‌ ‌ ‌ ‌ ‌ ‌ ‌ ‌ ‌ ‌ ‌ ‌ ‌ ‌ ‌ ‌ ‌,ham,2026-08-04T16:32:34+00:00
19fcda606ecc5e82,Your MailSentry password reset code,🛡️ MailSentry Secure Email Protection Password Reset Verification We received a request to reset your password. Use the 6-digit code below to verify your request. This code will expire in 10 minutes.,ham,2026-08-04T16:40:37+00:00
19fcd6b68c45df7d,[khushal910/MailSentry] Run failed: MailSentry Continuous Integration (CI) - main (3425671),[khushal910/MailSentry] MailSentry Continuous Integration (CI) workflow run MailSentry Continuous Integration (CI): Some jobs were not successful View workflow run Status Job Annotations MailSentry,ham,2026-08-04T15:36:35+00:00
19fcd60c5565660d,[khushal910/MailSentry] Run failed: MailSentry Continuous Integration (CI) - main (cef434c),[khushal910/MailSentry] MailSentry Continuous Integration (CI) workflow run MailSentry Continuous Integration (CI): Some jobs were not successful View workflow run Status Job Annotations MailSentry,ham,2026-08-04T15:24:58+00:00
19fcd5452484deb6,[khushal910/MailSentry] Run failed: MailSentry Continuous Integration (CI) - main (5170ad4),[khushal910/MailSentry] MailSentry Continuous Integration (CI) workflow run MailSentry Continuous Integration (CI): Some jobs were not successful View workflow run Status Job Annotations MailSentry,ham,2026-08-04T15:11:22+00:00
19fcd4de4105c6c0,[khushal910/MailSentry] Run failed: MailSentry Continuous Integration (CI) - main (b0dfc19),[khushal910/MailSentry] MailSentry Continuous Integration (CI) workflow run MailSentry Continuous Integration (CI): Some jobs were not successful View workflow run Status Job Annotations MailSentry,ham,2026-08-04T15:04:20+00:00
19fcd4d8ba31864e,🌍 Alibaba Challenges US AI Dominance • Court Rules Against xAI's Nudify Ban • Amazon Fuels OpenAI,"Plus: advancing the price-performance frontier with GPT-5.6, announcing the agentic catalog experience in Amazon Quick, judge denies xAI&#39;s request to block Minnesota ban on &#39;nudify&#39; apps,",ham,2026-08-04T15:03:58+00:00
19fcd44d32cc2bbf,[khushal910/MailSentry] Run failed: MailSentry Continuous Integration (CI) - main (fbcc413),[khushal910/MailSentry] MailSentry Continuous Integration (CI) workflow run MailSentry Continuous Integration (CI): Some jobs were not successful View workflow run Status Job Annotations MailSentry,ham,2026-08-04T14:54:26+00:00
19fcd3f460a558ce,[khushal910/MailSentry] Run failed: MailSentry Continuous Integration (CI) - main (f416bc3),[khushal910/MailSentry] MailSentry Continuous Integration (CI) workflow run MailSentry Continuous Integration (CI): Some jobs were not successful View workflow run Status Job Annotations MailSentry,ham,2026-08-04T14:48:22+00:00
19fcd2c58bebdcde,[khushal910/MailSentry] Run failed: MailSentry Continuous Integration (CI) - main (5875f2e),[khushal910/MailSentry] MailSentry Continuous Integration (CI) workflow run MailSentry Continuous Integration (CI): Some jobs were not successful View workflow run Status Job Annotations MailSentry,ham,2026-08-04T14:27:42+00:00
19fcd27aee2e1b0e,Re: [khushal910/MailSentry] [WIP] Fix failing GitHub Actions job 'Backend CI' (PR #24),"@copilot requested your review on: khushal910/MailSentry#24 [WIP] Fix failing GitHub Actions job &amp;#39;Backend CI&amp;#39;. — Reply to this email directly, view it on GitHub, or unsubscribe. Triage",ham,2026-08-04T14:22:37+00:00
19fcd2673e259431,Re: [khushal910/MailSentry] [WIP] Fix failing GitHub Actions job 'Backend CI' (PR #24),vercel[bot] left a comment (khushal910/MailSentry#24) The latest updates on your projects. Learn more about Vercel for GitHub. Project Deployment Actions Updated (UTC) mail-sentry Ready Ready Preview,ham,2026-08-04T14:21:16+00:00
19fcd26714e4e21a,Re: [khushal910/MailSentry] [WIP] Fix failing GitHub Actions job 'Backend CI' (PR #24),"coderabbitai[bot] left a comment (khushal910/MailSentry#24) Important Review skipped Bot user detected. To trigger a single review, invoke the @coderabbitai review command. ⚙️ Run configuration",ham,2026-08-04T14:21:16+00:00
19fcd26548a19c4f,[khushal910/MailSentry] [WIP] Fix failing GitHub Actions job 'Backend CI' (PR #24),Thanks for asking me to work on this. I will get started on it and keep this PR&#39;s description up to date as I form a plan and make progress. Fix the failing GitHub Actions job &quot;Backend CI (,ham,2026-08-04T14:21:09+00:00
19fcd2651f563cf7,Re: [khushal910/MailSentry] [WIP] Fix failing GitHub Actions job 'Backend CI' (PR #24),"Assigned #24 to @khushal910. — Reply to this email directly, view it on GitHub, or unsubscribe. Triage notifications, keep track of coding agent tasks and review pull requests on the go with GitHub",ham,2026-08-04T14:21:07+00:00
19fcd25ad90ec685,[khushal910/MailSentry] Run failed: MailSentry Continuous Integration (CI) - main (8686af7),[khushal910/MailSentry] MailSentry Continuous Integration (CI) workflow run MailSentry Continuous Integration (CI): Some jobs were not successful View workflow run Status Job Annotations MailSentry,ham,2026-08-04T14:20:25+00:00
19fcd1cee5f2baab,Received ₹135 in your slice account,"Hi KHUSHAL JITESHBHAI, You have received ₹135 via UPI in your slice bank account xx5611. Avl. Bal. ₹1,30117.86 Transaction date 04-Aug-26 From Vasani Dhruvin Shaileshbhai RRN 621635512691 Best, Team",spam,2026-08-04T14:10:51+00:00
19fcce645d5e08fb,Watch AI Security Webinars to Prepare for Emerging Threats and Coding Risks,Artificial intelligence is transforming how organizations build software… ͏ ͏ ͏ ͏ ͏ ͏ ͏ ͏ ͏ ͏ ͏ ͏ ͏ ͏ ͏ ͏ ͏ ͏ ͏ ͏ ͏ ͏ ͏ ͏ ͏ ͏ ͏ ͏ ͏ ͏ ͏ ͏ ͏ ͏ ͏ ͏ ͏ ͏ ͏ ͏ ͏ ͏ ͏ ͏ ͏ ͏ ͏ ͏ ͏ ͏ ͏ ͏ ͏ ͏ ͏ ͏ ͏ ͏ ͏ ͏ ͏ ͏ ͏ ͏,ham,2026-08-04T13:11:06+00:00
19fccbdab38f094e,Ready to trade commodities like a pro?,Register for our commodity trading masterclass ‌ ‌ ‌ ‌ ‌ ‌ ‌ ‌ ‌ ‌ ‌ ‌ ‌ ‌ ‌ ‌ ‌ ‌ ‌ ‌ ‌ ‌ ‌ ‌ ‌ ‌ ‌ ‌ ‌ ‌ ‌ ‌ ‌ ‌ ‌ ‌ ‌ ‌ ‌ ‌ ‌ ‌ ‌ ‌ ‌ ‌ ‌ ‌ ‌ ‌ Groww Understand the markets that move the world.,ham,2026-08-04T12:26:49+00:00
19fccba85b461043,[khushal910/MailSentry] Run failed: MailSentry Continuous Integration (CI) - main (b277f99),[khushal910/MailSentry] MailSentry Continuous Integration (CI) workflow run MailSentry Continuous Integration (CI): Some jobs were not successful View workflow run Status Job Annotations MailSentry,ham,2026-08-04T12:23:21+00:00
19fccb5e8b4f943e,[khushal910/MailSentry] Run failed: MailSentry Continuous Integration (CI) - main (98123e7),[khushal910/MailSentry] MailSentry Continuous Integration (CI) workflow run MailSentry Continuous Integration (CI): Some jobs were not successful View workflow run Status Job Annotations MailSentry,ham,2026-08-04T12:18:20+00:00
19fcca01f27f02de,[khushal910/MailSentry] Run failed: .github/workflows/ci.yml - main (8597bf0),[khushal910/MailSentry] .github/workflows/ci.yml workflow run .github/workflows/ci.yml: No jobs were run View workflow run — You are receiving this because you are subscribed to this thread. Manage,ham,2026-08-04T11:54:32+00:00
19fcc4c0d876127e,[khushal910/MailSentry] Run failed: .github/workflows/ci.yml - main (9735dac),[khushal910/MailSentry] .github/workflows/ci.yml workflow run .github/workflows/ci.yml: No jobs were run View workflow run — You are receiving this because you are subscribed to this thread. Manage,ham,2026-08-04T10:22:42+00:00
19fcc4b98981d077,[khushal910/MailSentry] Run failed: .github/workflows/ci.yml - main (67b1700),[khushal910/MailSentry] .github/workflows/ci.yml workflow run .github/workflows/ci.yml: No jobs were run View workflow run — You are receiving this because you are subscribed to this thread. Manage,ham,2026-08-04T10:22:13+00:00
19fcc4b246ada611,[khushal910/MailSentry] Run failed: .github/workflows/ci.yml - main (295c92f),[khushal910/MailSentry] .github/workflows/ci.yml workflow run .github/workflows/ci.yml: No jobs were run View workflow run — You are receiving this because you are subscribed to this thread. Manage,ham,2026-08-04T10:21:43+00:00
19fcc4a49f27ddaa,[khushal910/MailSentry] Run failed: .github/workflows/ci.yml - main (190b9fa),[khushal910/MailSentry] .github/workflows/ci.yml workflow run .github/workflows/ci.yml: No jobs were run View workflow run — You are receiving this because you are subscribed to this thread. Manage,ham,2026-08-04T10:20:47+00:00
19fcc49e8af3b56c,Re: [khushal910/MailSentry] chore(deps-frontend)(deps-dev): bump eslint from 9.39.4 to 10.8.0 in /frontend (PR #16),"dependabot[bot] left a comment (khushal910/MailSentry#16) OK, I won&#39;t notify you again about this release, but will get in touch when a new version is available. If you&#39;d rather skip all",ham,2026-08-04T10:20:23+00:00
19fcc49814fe57b5,Re: [khushal910/MailSentry] chore(deps-frontend)(deps): bump lucide-react from 0.575.0 to 1.28.0 in /frontend (PR #12),"dependabot[bot] left a comment (khushal910/MailSentry#12) OK, I won&#39;t notify you again about this release, but will get in touch when a new version is available. If you&#39;d rather skip all",ham,2026-08-04T10:19:56+00:00
19fcc494a165a067,Re: [khushal910/MailSentry] chore(deps-frontend)(deps-dev): bump @eslint/js from 9.39.4 to 10.0.1 in /frontend (PR #15),"dependabot[bot] left a comment (khushal910/MailSentry#15) OK, I won&#39;t notify you again about this release, but will get in touch when a new version is available. If you&#39;d rather skip all",ham,2026-08-04T10:19:42+00:00
19fcc485f2679b8f,Re: [khushal910/MailSentry] chore(deps-backend)(deps): update torch requirement from >=2.0.0 to >=2.13.0 in /backend (PR #6),"@dependabot[bot] pushed 1 commit. 34d8889 chore(deps-backend)(deps): update torch requirement in /backend — View it on GitHub or unsubscribe. Triage notifications, keep track of coding agent tasks and",ham,2026-08-04T10:18:42+00:00
19fcc485cd11053f,Re: [khushal910/MailSentry] chore(deps-backend)(deps): update torch requirement from >=2.0.0 to >=2.13.0 in /backend (PR #6),@dependabot[bot] requested your review on: khushal910/MailSentry#6 chore(deps-backend)(deps): update torch requirement from &amp;gt;=2.0.0 to &amp;gt;=2.13.0 in /backend as a code owner. — Reply to,ham,2026-08-04T10:18:41+00:00
19fcc480cd29b129,Failed preview deployment on team 'khushal910's projects',"Hello, khushal910. There was an error deploying mail-sentry to the preview environment. See deployment details If you&#39;d like to report an issue, reach out to Vercel Help. Manage your notification",ham,2026-08-04T10:18:21+00:00
19fcc4802e8ed299,Re: [khushal910/MailSentry] chore(deps-backend)(deps): bump uvicorn from 0.24.0 to 0.52.0 in /backend (PR #2),"@dependabot[bot] requested your review on: khushal910/MailSentry#2 chore(deps-backend)(deps): bump uvicorn from 0.24.0 to 0.52.0 in /backend as a code owner. — Reply to this email directly, view it on",ham,2026-08-04T10:18:18+00:00
19fcc480104ad8af,Re: [khushal910/MailSentry] chore(deps-backend)(deps): bump uvicorn from 0.24.0 to 0.52.0 in /backend (PR #2),"@dependabot[bot] pushed 1 commit. 1bc4d05 chore(deps-backend)(deps): bump uvicorn in /backend — View it on GitHub or unsubscribe. Triage notifications, keep track of coding agent tasks and review pull",ham,2026-08-04T10:18:18+00:00
19fcc47f2cc52987,Failed preview deployment on team 'khushal910's projects',"Hello, khushal910. There was an error deploying mail-sentry to the preview environment. See deployment details If you&#39;d like to report an issue, reach out to Vercel Help. Manage your notification",ham,2026-08-04T10:18:14+00:00
19fcc47eb7a1a4fd,Re: [khushal910/MailSentry] chore(deps-backend)(deps): bump numpy from 2.3.3 to 2.4.6 in /backend (PR #4),"@dependabot[bot] requested your review on: khushal910/MailSentry#4 chore(deps-backend)(deps): bump numpy from 2.3.3 to 2.4.6 in /backend as a code owner. — Reply to this email directly, view it on",ham,2026-08-04T10:18:12+00:00
19fcc47e90ccef51,Re: [khushal910/MailSentry] chore(deps-backend)(deps): bump numpy from 2.3.3 to 2.4.6 in /backend (PR #4),"@dependabot[bot] pushed 1 commit. f7b27f6 chore(deps-backend)(deps): bump numpy from 2.3.3 to 2.4.6 in /backend — View it on GitHub or unsubscribe. Triage notifications, keep track of coding agent",ham,2026-08-04T10:18:12+00:00
19fcc47dc1301a89,Re: [khushal910/MailSentry] chore(deps-backend)(deps): bump google-api-python-client from 2.108.0 to 2.198.0 in /backend (PR #1),"dependabot[bot] left a comment (khushal910/MailSentry#1) OK, I won&#39;t notify you again about this release, but will get in touch when a new version is available. If you&#39;d rather skip all updates",ham,2026-08-04T10:18:09+00:00
19fcc4768ba4f792,[khushal910/MailSentry] Run failed: .github/workflows/ci.yml - main (58b6e25),[khushal910/MailSentry] .github/workflows/ci.yml workflow run .github/workflows/ci.yml: No jobs were run View workflow run — You are receiving this because you are subscribed to this thread. Manage,ham,2026-08-04T10:17:38+00:00
19fcc47198a979ae,[khushal910/MailSentry] Run failed: .github/workflows/ci.yml - main (20a585c),[khushal910/MailSentry] .github/workflows/ci.yml workflow run .github/workflows/ci.yml: No jobs were run View workflow run — You are receiving this because you are subscribed to this thread. Manage,ham,2026-08-04T10:17:18+00:00
19fcc46c98bb31c7,[khushal910/MailSentry] Run failed: .github/workflows/ci.yml - main (388baa0),[khushal910/MailSentry] .github/workflows/ci.yml workflow run .github/workflows/ci.yml: No jobs were run View workflow run — You are receiving this because you are subscribed to this thread. Manage,ham,2026-08-04T10:16:57+00:00
19fcc4612b1032f6,[khushal910/MailSentry] Run failed: .github/workflows/ci.yml - main (4d5e72a),[khushal910/MailSentry] .github/workflows/ci.yml workflow run .github/workflows/ci.yml: No jobs were run View workflow run — You are receiving this because you are subscribed to this thread. Manage,ham,2026-08-04T10:16:11+00:00
19fcc45c09935fe7,Failed preview deployment on team 'khushal910's projects',"Hello, khushal910. There was an error deploying mail-sentry to the preview environment. See deployment details If you&#39;d like to report an issue, reach out to Vercel Help. Manage your notification",ham,2026-08-04T10:15:50+00:00
19fcc45a6e45bdca,[khushal910/MailSentry] Run failed: .github/workflows/ci.yml - main (be0d7bb),[khushal910/MailSentry] .github/workflows/ci.yml workflow run .github/workflows/ci.yml: No jobs were run View workflow run — You are receiving this because you are subscribed to this thread. Manage,ham,2026-08-04T10:15:43+00:00
19fcc456b8fbbc9d,Re: [khushal910/MailSentry] chore(deps-frontend)(deps-dev): bump @eslint/js from 9.39.4 to 10.0.1 in /frontend (PR #15),"@dependabot[bot] requested your review on: khushal910/MailSentry#15 chore(deps-frontend)(deps-dev): bump @eslint/js from 9.39.4 to 10.0.1 in /frontend as a code owner. — Reply to this email directly,",ham,2026-08-04T10:15:29+00:00
19fcc45677dbd2fa,Re: [khushal910/MailSentry] chore(deps-frontend)(deps-dev): bump @eslint/js from 9.39.4 to 10.0.1 in /frontend (PR #15),"@dependabot[bot] pushed 1 commit. 260ec06 chore(deps-frontend)(deps-dev): bump @eslint/js in /frontend — View it on GitHub or unsubscribe. Triage notifications, keep track of coding agent tasks and",ham,2026-08-04T10:15:27+00:00
19fcc4527938be46,Re: [khushal910/MailSentry] chore(deps-frontend)(deps-dev): bump eslint from 9.39.4 to 10.8.0 in /frontend (PR #16),"@dependabot[bot] pushed 1 commit. 72948a4 chore(deps-frontend)(deps-dev): bump eslint in /frontend — View it on GitHub or unsubscribe. Triage notifications, keep track of coding agent tasks and review",ham,2026-08-04T10:15:11+00:00
19fcc4503105592b,[khushal910/MailSentry] Run failed: .github/workflows/ci.yml - main (faeef54),[khushal910/MailSentry] .github/workflows/ci.yml workflow run .github/workflows/ci.yml: No jobs were run View workflow run — You are receiving this because you are subscribed to this thread. Manage,ham,2026-08-04T10:15:01+00:00
19fcc43cdc71a7c5,Failed preview deployment on team 'khushal910's projects',"Hello, khushal910. There was an error deploying mail-sentry to the preview environment. See deployment details If you&#39;d like to report an issue, reach out to Vercel Help. Manage your notification",ham,2026-08-04T10:13:42+00:00
19fcc43aeb770e32,[khushal910/MailSentry] Run failed: .github/workflows/ci.yml - main (3702cae),[khushal910/MailSentry] .github/workflows/ci.yml workflow run .github/workflows/ci.yml: No jobs were run View workflow run — You are receiving this because you are subscribed to this thread. Manage,ham,2026-08-04T10:13:35+00:00
19fcc435c33e0af2,Re: [khushal910/MailSentry] chore(deps-frontend)(deps-dev): bump eslint-plugin-react-hooks from 5.2.0 to 7.1.1 in /frontend (PR #11),"@dependabot[bot] pushed 1 commit. b53a5b6 chore(deps-frontend)(deps-dev): bump eslint-plugin-react-hooks — View it on GitHub or unsubscribe. Triage notifications, keep track of coding agent tasks and",ham,2026-08-04T10:13:14+00:00
19fcc433cd2422b4,[khushal910/MailSentry] Run failed: .github/workflows/ci.yml - main (6cab426),[khushal910/MailSentry] .github/workflows/ci.yml workflow run .github/workflows/ci.yml: No jobs were run View workflow run — You are receiving this because you are subscribed to this thread. Manage,ham,2026-08-04T10:13:05+00:00
19fcc4329c5db6c4,Re: [khushal910/MailSentry] chore(deps-frontend)(deps-dev): bump @types/node from 22.19.17 to 26.1.2 in /frontend (PR #13),"@dependabot[bot] pushed 1 commit. 6595531 chore(deps-frontend)(deps-dev): bump @types/node in /frontend — View it on GitHub or unsubscribe. Triage notifications, keep track of coding agent tasks and",ham,2026-08-04T10:13:01+00:00
19fcc4328a785ba5,Re: [khushal910/MailSentry] chore(deps-frontend)(deps-dev): bump eslint from 9.39.4 to 10.8.0 in /frontend (PR #16),"@dependabot[bot] pushed 1 commit. f85ad79 chore(deps-frontend)(deps-dev): bump eslint in /frontend — View it on GitHub or unsubscribe. Triage notifications, keep track of coding agent tasks and review",ham,2026-08-04T10:13:01+00:00
19ff1c00b1574db7,enc,3fn nrk,ham,2026-08-11T16:55:23+00:00
19ff104a27319f74,4 weeks free trial? Let membership perks begin.,Taking another trip? Save on your next eligible one! ͏ ͏ ͏ ͏ ͏ ͏ ͏ ͏ ͏ ͏ ͏ ͏ ͏ ͏ ͏ ͏ ͏ ͏ ͏ ͏ ͏ ͏ ͏ ͏ ͏ ͏ ͏ ͏ ͏ ͏ ͏ ͏ ͏ ͏ ͏ ͏ ͏ ͏ ͏ ͏ ͏ ͏ ͏ ͏ ͏ ͏ ͏ ͏ ͏ ͏ ͏ ͏ ͏ ͏ ͏ ͏ ͏ ͏ ͏ ͏ ͏ ͏ ͏ ͏ ͏ ͏ ͏ ͏ ͏ ͏ ͏ ͏ ͏ ͏,ham,2026-08-11T13:30:39+00:00
19ff07c55071b87a,Up to 80% off on TradingView plans,Get massive discounts this Indian Independence Day. ͏ ‌ ͏ ‌ ͏ ‌ ͏ ‌ ͏ ‌ ͏ ‌ ͏ ‌ ͏ ‌ ͏ ‌ ͏ ‌ ͏ ‌ ͏ ‌ ͏ ‌ ͏ ‌ ͏ ‌ ͏ ‌ ͏ ‌ ͏ ‌ ͏ ‌ ͏ ‌ ͏ ‌ ͏ ‌ ͏ ‌ ͏ ‌ ͏ ‌ ͏ ‌ ͏ ‌ ͏ ‌ ͏ ‌ ͏ ‌ ͏ ‌ ͏ ‌ ͏ ‌ ͏ ‌ ͏ ‌ ͏ ‌ ͏ ‌ ͏,ham,2026-08-11T11:01:47+00:00
19fefd8374a61498,👩👨👵🧔 Create your family profile today,Stay informed when loved ones are on the go. ͏ ͏ ͏ ͏ ͏ ͏ ͏ ͏ ͏ ͏ ͏ ͏ ͏ ͏ ͏ ͏ ͏ ͏ ͏ ͏ ͏ ͏ ͏ ͏ ͏ ͏ ͏ ͏ ͏ ͏ ͏ ͏ ͏ ͏ ͏ ͏ ͏ ͏ ͏ ͏ ͏ ͏ ͏ ͏ ͏ ͏ ͏ ͏ ͏ ͏ ͏ ͏ ͏ ͏ ͏ ͏ ͏ ͏ ͏ ͏ ͏ ͏ ͏ ͏ ͏ ͏ ͏ ͏ ͏ ͏ ͏ ͏ ͏ ͏ ͏ ͏ ͏ ͏,ham,2026-08-11T08:02:32+00:00
19fee9d6bb26b42e,Forgotten something? Parcel Bike has got you covered. 📦,Get last-minute deliveries in a pinch. ͏ ͏ ͏ ͏ ͏ ͏ ͏ ͏ ͏ ͏ ͏ ͏ ͏ ͏ ͏ ͏ ͏ ͏ ͏ ͏ ͏ ͏ ͏ ͏ ͏ ͏ ͏ ͏ ͏ ͏ ͏ ͏ ͏ ͏ ͏ ͏ ͏ ͏ ͏ ͏ ͏ ͏ ͏ ͏ ͏ ͏ ͏ ͏ ͏ ͏ ͏ ͏ ͏ ͏ ͏ ͏ ͏ ͏ ͏ ͏ ͏ ͏ ͏ ͏ ͏ ͏ ͏ ͏ ͏ ͏ ͏ ͏ ͏ ͏ ͏ ͏ ͏ ͏ ͏ ͏ ͏,ham,2026-08-11T02:18:41+00:00
19febbcf7948c354,New indicator by HexaTrades — check it out,TradingView HexaTrades that you follow published a new indicator Support &amp; Resistance Zones [HexaTrades] This indicator automatically finds the price levels where the market has turned around,ham,2026-08-10T12:54:15+00:00
19feaaba37e91a80,New indicator by Zeiierman — check it out,TradingView Zeiierman that you follow published a new indicator LTF Volume Microburst Bubbles (Zeiierman) █ Overview LTF Volume Microburst Bubbles (Zeiierman) is a lower-timeframe volume indicator,ham,2026-08-10T07:55:44+00:00
19fdd58770c26d12,You shared some Google Account data with job-portal-xi-jet.vercel.app,Keep track of your Google Account data tradingviewkhusham09@gmail.com You&#39;re receiving this email because you used Sign in with Google to sign in to job-portal-xi-jet.vercel.app on 7 August at 22:,ham,2026-08-07T17:49:49+00:00
19fda233130ed020,"Feel secure, wherever Bike takes you",Take a closer look at Bike safety ͏ ͏ ͏ ͏ ͏ ͏ ͏ ͏ ͏ ͏ ͏ ͏ ͏ ͏ ͏ ͏ ͏ ͏ ͏ ͏ ͏ ͏ ͏ ͏ ͏ ͏ ͏ ͏ ͏ ͏ ͏ ͏ ͏ ͏ ͏ ͏ ͏ ͏ ͏ ͏ ͏ ͏ ͏ ͏ ͏ ͏ ͏ ͏ ͏ ͏ ͏ ͏ ͏ ͏ ͏ ͏ ͏ ͏ ͏ ͏ ͏ ͏ ͏ ͏ ͏ ͏ ͏ ͏ ͏ ͏ ͏ ͏ ͏ ͏ ͏ ͏ ͏ ͏ ͏ ͏ ͏ ͏ ͏ ͏,ham,2026-08-07T02:52:46+00:00
19fd690a0dd3288c,Get 25% off your first bus ticket,Travel by bus for less with Uber ͏ ͏ ͏ ͏ ͏ ͏ ͏ ͏ ͏ ͏ ͏ ͏ ͏ ͏ ͏ ͏ ͏ ͏ ͏ ͏ ͏ ͏ ͏ ͏ ͏ ͏ ͏ ͏ ͏ ͏ ͏ ͏ ͏ ͏ ͏ ͏ ͏ ͏ ͏ ͏ ͏ ͏ ͏ ͏ ͏ ͏ ͏ ͏ ͏ ͏ ͏ ͏ ͏ ͏ ͏ ͏ ͏ ͏ ͏ ͏ ͏ ͏ ͏ ͏ ͏ ͏ ͏ ͏ ͏ ͏ ͏ ͏ ͏ ͏ ͏ ͏ ͏ ͏ ͏ ͏ ͏ ͏ ͏ ͏,ham,2026-08-06T10:13:48+00:00
19fd4d258826f1f6,Save time with a Parcel Bike delivery 📦,Get items sent to wherever you need. ͏ ͏ ͏ ͏ ͏ ͏ ͏ ͏ ͏ ͏ ͏ ͏ ͏ ͏ ͏ ͏ ͏ ͏ ͏ ͏ ͏ ͏ ͏ ͏ ͏ ͏ ͏ ͏ ͏ ͏ ͏ ͏ ͏ ͏ ͏ ͏ ͏ ͏ ͏ ͏ ͏ ͏ ͏ ͏ ͏ ͏ ͏ ͏ ͏ ͏ ͏ ͏ ͏ ͏ ͏ ͏ ͏ ͏ ͏ ͏ ͏ ͏ ͏ ͏ ͏ ͏ ͏ ͏ ͏ ͏ ͏ ͏ ͏ ͏ ͏ ͏ ͏ ͏ ͏ ͏ ͏ ͏,ham,2026-08-06T02:06:22+00:00
19fd0efeb33dbeab,"It's time to subscribe for August, maxwall123",A $5 bet can unlock your subscription bonus ‌ ‌ ‌ ‌ ‌ ‌ ‌ ‌ ‌ ‌ ‌ ‌ ‌ ‌ ‌ ‌ ‌ ‌ ‌ ‌ ‌ ‌ ‌ ‌ ‌ ‌ ‌ ‌ ‌ ‌ ‌ ‌ ‌ ‌ ‌ ‌ ‌ ‌ ‌ ‌ ‌ ‌ ‌ ‌ ‌ ‌ ‌ ‌ ‌ ‌ ‌ ‌ ‌ ‌ ‌ ‌ ‌ ‌ ‌ ‌ ‌ ‌ ‌ ‌ ‌ ‌ ‌ ‌ ‌ ‌ ‌ ‌ ‌ ‌ ‌ ‌ ‌ ‌ ‌,ham,2026-08-05T08:00:00+00:00
19fcd6ed6de0d30b,🚗 Loved ones on the go? Take charge,Help them travel stress-free with a family profile. ͏ ͏ ͏ ͏ ͏ ͏ ͏ ͏ ͏ ͏ ͏ ͏ ͏ ͏ ͏ ͏ ͏ ͏ ͏ ͏ ͏ ͏ ͏ ͏ ͏ ͏ ͏ ͏ ͏ ͏ ͏ ͏ ͏ ͏ ͏ ͏ ͏ ͏ ͏ ͏ ͏ ͏ ͏ ͏ ͏ ͏ ͏ ͏ ͏ ͏ ͏ ͏ ͏ ͏ ͏ ͏ ͏ ͏ ͏ ͏ ͏ ͏ ͏ ͏ ͏ ͏ ͏ ͏ ͏ ͏ ͏ ͏ ͏ ͏ ͏,ham,2026-08-04T15:40:19+00:00
19fcc532b9e578ef,Enjoy a 4 weeks free trial with Uber One,More savings on eligible rides with a membership. ͏ ͏ ͏ ͏ ͏ ͏ ͏ ͏ ͏ ͏ ͏ ͏ ͏ ͏ ͏ ͏ ͏ ͏ ͏ ͏ ͏ ͏ ͏ ͏ ͏ ͏ ͏ ͏ ͏ ͏ ͏ ͏ ͏ ͏ ͏ ͏ ͏ ͏ ͏ ͏ ͏ ͏ ͏ ͏ ͏ ͏ ͏ ͏ ͏ ͏ ͏ ͏ ͏ ͏ ͏ ͏ ͏ ͏ ͏ ͏ ͏ ͏ ͏ ͏ ͏ ͏ ͏ ͏ ͏ ͏ ͏ ͏ ͏ ͏ ͏ ͏,ham,2026-08-04T10:30:29+00:00
19fcb2841a958de0,Your on-demand Parcel is here,"Fast, reliable deliveries at your fingertips - just like your rides. ͏ ͏ ͏ ͏ ͏ ͏ ͏ ͏ ͏ ͏ ͏ ͏ ͏ ͏ ͏ ͏ ͏ ͏ ͏ ͏ ͏ ͏ ͏ ͏ ͏ ͏ ͏ ͏ ͏ ͏ ͏ ͏ ͏ ͏ ͏ ͏ ͏ ͏ ͏ ͏ ͏ ͏ ͏ ͏ ͏ ͏ ͏ ͏ ͏ ͏ ͏ ͏ ͏ ͏ ͏ ͏ ͏ ͏ ͏ ͏ ͏ ͏ ͏ ͏ ͏ ͏",ham,2026-08-04T05:04:00+00:00
19fc6acd4a3813db,New indicator by Zeiierman — check it out,TradingView Zeiierman that you follow published a new indicator Inversion Order Blocks [iOB] (Zeiierman) █ Overview Inversion Order Blocks [iOB] (Zeiierman) identifies when traditional Order Blocks,ham,2026-08-03T08:10:42+00:00
19fc04057eb6c007,Your Sunday morning trip with Uber,"2 Aug 2026 07:39 2 Aug 2026 , 07:39 Thanks for riding, Khush We hope you enjoyed your ride this morning. Total ₹0.00 Get 100% off on Auto upto INR 55 Suggested fare ₹50.16 Promotion -₹50.16 Download",ham,2026-08-02T02:14:28+00:00
19fbc930db35fdee,Your MailSentry password reset code,🛡️ MailSentry Secure Email Protection Password Reset Verification We received a request to reset your password. Use the 6-digit code below to verify your request. This code will expire in 10 minutes.,ham,2026-08-01T09:06:20+00:00
19fb72c5785e9ca3,REMINDER: Your Bonus Is Waiting,Claim it before it expires. Already claimed? No further action is needed. ‌ ‌ ‌ ‌ ‌ ‌ ‌ ‌ ‌ ‌ ‌ ‌ ‌ ‌ ‌ ‌ ‌ ‌ ‌ ‌ ‌ ‌ ‌ ‌ ‌ ‌ ‌ ‌ ‌ ‌ ‌ ‌ ‌ ‌ ‌ ‌ ‌ ‌ ‌ ‌ ‌ ‌ ‌ ‌ ‌ ‌ ‌ ‌ ‌ ‌ ‌ ‌ ‌ ‌ ‌ ‌ ‌ ‌ ‌ ‌ ‌ ‌ ‌ ‌,ham,2026-07-31T07:56:00+00:00
19fb68faca9858fd,Rider insurance awaits for Uber Moto,Sign up to rider Insurance at ₹3/trip. ͏ ͏ ͏ ͏ ͏ ͏ ͏ ͏ ͏ ͏ ͏ ͏ ͏ ͏ ͏ ͏ ͏ ͏ ͏ ͏ ͏ ͏ ͏ ͏ ͏ ͏ ͏ ͏ ͏ ͏ ͏ ͏ ͏ ͏ ͏ ͏ ͏ ͏ ͏ ͏ ͏ ͏ ͏ ͏ ͏ ͏ ͏ ͏ ͏ ͏ ͏ ͏ ͏ ͏ ͏ ͏ ͏ ͏ ͏ ͏ ͏ ͏ ͏ ͏ ͏ ͏ ͏ ͏ ͏ ͏ ͏ ͏ ͏ ͏ ͏ ͏ ͏ ͏ ͏ ͏ ͏,ham,2026-07-31T05:04:55+00:00
19fb24dbc94e000c,25% off your first bus ticket - book today!,Don&#39;t miss this amazing travel offer🚉 ͏ ͏ ͏ ͏ ͏ ͏ ͏ ͏ ͏ ͏ ͏ ͏ ͏ ͏ ͏ ͏ ͏ ͏ ͏ ͏ ͏ ͏ ͏ ͏ ͏ ͏ ͏ ͏ ͏ ͏ ͏ ͏ ͏ ͏ ͏ ͏ ͏ ͏ ͏ ͏ ͏ ͏ ͏ ͏ ͏ ͏ ͏ ͏ ͏ ͏ ͏ ͏ ͏ ͏ ͏ ͏ ͏ ͏ ͏ ͏ ͏ ͏ ͏ ͏ ͏ ͏ ͏ ͏ ͏ ͏ ͏ ͏ ͏ ͏ ͏ ͏ ͏ ͏ ͏ ͏,ham,2026-07-30T09:14:25+00:00
19fa8ee925c0308e,Ride away with a 4 weeks free trial 🚗,Save on eligible rides with a membership. ͏ ͏ ͏ ͏ ͏ ͏ ͏ ͏ ͏ ͏ ͏ ͏ ͏ ͏ ͏ ͏ ͏ ͏ ͏ ͏ ͏ ͏ ͏ ͏ ͏ ͏ ͏ ͏ ͏ ͏ ͏ ͏ ͏ ͏ ͏ ͏ ͏ ͏ ͏ ͏ ͏ ͏ ͏ ͏ ͏ ͏ ͏ ͏ ͏ ͏ ͏ ͏ ͏ ͏ ͏ ͏ ͏ ͏ ͏ ͏ ͏ ͏ ͏ ͏ ͏ ͏ ͏ ͏ ͏ ͏ ͏ ͏ ͏ ͏ ͏ ͏ ͏ ͏ ͏ ͏,ham,2026-07-28T13:33:54+00:00
19fa33fa43d2a97e,New indicator by Zeiierman — check it out,TradingView Zeiierman that you follow published a new indicator Smart Swing VWAP (Zeiierman) █ Overview Smart Swing VWAP (Zeiierman) is an adaptive price-volume tool that automatically selects,ham,2026-07-27T11:04:44+00:00
19fa15e854199740,"Khush, join millions of riders just like you.",Get there with Uber ͏ ͏ ͏ ͏ ͏ ͏ ͏ ͏ ͏ ͏ ͏ ͏ ͏ ͏ ͏ ͏ ͏ ͏ ͏ ͏ ͏ ͏ ͏ ͏ ͏ ͏ ͏ ͏ ͏ ͏ ͏ ͏ ͏ ͏ ͏ ͏ ͏ ͏ ͏ ͏ ͏ ͏ ͏ ͏ ͏ ͏ ͏ ͏ ͏ ͏ ͏ ͏ ͏ ͏ ͏ ͏ ͏ ͏ ͏ ͏ ͏ ͏ ͏ ͏ ͏ ͏ ͏ ͏ ͏ ͏ ͏ ͏ ͏ ͏ ͏ ͏ ͏ ͏ ͏ ͏ ͏ ͏ ͏ ͏ ͏ ͏ ͏ ͏ ͏ ͏ ͏,ham,2026-07-27T02:19:13+00:00
19f9c475bf8d75b0,Safety features for every ride,Set up your preferences and ride with confidence. ͏ ͏ ͏ ͏ ͏ ͏ ͏ ͏ ͏ ͏ ͏ ͏ ͏ ͏ ͏ ͏ ͏ ͏ ͏ ͏ ͏ ͏ ͏ ͏ ͏ ͏ ͏ ͏ ͏ ͏ ͏ ͏ ͏ ͏ ͏ ͏ ͏ ͏ ͏ ͏ ͏ ͏ ͏ ͏ ͏ ͏ ͏ ͏ ͏ ͏ ͏ ͏ ͏ ͏ ͏ ͏ ͏ ͏ ͏ ͏ ͏ ͏ ͏ ͏ ͏ ͏ ͏ ͏ ͏ ͏ ͏ ͏ ͏ ͏ ͏ ͏,ham,2026-07-26T02:35:49+00:00
19f995068cb3fab7,Top tips on riding with Uber Bike,Take a look at tips for your next motorbike ride. ͏ ͏ ͏ ͏ ͏ ͏ ͏ ͏ ͏ ͏ ͏ ͏ ͏ ͏ ͏ ͏ ͏ ͏ ͏ ͏ ͏ ͏ ͏ ͏ ͏ ͏ ͏ ͏ ͏ ͏ ͏ ͏ ͏ ͏ ͏ ͏ ͏ ͏ ͏ ͏ ͏ ͏ ͏ ͏ ͏ ͏ ͏ ͏ ͏ ͏ ͏ ͏ ͏ ͏ ͏ ͏ ͏ ͏ ͏ ͏ ͏ ͏ ͏ ͏ ͏ ͏ ͏ ͏ ͏ ͏ ͏ ͏ ͏ ͏ ͏ ͏,ham,2026-07-25T12:46:51+00:00
19f98278ec56f09f,Your on-demand Parcel is here,"Fast, reliable deliveries at your fingertips - just like your rides. ͏ ͏ ͏ ͏ ͏ ͏ ͏ ͏ ͏ ͏ ͏ ͏ ͏ ͏ ͏ ͏ ͏ ͏ ͏ ͏ ͏ ͏ ͏ ͏ ͏ ͏ ͏ ͏ ͏ ͏ ͏ ͏ ͏ ͏ ͏ ͏ ͏ ͏ ͏ ͏ ͏ ͏ ͏ ͏ ͏ ͏ ͏ ͏ ͏ ͏ ͏ ͏ ͏ ͏ ͏ ͏ ͏ ͏ ͏ ͏ ͏ ͏ ͏ ͏ ͏ ͏",ham,2026-07-25T07:22:37+00:00
19f970ef28fd2d6e,Save up to 25%* on Parcel,Send with confidence using Uber Parcel ͏ ͏ ͏ ͏ ͏ ͏ ͏ ͏ ͏ ͏ ͏ ͏ ͏ ͏ ͏ ͏ ͏ ͏ ͏ ͏ ͏ ͏ ͏ ͏ ͏ ͏ ͏ ͏ ͏ ͏ ͏ ͏ ͏ ͏ ͏ ͏ ͏ ͏ ͏ ͏ ͏ ͏ ͏ ͏ ͏ ͏ ͏ ͏ ͏ ͏ ͏ ͏ ͏ ͏ ͏ ͏ ͏ ͏ ͏ ͏ ͏ ͏ ͏ ͏ ͏ ͏ ͏ ͏ ͏ ͏ ͏ ͏ ͏ ͏ ͏ ͏ ͏ ͏ ͏ ͏ ͏,ham,2026-07-25T02:16:06+00:00
19f94602af249e8a,Get DOUBLE the odds for the EPL!,This weekend only – plus Wheel Wars and Stake birthday updates ‌ ‌ ‌ ‌ ‌ ‌ ‌ ‌ ‌ ‌ ‌ ‌ ‌ ‌ ‌ ‌ ‌ ‌ ‌ ‌ ‌ ‌ ‌ ‌ ‌ ‌ ‌ ‌ ‌ ‌ ‌ ‌ ‌ ‌ ‌ ‌ ‌ ‌ ‌ ‌ ‌ ‌ ‌ ‌ ‌ ‌ ‌ ‌ ‌ ‌ ‌ ‌ ‌ ‌ ‌ ‌ ‌ ‌ ‌ ‌ ‌ ‌ ‌ ‌ ‌ ‌ ‌ ‌ ‌,ham,2026-07-24T13:27:16+00:00
19f9426192286cd1,🚗 Loved ones on the go? Take charge,Help them ride stress-free with a Family profile. ͏ ͏ ͏ ͏ ͏ ͏ ͏ ͏ ͏ ͏ ͏ ͏ ͏ ͏ ͏ ͏ ͏ ͏ ͏ ͏ ͏ ͏ ͏ ͏ ͏ ͏ ͏ ͏ ͏ ͏ ͏ ͏ ͏ ͏ ͏ ͏ ͏ ͏ ͏ ͏ ͏ ͏ ͏ ͏ ͏ ͏ ͏ ͏ ͏ ͏ ͏ ͏ ͏ ͏ ͏ ͏ ͏ ͏ ͏ ͏ ͏ ͏ ͏ ͏ ͏ ͏ ͏ ͏ ͏ ͏ ͏ ͏ ͏ ͏ ͏ ͏,ham,2026-07-24T12:42:32+00:00
19f93a2b2f5b2bbb,New indicator by Zeiierman — check it out,TradingView Zeiierman that you follow published a new indicator Directional Volume Shapes (Zeiierman) █ Overview Directional Volume Shapes (Zeiierman) is a regime-classification oscillator that,ham,2026-07-24T10:18:57+00:00
19f931dcf45478c1,Send anything from 5kg to 750kg,With Uber Parcel ͏ ͏ ͏ ͏ ͏ ͏ ͏ ͏ ͏ ͏ ͏ ͏ ͏ ͏ ͏ ͏ ͏ ͏ ͏ ͏ ͏ ͏ ͏ ͏ ͏ ͏ ͏ ͏ ͏ ͏ ͏ ͏ ͏ ͏ ͏ ͏ ͏ ͏ ͏ ͏ ͏ ͏ ͏ ͏ ͏ ͏ ͏ ͏ ͏ ͏ ͏ ͏ ͏ ͏ ͏ ͏ ͏ ͏ ͏ ͏ ͏ ͏ ͏ ͏ ͏ ͏ ͏ ͏ ͏ ͏ ͏ ͏ ͏ ͏ ͏ ͏ ͏ ͏ ͏ ͏ ͏ ͏ ͏ ͏ ͏ ͏ ͏ ͏ ͏ ͏ ͏ ͏,ham,2026-07-24T07:53:52+00:00
19f91e23d050d733,Find the ride that fits your plans!,Explore all your options for riding with Uber. ͏ ͏ ͏ ͏ ͏ ͏ ͏ ͏ ͏ ͏ ͏ ͏ ͏ ͏ ͏ ͏ ͏ ͏ ͏ ͏ ͏ ͏ ͏ ͏ ͏ ͏ ͏ ͏ ͏ ͏ ͏ ͏ ͏ ͏ ͏ ͏ ͏ ͏ ͏ ͏ ͏ ͏ ͏ ͏ ͏ ͏ ͏ ͏ ͏ ͏ ͏ ͏ ͏ ͏ ͏ ͏ ͏ ͏ ͏ ͏ ͏ ͏ ͏ ͏ ͏ ͏ ͏ ͏ ͏ ͏ ͏ ͏ ͏ ͏ ͏ ͏ ͏,ham,2026-07-24T02:09:10+00:00
19f8efc6bb7ea04f,Get 25% off your first bus booking on Uber,"Travel smart, for less, with Uber🚉 ͏ ͏ ͏ ͏ ͏ ͏ ͏ ͏ ͏ ͏ ͏ ͏ ͏ ͏ ͏ ͏ ͏ ͏ ͏ ͏ ͏ ͏ ͏ ͏ ͏ ͏ ͏ ͏ ͏ ͏ ͏ ͏ ͏ ͏ ͏ ͏ ͏ ͏ ͏ ͏ ͏ ͏ ͏ ͏ ͏ ͏ ͏ ͏ ͏ ͏ ͏ ͏ ͏ ͏ ͏ ͏ ͏ ͏ ͏ ͏ ͏ ͏ ͏ ͏ ͏ ͏ ͏ ͏ ͏ ͏ ͏ ͏ ͏ ͏ ͏ ͏ ͏ ͏ ͏ ͏ ͏ ͏ ͏",ham,2026-07-23T12:38:54+00:00
19f8dda6a0f9b585,Let's talk ride prices,See fare and payment options before you ride. ͏ ͏ ͏ ͏ ͏ ͏ ͏ ͏ ͏ ͏ ͏ ͏ ͏ ͏ ͏ ͏ ͏ ͏ ͏ ͏ ͏ ͏ ͏ ͏ ͏ ͏ ͏ ͏ ͏ ͏ ͏ ͏ ͏ ͏ ͏ ͏ ͏ ͏ ͏ ͏ ͏ ͏ ͏ ͏ ͏ ͏ ͏ ͏ ͏ ͏ ͏ ͏ ͏ ͏ ͏ ͏ ͏ ͏ ͏ ͏ ͏ ͏ ͏ ͏ ͏ ͏ ͏ ͏ ͏ ͏ ͏ ͏ ͏ ͏ ͏ ͏ ͏ ͏,ham,2026-07-23T07:22:09+00:00
19f8cd68d35eb151,Monsoon sale: 25% off your next bus ride! 🚌,A bus trip to Goa is incredibly scenic right now 🌴 ͏ ͏ ͏ ͏ ͏ ͏ ͏ ͏ ͏ ͏ ͏ ͏ ͏ ͏ ͏ ͏ ͏ ͏ ͏ ͏ ͏ ͏ ͏ ͏ ͏ ͏ ͏ ͏ ͏ ͏ ͏ ͏ ͏ ͏ ͏ ͏ ͏ ͏ ͏ ͏ ͏ ͏ ͏ ͏ ͏ ͏ ͏ ͏ ͏ ͏ ͏ ͏ ͏ ͏ ͏ ͏ ͏ ͏ ͏ ͏ ͏ ͏ ͏ ͏ ͏ ͏ ͏ ͏ ͏ ͏ ͏ ͏ ͏ ͏ ͏,ham,2026-07-23T02:38:18+00:00
19f89db295f81bae,Your input matters,Take a minute to make Uber&#39;s optional trip Insurance better ͏ ͏ ͏ ͏ ͏ ͏ ͏ ͏ ͏ ͏ ͏ ͏ ͏ ͏ ͏ ͏ ͏ ͏ ͏ ͏ ͏ ͏ ͏ ͏ ͏ ͏ ͏ ͏ ͏ ͏ ͏ ͏ ͏ ͏ ͏ ͏ ͏ ͏ ͏ ͏ ͏ ͏ ͏ ͏ ͏ ͏ ͏ ͏ ͏ ͏ ͏ ͏ ͏ ͏ ͏ ͏ ͏ ͏ ͏ ͏ ͏ ͏ ͏ ͏ ͏ ͏ ͏ ͏ ͏,ham,2026-07-22T12:44:29+00:00
19f87ae9991019ca,Planning a night out?,Ride confidently with built-in safety features. ͏ ͏ ͏ ͏ ͏ ͏ ͏ ͏ ͏ ͏ ͏ ͏ ͏ ͏ ͏ ͏ ͏ ͏ ͏ ͏ ͏ ͏ ͏ ͏ ͏ ͏ ͏ ͏ ͏ ͏ ͏ ͏ ͏ ͏ ͏ ͏ ͏ ͏ ͏ ͏ ͏ ͏ ͏ ͏ ͏ ͏ ͏ ͏ ͏ ͏ ͏ ͏ ͏ ͏ ͏ ͏ ͏ ͏ ͏ ͏ ͏ ͏ ͏ ͏ ͏ ͏ ͏ ͏ ͏ ͏ ͏ ͏ ͏ ͏ ͏ ͏ ͏,ham,2026-07-22T02:36:32+00:00
19f847ac9da045cf,Ayush’s August Cohort is Sold Out,"Hi khu, Ayush Singh&#39;s AI Native Cohort, starting on August 1, is officially sold out. Every seat is taken. The response over the last month has been far beyond anything we expected, and we wanted",spam,2026-07-21T11:41:05+00:00
19f83cfa79baa7fd,"A free bonus for you, maxwall123",It&#39;s yours to use as you like! ‌ ‌ ‌ ‌ ‌ ‌ ‌ ‌ ‌ ‌ ‌ ‌ ‌ ‌ ‌ ‌ ‌ ‌ ‌ ‌ ‌ ‌ ‌ ‌ ‌ ‌ ‌ ‌ ‌ ‌ ‌ ‌ ‌ ‌ ‌ ‌ ‌ ‌ ‌ ‌ ‌ ‌ ‌ ‌ ‌ ‌ ‌ ‌ ‌ ‌ ‌ ‌ ‌ ‌ ‌ ‌ ‌ ‌ ‌ ‌ ‌ ‌ ‌ ‌ ‌ ‌ ‌ ‌ ‌ ‌ ‌ ‌ ‌ ‌ ‌ ‌ ‌ ‌ ‌ ‌ ‌ ‌ ‌,ham,2026-07-21T08:34:11+00:00
19f8279d6c435917,From nights out to shopping trips – find your ride.,"For moments big and small, you&#39;ve got a ride. ͏ ͏ ͏ ͏ ͏ ͏ ͏ ͏ ͏ ͏ ͏ ͏ ͏ ͏ ͏ ͏ ͏ ͏ ͏ ͏ ͏ ͏ ͏ ͏ ͏ ͏ ͏ ͏ ͏ ͏ ͏ ͏ ͏ ͏ ͏ ͏ ͏ ͏ ͏ ͏ ͏ ͏ ͏ ͏ ͏ ͏ ͏ ͏ ͏ ͏ ͏ ͏ ͏ ͏ ͏ ͏ ͏ ͏ ͏ ͏ ͏ ͏ ͏ ͏ ͏ ͏ ͏ ͏ ͏ ͏ ͏ ͏ ͏ ͏ ͏ ͏",ham,2026-07-21T02:20:50+00:00
19f7f76c956e5f0a,"Is Anthropic’s latest AI, Fable 5, coming after developers?","Hi khu, Only 5 seats are left in the AI Native Cohort, and we did not want you to miss out before enrolment closes. You can lock your spot with a small token amount of just Rs. 1000, and even that is",spam,2026-07-20T12:18:38+00:00
19f7d81e7808b3ed,Welcome to Uber!,We&#39;d like to hear from you! ͏ ͏ ͏ ͏ ͏ ͏ ͏ ͏ ͏ ͏ ͏ ͏ ͏ ͏ ͏ ͏ ͏ ͏ ͏ ͏ ͏ ͏ ͏ ͏ ͏ ͏ ͏ ͏ ͏ ͏ ͏ ͏ ͏ ͏ ͏ ͏ ͏ ͏ ͏ ͏ ͏ ͏ ͏ ͏ ͏ ͏ ͏ ͏ ͏ ͏ ͏ ͏ ͏ ͏ ͏ ͏ ͏ ͏ ͏ ͏ ͏ ͏ ͏ ͏ ͏ ͏ ͏ ͏ ͏ ͏ ͏ ͏ ͏ ͏ ͏ ͏ ͏ ͏ ͏ ͏ ͏ ͏ ͏ ͏ ͏,ham,2026-07-20T03:11:32+00:00
19f7d81dfd149673,Your Monday morning trip with Uber,"20 Jul 2026 08:00 20 Jul 2026 , 08:00 Thanks for riding, Khush We hope you enjoyed your ride this morning. Total ₹50.77 Get 100% off on Bike upto INR 30 Booking fee ₹5.00 Suggested fare ₹75.77",ham,2026-07-20T03:11:30+00:00
19f7244c20c9e6e0,Get $10 boosted odds for the Final!,"One final promotion – and it&#39;s all yours, maxwall123 ‌ ‌ ‌ ‌ ‌ ‌ ‌ ‌ ‌ ‌ ‌ ‌ ‌ ‌ ‌ ‌ ‌ ‌ ‌ ‌ ‌ ‌ ‌ ‌ ‌ ‌ ‌ ‌ ‌ ‌ ‌ ‌ ‌ ‌ ‌ ‌ ‌ ‌ ‌ ‌ ‌ ‌ ‌ ‌ ‌ ‌ ‌ ‌ ‌ ‌ ‌ ‌ ‌ ‌ ‌ ‌ ‌ ‌ ‌ ‌ ‌ ‌ ‌ ‌ ‌ ‌ ‌ ‌ ‌ ‌ ‌ ‌",ham,2026-07-17T21:00:00+00:00
19f6f6d50bc19750,New indicator by HexaTrades — check it out,TradingView HexaTrades that you follow published a new indicator Advanced Fibonacci Golden Zone [HexaTrades] Advanced Fibonacci Golden Zone automatically finds the market&#39;s significant swing legs,ham,2026-07-17T09:34:21+00:00
19f5ad1f4f70bcf4,New indicator by Zeiierman — check it out,TradingView Zeiierman that you follow published a new indicator Inversion Fair Value Gaps [iFVG] (Zeiierman) █ Overview Inversion Fair Value Gaps [iFVG] (Zeiierman) identifies when traditional Fair,ham,2026-07-13T09:32:10+00:00
19f4b5cf93c8fa0d,"maxwall123, win big on the Quarterfinals.","This week&#39;s biggest matches, plus payouts worth chasing. ‌ ‌ ‌ ‌ ‌ ‌ ‌ ‌ ‌ ‌ ‌ ‌ ‌ ‌ ‌ ‌ ‌ ‌ ‌ ‌ ‌ ‌ ‌ ‌ ‌ ‌ ‌ ‌ ‌ ‌ ‌ ‌ ‌ ‌ ‌ ‌ ‌ ‌ ‌ ‌ ‌ ‌ ‌ ‌ ‌ ‌ ‌ ‌ ‌ ‌ ‌ ‌ ‌ ‌ ‌ ‌ ‌ ‌ ‌ ‌ ‌ ‌ ‌ ‌ ‌ ‌ ‌ ‌ ‌ ‌",ham,2026-07-10T09:30:00+00:00
19f40e1a153a2c1b,"Score First, You Win!",Max Payout $250 ‌ ‌ ‌ ‌ ‌ ‌ ‌ ‌ ‌ ‌ ‌ ‌ ‌ ‌ ‌ ‌ ‌ ‌ ‌ ‌ ‌ ‌ ‌ ‌ ‌ ‌ ‌ ‌ ‌ ‌ ‌ ‌ ‌ ‌ ‌ ‌ ‌ ‌ ‌ ‌ ‌ ‌ ‌ ‌ ‌ ‌ ‌ ‌ ‌ ‌ ‌ ‌ ‌ ‌ ‌ ‌ ‌ ‌ ‌ ‌ ‌ ‌ ‌ ‌ ‌ ‌ ‌ ‌ ‌ ‌ ‌ ‌ ‌ ‌ ‌ ‌ ‌ ‌ ‌ ‌ ‌ ‌ ‌ ‌ ‌ ‌ ‌ ‌ ‌ ‌ ‌ ‌ ‌,ham,2026-07-08T08:11:23+00:00
19f40c6e60419d0d,Place your bet for the subscription bonus,See full terms and conditions here ‌ ‌ ‌ ‌ ‌ ‌ ‌ ‌ ‌ ‌ ‌ ‌ ‌ ‌ ‌ ‌ ‌ ‌ ‌ ‌ ‌ ‌ ‌ ‌ ‌ ‌ ‌ ‌ ‌ ‌ ‌ ‌ ‌ ‌ ‌ ‌ ‌ ‌ ‌ ‌ ‌ ‌ ‌ ‌ ‌ ‌ ‌ ‌ ‌ ‌ ‌ ‌ ‌ ‌ ‌ ‌ ‌ ‌ ‌ ‌ ‌ ‌ ‌ ‌ ‌ ‌ ‌ ‌ ‌ ‌ ‌ ‌ ‌ ‌ ‌ ‌ ‌ ‌ ‌ ‌ ‌ ‌ ‌,ham,2026-07-08T08:07:47+00:00
19f36e69f46694c8,New indicator by Zeiierman — check it out,TradingView Zeiierman that you follow published a new indicator Change in State of Delivery [CISD] (Zeiierman) █ Overview Change in State of Delivery [CISD] (Zeiierman) identifies genuine changes in,ham,2026-07-06T10:06:43+00:00
19f36bf245dfcdf8,Can you give me a testimonial?,"How was your ai career planner with Ayush Singh? We&#39;d love your feedback. FEEDBACK REQUEST Hi khu, I hope you found ai career planner helpful and worth your time 👏 If you have a moment, I&#39;d",ham,2026-07-06T09:25:23+00:00
19f35b6b7e2ff5f2,Can you give me a testimonial?,"How was your How to become Top 0.1% AI engineer worksheet? with Ayush Singh? We&#39;d love your feedback. FEEDBACK REQUEST Hi khushal, I hope you found How to become Top 0.1% AI engineer worksheet?",ham,2026-07-06T04:36:33+00:00
19f26ddda6ac2d23,how a 20-person team built 5 custom web apps without engineers,No engineers. No dev budget. Just a clear idea and Manus. No engineers. No dev budget. Just a clear idea and Manus. Manus What a 20-person team built without a single engineer They needed five custom,ham,2026-07-03T07:25:00+00:00
19f25d641eb7a8f1,Can you give me a testimonial?,"How was your How to become Top 0.1% AI engineer worksheet? with Ayush Singh? We&#39;d love your feedback. FEEDBACK REQUEST Hi khushal, I hope you found How to become Top 0.1% AI engineer worksheet?",ham,2026-07-03T02:37:04+00:00
19f256c8d7e74049,"It's time to subscribe for July, maxwall123",Subscription perks await you. Click here. ‌ ‌ ‌ ‌ ‌ ‌ ‌ ‌ ‌ ‌ ‌ ‌ ‌ ‌ ‌ ‌ ‌ ‌ ‌ ‌ ‌ ‌ ‌ ‌ ‌ ‌ ‌ ‌ ‌ ‌ ‌ ‌ ‌ ‌ ‌ ‌ ‌ ‌ ‌ ‌ ‌ ‌ ‌ ‌ ‌ ‌ ‌ ‌ ‌ ‌ ‌ ‌ ‌ ‌ ‌ ‌ ‌ ‌ ‌ ‌ ‌ ‌ ‌ ‌ ‌ ‌ ‌ ‌ ‌ ‌ ‌ ‌ ‌ ‌ ‌ ‌ ‌ ‌ ‌ ‌,ham,2026-07-03T00:28:01+00:00
19f1809440340ba1,New idea by Zeiierman — check it out,"TradingView Zeiierman that you follow published a new idea Why an Experienced Quant Spends 80% of His Time on Data XAUUSD, 1D █ Why a Quant with 20+ Years of Experience Spends 80% of His Time on Data",ham,2026-06-30T10:18:05+00:00
19f12b2a510237c4,Your digital product is ready,"Access your content from Ayush Singh — available now Ayush Singh via Topmate FREE BOOKING CONFIRMED Hey khu, Your digital product from Ayush Singh is ready! Access your files and links below. DIGITAL",ham,2026-06-29T09:25:23+00:00
19f12a787e92e6f3,New indicator by HexaTrades — check it out,TradingView HexaTrades that you follow published a new indicator Rising &amp; Falling Wedge Detector [HexaTrades] Overview Wedge Detector automatically identifies and draws the two most actionable,ham,2026-06-29T09:13:15+00:00
19f1280aacc8db01,New indicator by Zeiierman — check it out,TradingView Zeiierman that you follow published a new indicator High Volume Absorption Pivot Levels (Zeiierman) █ Overview High Volume Absorption Pivot Levels (Zeiierman) is a volume-based market,ham,2026-06-29T08:30:49+00:00
19f11aaa43f04e9e,AI agents aren’t autonomous. Anthropic’s leak proved it.,"khushal, AI agents aren&#39;t autonomous. Anthropic&#39;s leak proved it. ͏ ͏ ͏ ͏ ͏ ͏ ͏ ͏ ͏ ͏ ͏ ͏ ͏ ͏ ͏ ͏ ͏ ͏ ͏ ͏ ͏ ͏ ͏ ͏ ͏ ͏ ͏ ͏ ͏ ͏ ͏ ͏ ͏ ͏ ͏ ͏ ͏ ͏ ͏ ͏ ͏ ͏ ͏ ͏ ͏ ͏ ͏ ͏ ͏ ͏ ͏ ͏ ͏ ͏ ͏ ͏ ͏ ͏ ͏ ͏ ͏ ͏ ͏ ͏",ham,2026-06-29T04:37:03+00:00
19f11aa36f33ab33,Your digital product is ready,"Access your content from Ayush Singh — available now Ayush Singh via Topmate FREE BOOKING CONFIRMED Hey khushal, Your digital product from Ayush Singh is ready! Access your files and links below.",ham,2026-06-29T04:36:33+00:00
19f0b6d88ac11e58,New indicator by HexaTrades — check it out,TradingView HexaTrades that you follow published a new indicator Volume Profile Supertrend [HexaTrades] Volume Profile Supertrend re-imagines the classic Supertrend⁠. Instead of trailing bands built,ham,2026-06-27T23:32:35+00:00
19f058ebda1f49e8,New indicator by HexaTrades — check it out,TradingView HexaTrades that you follow published a new indicator Advanced Liquidity Sweep [HexaTrades] Advanced Liquidity Sweep is a Smart Money Concepts (SMC) indicator designed to automatically,ham,2026-06-26T20:11:07+00:00
19efecd24e621e6e,New indicator by HexaTrades — check it out,"TradingView HexaTrades that you follow published a new indicator Market Condition Oscillator [HexaTrades] Market Condition Oscillator classifies price action into three simple states⁠: Bullish Trend,",ham,2026-06-25T12:41:49+00:00
19efdeb3a42e9e44,New idea by HexaTrades — check it out,"TradingView HexaTrades that you follow published a new idea Volume Profile Patterns Explained⁠: P, b, D &amp; B Shapes BTCUSDT, 1D Understanding the shape of a Volume Profile is one of the fastest ways",ham,2026-06-25T08:34:50+00:00
19ef5b25bd34d1cd,New indicator by HexaTrades — check it out,TradingView HexaTrades that you follow published a new indicator Session Volume Profile - Intraday [HexaTrades] Session Volume Profile Intraday is a comprehensive volume profile indicator designed,ham,2026-06-23T18:16:05+00:00
19ef26677977d8a5,"Khu, it’s been a while. Check out what’s new with Gemini",Discover what you&#39;ve been missing out on. ‌ ‌ ‌ ‌ ‌ ‌ ‌ ‌ ‌ ‌ ‌ ‌ ‌ ‌ ‌ ‌ ‌ ‌ ‌ ‌ ‌ ‌ ‌ ‌ ‌ ‌ ‌ ‌ ‌ ‌ ‌ ‌ ‌ ‌ ‌ ‌ ‌ ‌ ‌ ‌ ‌ ‌ ‌ ‌ ‌ ‌ ‌ ‌ ‌ ‌ ‌ ‌ ‌ ‌ ‌ ‌ ‌ ‌ ‌ ‌ ‌ ‌ ‌ ‌ ‌ ‌ ‌ ‌ ‌ ‌ ‌ ‌ ‌ ‌ ‌ ‌ ‌ ‌,ham,2026-06-23T02:54:21+00:00
19ee588d63143cba,New indicator by HexaTrades — check it out,TradingView HexaTrades that you follow published a new indicator Technical Strength Gauge [HexaTrades] Most traders watch a handful of indicators and weigh them by gut feel⁠. Technical Strength Meter,ham,2026-06-20T14:56:50+00:00
19ee1d2c954c5510,Find out more about our updated Terms of Service,"tradingviewkhusham09@gmail.com Every couple of years, we update our Terms of Service. We wanted to let you know ahead of time that the next update will be on 30 July 2026. These changes won&#39;t",ham,2026-06-19T21:39:07+00:00
19ecf5adeccf0cd7,World Cup 2026 $5 Million Bets,A World Cup Special ‌ ‌ ‌ ‌ ‌ ‌ ‌ ‌ ‌ ‌ ‌ ‌ ‌ ‌ ‌ ‌ ‌ ‌ ‌ ‌ ‌ ‌ ‌ ‌ ‌ ‌ ‌ ‌ ‌ ‌ ‌ ‌ ‌ ‌ ‌ ‌ ‌ ‌ ‌ ‌ ‌ ‌ ‌ ‌ ‌ ‌ ‌ ‌ ‌ ‌ ‌ ‌ ‌ ‌ ‌ ‌ ‌ ‌ ‌ ‌ ‌ ‌ ‌ ‌ ‌ ‌ ‌ ‌ ‌ ‌ ‌ ‌ ‌ ‌ ‌ ‌ ‌ ‌ ‌ ‌ ‌ ‌ ‌ ‌ ‌ ‌ ‌ ‌ ‌ ‌ ‌,ham,2026-06-16T07:13:36+00:00
19ec1de93e3f6353,New device login detected — was this you?,"Check it out. If this wasn&#39;t you, secure your account immediately. ‌ ‌ ‌ ‌ ‌ ‌ ‌ ‌ ‌ ‌ ‌ ‌ ‌ ‌ ‌ ‌ ‌ ‌ ‌ ‌ ‌ ‌ ‌ ‌ ‌ ‌ ‌ ‌ ‌ ‌ ‌ ‌ ‌ ‌ ‌ ‌ ‌ ‌ ‌ ‌ ‌ ‌ ‌ ‌ ‌ ‌ ‌ ‌ ‌ ‌ ‌ ‌ ‌ ‌ ‌ ‌ ‌ ‌ ‌ ‌ ‌ ‌ ‌ ‌ ‌",ham,2026-06-13T16:44:08+00:00
19ebd2a6784e61a2,Track the SpaceX IPO on TradingView,"All latest updates, each price move, and forecasts — all right here. ͏ ‌ ͏ ‌ ͏ ‌ ͏ ‌ ͏ ‌ ͏ ‌ ͏ ‌ ͏ ‌ ͏ ‌ ͏ ‌ ͏ ‌ ͏ ‌ ͏ ‌ ͏ ‌ ͏ ‌ ͏ ‌ ͏ ‌ ͏ ‌ ͏ ‌ ͏ ‌ ͏ ‌ ͏ ‌ ͏ ‌ ͏ ‌ ͏ ‌ ͏ ‌ ͏ ‌ ͏ ‌ ͏ ‌ ͏ ‌ ͏ ‌ ͏ ‌ ͏ ‌",ham,2026-06-12T18:48:53+00:00
19ebade732e22fcb,We've gone big with our World Cup promotions,"Odds Boost, Halftime Rush, &amp; More. ‌ ‌ ‌ ‌ ‌ ‌ ‌ ‌ ‌ ‌ ‌ ‌ ‌ ‌ ‌ ‌ ‌ ‌ ‌ ‌ ‌ ‌ ‌ ‌ ‌ ‌ ‌ ‌ ‌ ‌ ‌ ‌ ‌ ‌ ‌ ‌ ‌ ‌ ‌ ‌ ‌ ‌ ‌ ‌ ‌ ‌ ‌ ‌ ‌ ‌ ‌ ‌ ‌ ‌ ‌ ‌ ‌ ‌ ‌ ‌ ‌ ‌ ‌ ‌ ‌ ‌ ‌ ‌ ‌ ‌ ‌ ‌ ‌ ‌ ‌ ‌ ‌ ‌ ‌ ‌ ‌",ham,2026-06-12T08:00:00+00:00
19ebac9397d70fa2,Up to 80% off ending soon,Your Summer sale discount won&#39;t last much longer. Don&#39;t miss it. ͏ ‌ ͏ ‌ ͏ ‌ ͏ ‌ ͏ ‌ ͏ ‌ ͏ ‌ ͏ ‌ ͏ ‌ ͏ ‌ ͏ ‌ ͏ ‌ ͏ ‌ ͏ ‌ ͏ ‌ ͏ ‌ ͏ ‌ ͏ ‌ ͏ ‌ ͏ ‌ ͏ ‌ ͏ ‌ ͏ ‌ ͏ ‌ ͏ ‌ ͏ ‌ ͏ ‌ ͏ ‌ ͏ ‌ ͏ ‌ ͏ ‌ ͏ ‌,ham,2026-06-12T07:43:29+00:00
19eb042d5e14636d,New privacy settings for Search services,"tradingviewkhusham09@gmail.com Hello Khu, We&#39;re updating our settings to give you even more control over saved history and personalised recommendations across Google Search services, including",ham,2026-06-10T06:40:30+00:00
19eabbbb540943e9,"Khu, next-generation features just dropped at Google I/O",Try our latest model and upgrades to Gemini Live. ‌ ‌ ‌ ‌ ‌ ‌ ‌ ‌ ‌ ‌ ‌ ‌ ‌ ‌ ‌ ‌ ‌ ‌ ‌ ‌ ‌ ‌ ‌ ‌ ‌ ‌ ‌ ‌ ‌ ‌ ‌ ‌ ‌ ‌ ‌ ‌ ‌ ‌ ‌ ‌ ‌ ‌ ‌ ‌ ‌ ‌ ‌ ‌ ‌ ‌ ‌ ‌ ‌ ‌ ‌ ‌ ‌ ‌ ‌ ‌ ‌ ‌ ‌ ‌ ‌ ‌ ‌ ‌ ‌ ‌ ‌ ‌ ‌ ‌ ‌ ‌,ham,2026-06-09T09:34:25+00:00
19eab9874d4f11e1,Up to 80% off this summer,Don&#39;t miss sizzling savings in our limited-time sale. ͏ ‌ ͏ ‌ ͏ ‌ ͏ ‌ ͏ ‌ ͏ ‌ ͏ ‌ ͏ ‌ ͏ ‌ ͏ ‌ ͏ ‌ ͏ ‌ ͏ ‌ ͏ ‌ ͏ ‌ ͏ ‌ ͏ ‌ ͏ ‌ ͏ ‌ ͏ ‌ ͏ ‌ ͏ ‌ ͏ ‌ ͏ ‌ ͏ ‌ ͏ ‌ ͏ ‌ ͏ ‌ ͏ ‌ ͏ ‌ ͏ ‌ ͏ ‌ ͏ ‌ ͏ ‌ ͏ ‌ ͏ ‌,ham,2026-06-09T08:55:55+00:00
19ea6c85554028a8,$100K on The World Cup — It’s All At Stake,Place your bets now ‌ ‌ ‌ ‌ ‌ ‌ ‌ ‌ ‌ ‌ ‌ ‌ ‌ ‌ ‌ ‌ ‌ ‌ ‌ ‌ ‌ ‌ ‌ ‌ ‌ ‌ ‌ ‌ ‌ ‌ ‌ ‌ ‌ ‌ ‌ ‌ ‌ ‌ ‌ ‌ ‌ ‌ ‌ ‌ ‌ ‌ ‌ ‌ ‌ ‌ ‌ ‌ ‌ ‌ ‌ ‌ ‌ ‌ ‌ ‌ ‌ ‌ ‌ ‌ ‌ ‌ ‌ ‌ ‌ ‌ ‌ ‌ ‌ ‌ ‌ ‌ ‌ ‌ ‌ ‌ ‌ ‌ ‌ ‌ ‌ ‌ ‌ ‌ ‌ ‌ ‌,ham,2026-06-08T10:00:00+00:00
19e95011ff5f928e,"It's time to subscribe for June, maxwall123",Subscription perks await you. Click here. ‌ ‌ ‌ ‌ ‌ ‌ ‌ ‌ ‌ ‌ ‌ ‌ ‌ ‌ ‌ ‌ ‌ ‌ ‌ ‌ ‌ ‌ ‌ ‌ ‌ ‌ ‌ ‌ ‌ ‌ ‌ ‌ ‌ ‌ ‌ ‌ ‌ ‌ ‌ ‌ ‌ ‌ ‌ ‌ ‌ ‌ ‌ ‌ ‌ ‌ ‌ ‌ ‌ ‌ ‌ ‌ ‌ ‌ ‌ ‌ ‌ ‌ ‌ ‌ ‌ ‌ ‌ ‌ ‌ ‌ ‌ ‌ ‌ ‌ ‌ ‌ ‌ ‌ ‌ ‌,ham,2026-06-04T23:00:00+00:00
19e829a17f8d7538,"Khu, you have access to daily help from Gemini",Discover new ways to use Gemini throughout your day. ‌ ‌ ‌ ‌ ‌ ‌ ‌ ‌ ‌ ‌ ‌ ‌ ‌ ‌ ‌ ‌ ‌ ‌ ‌ ‌ ‌ ‌ ‌ ‌ ‌ ‌ ‌ ‌ ‌ ‌ ‌ ‌ ‌ ‌ ‌ ‌ ‌ ‌ ‌ ‌ ‌ ‌ ‌ ‌ ‌ ‌ ‌ ‌ ‌ ‌ ‌ ‌ ‌ ‌ ‌ ‌ ‌ ‌ ‌ ‌ ‌ ‌ ‌ ‌ ‌ ‌ ‌ ‌ ‌ ‌ ‌ ‌ ‌ ‌,ham,2026-06-01T09:53:16+00:00
19e7b2dee619ddb0,Better answers for everything you're curious about,See how people are using Perplexity to answer their toughest questions See how people are using Perplexity to answer their toughest questions Try Perplexity Stay on top of your finances “Compare the,ham,2026-05-30T23:17:48+00:00
19e788b38fb8c355,Safely secure your funds in the Vault.,Deposit and try today! ‌ ‌ ‌ ‌ ‌ ‌ ‌ ‌ ‌ ‌ ‌ ‌ ‌ ‌ ‌ ‌ ‌ ‌ ‌ ‌ ‌ ‌ ‌ ‌ ‌ ‌ ‌ ‌ ‌ ‌ ‌ ‌ ‌ ‌ ‌ ‌ ‌ ‌ ‌ ‌ ‌ ‌ ‌ ‌ ‌ ‌ ‌ ‌ ‌ ‌ ‌ ‌ ‌ ‌ ‌ ‌ ‌ ‌ ‌ ‌ ‌ ‌ ‌ ‌ ‌ ‌ ‌ ‌ ‌ ‌ ‌ ‌ ‌ ‌ ‌ ‌ ‌ ‌ ‌ ‌ ‌ ‌ ‌ ‌ ‌ ‌ ‌ ‌ ‌,ham,2026-05-30T11:00:00+00:00
19e70e135ca75398,"Ask Perplexity a question and get a clear, trusted answer.","Perplexity is built for fast, verifiable answers. Perplexity is built for fast, verifiable answers. Ask Perplexity a question and get a clear, trusted answer. Try now Here&#39;s what makes Perplexity",ham,2026-05-28T23:17:47+00:00
19e6bbad611b072d,Your answer is one search away,See how people are using Perplexity to answer their toughest questions See how people are using Perplexity to answer their toughest questions Try Perplexity Learn anything “Explain how compound,ham,2026-05-27T23:17:46+00:00
19e645f06fff354c,Have you heard about Stake Poker?,Deposit now and join the action! ‌ ‌ ‌ ‌ ‌ ‌ ‌ ‌ ‌ ‌ ‌ ‌ ‌ ‌ ‌ ‌ ‌ ‌ ‌ ‌ ‌ ‌ ‌ ‌ ‌ ‌ ‌ ‌ ‌ ‌ ‌ ‌ ‌ ‌ ‌ ‌ ‌ ‌ ‌ ‌ ‌ ‌ ‌ ‌ ‌ ‌ ‌ ‌ ‌ ‌ ‌ ‌ ‌ ‌ ‌ ‌ ‌ ‌ ‌ ‌ ‌ ‌ ‌ ‌ ‌ ‌ ‌ ‌ ‌ ‌ ‌ ‌ ‌ ‌ ‌ ‌ ‌ ‌ ‌ ‌ ‌ ‌ ‌ ‌,ham,2026-05-26T13:00:00+00:00
19e616e1b652c8d9,Discover smarter ways to use Perplexity today,"Perplexity is built for fast, verifiable answers Here are a few ways to get started with Perplexity. Learn faster Ask: “Explain how compound interest works, then quiz me with 5 questions.” Try it now",ham,2026-05-25T23:17:46+00:00
19e597fb5c5f0f35,"maxwall123, check out our latest insights on the Stake blog.","Last releases, picks, predictions, and much more. ‌ ‌ ‌ ‌ ‌ ‌ ‌ ‌ ‌ ‌ ‌ ‌ ‌ ‌ ‌ ‌ ‌ ‌ ‌ ‌ ‌ ‌ ‌ ‌ ‌ ‌ ‌ ‌ ‌ ‌ ‌ ‌ ‌ ‌ ‌ ‌ ‌ ‌ ‌ ‌ ‌ ‌ ‌ ‌ ‌ ‌ ‌ ‌ ‌ ‌ ‌ ‌ ‌ ‌ ‌ ‌ ‌ ‌ ‌ ‌ ‌ ‌ ‌ ‌ ‌ ‌ ‌ ‌ ‌ ‌ ‌ ‌ ‌ ‌ ‌ ‌",ham,2026-05-24T10:20:00+00:00
19e53bed2fc590b9,Welcome to Perplexity,Turn any question into a trusted answer ͏​ ͏​ ͏​ ͏​ ͏​ ͏​ ͏​ ͏​ ͏​ ͏​ ͏​ ͏​ ͏​ ͏​ ͏​ ͏​ ͏​ ͏​ ͏​ ͏​ ͏​ ͏​ ͏​ ͏​ ͏​ ͏​ ͏​ ͏​ ͏​ ͏​ ͏​ ͏​ ͏​ ͏​ ͏​ ͏​ ͏​ ͏​ ͏​ ͏​ ͏​ ͏​ ͏​ ͏​ ͏​ ͏​ ͏​ ͏​ ͏​ ͏​ ͏​ ͏​ ͏​ ͏​,ham,2026-05-23T07:31:14+00:00
19e15f4bf8b9c675,"Quarterly reminder about YouTube’s Terms of Service, Community Guidelines and Privacy Policy",‌ ‌ ‌ ‌ ‌ ‌ ‌ ‌ ‌ ‌ ‌ ‌ ‌ ‌ ‌ ‌ ‌ ‌ ‌ ‌ ‌ ‌ ‌ ‌ ‌ ‌ ‌ ‌ ‌ ‌ ‌ ‌ ‌ ‌ ‌ ‌ ‌ ‌ ‌ ‌ ‌ ‌ ‌ ‌ ‌ ‌ ‌ ‌ ‌ ‌ ‌ ‌ ‌ ‌ ‌ ‌ ‌ ‌ ‌ ‌ ‌ ‌ ‌ ‌ ‌ ‌ ‌ ‌ ‌ ‌ ‌ ‌ ‌ ‌ ‌ ‌ ‌ ‌ ‌ ‌ ‌ ‌ ‌ ‌ ‌ ‌ ‌ ‌ ‌ ‌ ‌ ‌ ‌ ‌ ‌ ‌ ‌ ‌ ‌ ‌ ‌,ham,2026-05-11T07:33:41+00:00
19dde4f3a320d18e,Labour Day deal — ending soon,Save up to 80% while the offer lasts. ͏ ‌ ͏ ‌ ͏ ‌ ͏ ‌ ͏ ‌ ͏ ‌ ͏ ‌ ͏ ‌ ͏ ‌ ͏ ‌ ͏ ‌ ͏ ‌ ͏ ‌ ͏ ‌ ͏ ‌ ͏ ‌ ͏ ‌ ͏ ‌ ͏ ‌ ͏ ‌ ͏ ‌ ͏ ‌ ͏ ‌ ͏ ‌ ͏ ‌ ͏ ‌ ͏ ‌ ͏ ‌ ͏ ‌ ͏ ‌ ͏ ‌ ͏ ‌ ͏ ‌ ͏ ‌ ͏ ‌ ͏ ‌ ͏ ‌ ͏ ‌ ͏ ‌ ͏ ‌ ͏ ‌,ham,2026-04-30T12:13:46+00:00
19dd3df91e9995c3,Security Notice: First Login Detected,"First Login Security Notice Hi tradin, your employee account has been accessed successfully for the first time. Login details: Time: April 28, 2026 at 05:05 PM GMT+5:30 IP Address: ::1 Device: Mozilla/",ham,2026-04-28T11:35:31+00:00
19dd3de9278e4354,Welcome to Fleet Management System - Set Your Password,"Welcome to Fleet Management System Hi tradin, you have been added as an employee. Please set your password to activate your account. Click the button below to set your password. This link will expire",ham,2026-04-28T11:34:26+00:00
19dd3dcf6798d7bd,Employee Account Deactivated - Fleet Management System,"Account Deactivated Hi trading, your employee account has been deactivated by your manager. Account Information: Name: trading Company: JK Private Limited. Status: Deactivated Date: April 28, 2026 Your",ham,2026-04-28T11:32:39+00:00
19dd3c8bfa5b742a,Security Notice: First Login Detected,"First Login Security Notice Hi trading, your employee account has been accessed successfully for the first time. Login details: Time: April 28, 2026 at 11:10 AM UTC IP Address: 10.196.14.132 Device:",ham,2026-04-28T11:10:39+00:00
19dd3c802723cee9,Welcome to Fleet Management System - Set Your Password,"Welcome to Fleet Management System Hi trading, you have been added as an employee. Please set your password to activate your account. Click the button below to set your password. This link will expire",ham,2026-04-28T11:09:51+00:00
19dd3b805fa5045a,Security Notice: First Login Detected,"First Login Security Notice Hi pal, your employee account has been accessed successfully for the first time. Login details: Time: April 28, 2026 at 10:52 AM UTC IP Address: 10.196.6.130 Device: Mozilla",ham,2026-04-28T10:52:22+00:00
19dd3b768568001a,Welcome to Fleet Management System - Set Your Password,"Welcome to Fleet Management System Hi pal, you have been added as an employee. Please set your password to activate your account. Click the button below to set your password. This link will expire in",ham,2026-04-28T10:51:42+00:00
19dd344347feaffe,Labour Day savings — up to 80% off,Unlock your limited-time offer this Labour Day. ͏ ‌ ͏ ‌ ͏ ‌ ͏ ‌ ͏ ‌ ͏ ‌ ͏ ‌ ͏ ‌ ͏ ‌ ͏ ‌ ͏ ‌ ͏ ‌ ͏ ‌ ͏ ‌ ͏ ‌ ͏ ‌ ͏ ‌ ͏ ‌ ͏ ‌ ͏ ‌ ͏ ‌ ͏ ‌ ͏ ‌ ͏ ‌ ͏ ‌ ͏ ‌ ͏ ‌ ͏ ‌ ͏ ‌ ͏ ‌ ͏ ‌ ͏ ‌ ͏ ‌ ͏ ‌ ͏ ‌ ͏ ‌ ͏ ‌ ͏ ‌ ͏,ham,2026-04-28T08:45:55+00:00
19d822759dbd26d2,Welcome to Fleet Management System - Set Your Password,"Welcome to Fleet Management System Hi jwsx, you have been added as an employee. Please set your password to activate your account. Click the button below to set your password. This link will expire in",ham,2026-04-12T14:45:05+00:00
19d8227038c410dc,Employee Account Deactivated - Fleet Management System,"Account Deactivated Hi khu, your employee account has been deactivated by your manager. Account Information: Name: khu Company: myCopany Status: Deactivated Date: April 12, 2026 Your access to the",ham,2026-04-12T14:44:44+00:00
19d8222b1ebe559f,Employee Account Deactivated - Fleet Management System,"Account Deactivated Hi khu, your employee account has been deactivated by your manager. Account Information: Name: khu Company: myCopany Status: Deactivated Date: April 12, 2026 Your access to the",ham,2026-04-12T14:40:00+00:00
19d68e6f3af7b2bf,Email Verification Code - Fleet Management System,"Email Verification Code Hi jay edited, you requested to change your email address. Please verify your new email using the code below. Your email verification code is (expires in 30 minutes): CFF19F",ham,2026-04-07T17:04:12+00:00
19d2f95d62e10620,"Khu, create music, try Nano Banana 2 and more",Explore what&#39;s new with Gemini. ‌ ‌ ‌ ‌ ‌ ‌ ‌ ‌ ‌ ‌ ‌ ‌ ‌ ‌ ‌ ‌ ‌ ‌ ‌ ‌ ‌ ‌ ‌ ‌ ‌ ‌ ‌ ‌ ‌ ‌ ‌ ‌ ‌ ‌ ‌ ‌ ‌ ‌ ‌ ‌ ‌ ‌ ‌ ‌ ‌ ‌ ‌ ‌ ‌ ‌ ‌ ‌ ‌ ‌ ‌ ‌ ‌ ‌ ‌ ‌ ‌ ‌ ‌ ‌ ‌ ‌ ‌ ‌ ‌ ‌ ‌ ‌ ‌ ‌ ‌ ‌ ‌ ‌ ‌ ‌ ‌ ‌ ‌,ham,2026-03-27T13:57:21+00:00
19caa59527c18511,A new device is using your account,Check what&#39;s logged into your TradingView account ‌ ‌ ‌ ‌ ‌ ‌ ‌ ‌ ‌ ‌ ‌ ‌ ‌ ‌ ‌ ‌ ‌ ‌ ‌ ‌ ‌ ‌ ‌ ‌ ‌ ‌ ‌ ‌ ‌ ‌ ‌ ‌ ‌ ‌ ‌ ‌ ‌ ‌ ‌ ‌ ‌ ‌ ‌ ‌ ‌ ‌ ‌ ‌ ‌ ‌ ‌ ‌ ‌ ‌ ‌ ‌ ‌ ‌ ‌ ‌ ‌ ‌ ‌ ‌ ‌ ‌ ‌ ‌ ‌ ‌ ‌ ‌ ‌ ‌,ham,2026-03-01T17:01:45+00:00
19c9c15e97f4b944,Updates to how privacy settings work on Play,"Hello Khu, We&#39;ve updated settings that manage personalisation and activity history on Play. You&#39;ll have dedicated controls for personalisation on Play and for saving activity in your Google",ham,2026-02-26T22:33:26+00:00
19c652e8fa014471,Start a trial today,Take your trading anywhere with the top-rated finance app in the App store. Don&#39;t leave your trading just on Desktop – download TradingView Mobile for free right now. ͏ ‌ ͏ ‌ ͏ ‌ ͏ ‌ ͏ ‌ ͏ ‌ ͏ ‌ ͏,ham,2026-02-16T06:41:11+00:00
19c5fdc9cf8d79f5,Realwizardtrader that you follow published a new idea,"TradingView Realwizardtrader that you follow published a new idea The could be possible trade BTCUSD, 1D View idea Thanks for reading, Team TradingView 23rd Floor, 1330 Avenue Of The Americas New York",ham,2026-02-15T05:53:38+00:00
19c508174baf8cbe,Are you getting the full experience?,"What else can you do on TradingView? Tons, but your journey will probably lead to these features. ͏ ‌ ͏ ‌ ͏ ‌ ͏ ‌ ͏ ‌ ͏ ‌ ͏ ‌ ͏ ‌ ͏ ‌ ͏ ‌ ͏ ‌ ͏ ‌ ͏ ‌ ͏ ‌ ͏ ‌ ͏ ‌ ͏ ‌ ͏ ‌ ͏ ‌ ͏ ‌ ͏ ‌ ͏ ‌ ͏ ‌ ͏ ‌ ͏ ‌ ͏ ‌",ham,2026-02-12T06:19:45+00:00
19c43774e23daa6b,Login Alert for your Zomato account!,"Hi Khu Sat, We noticed a login to your account tradingviewkhusham09@gmail.com Device: Oppo CPH2751 Time: 09 Feb, 11:03 PM IST (GMT + 5.5) IP Address: 2409:40c1:643c:ac6a:8000:: If this was you You can",ham,2026-02-09T17:33:37+00:00
19c4102f4fde2723,Practice makes perfect,"How to discover, plan, trade on TradingView – in that order only. So here&#39;s a few more hints and tips about where on our platform to explore next. ͏ ‌ ͏ ‌ ͏ ‌ ͏ ‌ ͏ ‌ ͏ ‌ ͏ ‌ ͏ ‌ ͏ ‌ ͏ ‌ ͏ ‌ ͏ ‌ ͏",ham,2026-02-09T06:07:17+00:00
19c3959f0126ea5b,A new device is using your account,Check what&#39;s logged into your TradingView account ‌ ‌ ‌ ‌ ‌ ‌ ‌ ‌ ‌ ‌ ‌ ‌ ‌ ‌ ‌ ‌ ‌ ‌ ‌ ‌ ‌ ‌ ‌ ‌ ‌ ‌ ‌ ‌ ‌ ‌ ‌ ‌ ‌ ‌ ‌ ‌ ‌ ‌ ‌ ‌ ‌ ‌ ‌ ‌ ‌ ‌ ‌ ‌ ‌ ‌ ‌ ‌ ‌ ‌ ‌ ‌ ‌ ‌ ‌ ‌ ‌ ‌ ‌ ‌ ‌ ‌ ‌ ‌ ‌ ‌ ‌ ‌ ‌ ‌,ham,2026-02-07T18:24:53+00:00
19c36124e8f20e96,Welcome to Gemini,Learn more about what you can do with Gemini. ‌ ‌ ‌ ‌ ‌ ‌ ‌ ‌ ‌ ‌ ‌ ‌ ‌ ‌ ‌ ‌ ‌ ‌ ‌ ‌ ‌ ‌ ‌ ‌ ‌ ‌ ‌ ‌ ‌ ‌ ‌ ‌ ‌ ‌ ‌ ‌ ‌ ‌ ‌ ‌ ‌ ‌ ‌ ‌ ‌ ‌ ‌ ‌ ‌ ‌ ‌ ‌ ‌ ‌ ‌ ‌ ‌ ‌ ‌ ‌ ‌ ‌ ‌ ‌ ‌ ‌ ‌ ‌ ‌ ‌ ‌ ‌ ‌ ‌ ‌ ‌ ‌ ‌,ham,2026-02-07T03:08:15+00:00
19c318257e8cdbc5,Teaching a new dog old tricks,Try these four lesser-known tools for some truly pedigree-level analysis. So you&#39;ve got to grips with our charting basics – now it&#39;s time to let this puppy out for a real play. ͏ ‌ ͏ ‌ ͏ ‌ ͏ ‌,ham,2026-02-06T05:52:30+00:00
19c271fd94874263,Getting started with our charts,Four simple steps for unleashing the market analyst within you. Our charts are super powerful and we know there&#39;s simply a ton to get your head around. ͏ ‌ ͏ ‌ ͏ ‌ ͏ ‌ ͏ ‌ ͏ ‌ ͏ ‌ ͏ ‌ ͏ ‌ ͏ ‌ ͏ ‌ ͏,ham,2026-02-04T05:28:44+00:00
19c1f93b14134dc3,A new device is using your account,Check what&#39;s logged into your TradingView account ‌ ‌ ‌ ‌ ‌ ‌ ‌ ‌ ‌ ‌ ‌ ‌ ‌ ‌ ‌ ‌ ‌ ‌ ‌ ‌ ‌ ‌ ‌ ‌ ‌ ‌ ‌ ‌ ‌ ‌ ‌ ‌ ‌ ‌ ‌ ‌ ‌ ‌ ‌ ‌ ‌ ‌ ‌ ‌ ‌ ‌ ‌ ‌ ‌ ‌ ‌ ‌ ‌ ‌ ‌ ‌ ‌ ‌ ‌ ‌ ‌ ‌ ‌ ‌ ‌ ‌ ‌ ‌ ‌ ‌ ‌ ‌ ‌ ‌,ham,2026-02-02T18:18:18+00:00
19c1f937b1779863,A new device is using your account,Check what&#39;s logged into your TradingView account ‌ ‌ ‌ ‌ ‌ ‌ ‌ ‌ ‌ ‌ ‌ ‌ ‌ ‌ ‌ ‌ ‌ ‌ ‌ ‌ ‌ ‌ ‌ ‌ ‌ ‌ ‌ ‌ ‌ ‌ ‌ ‌ ‌ ‌ ‌ ‌ ‌ ‌ ‌ ‌ ‌ ‌ ‌ ‌ ‌ ‌ ‌ ‌ ‌ ‌ ‌ ‌ ‌ ‌ ‌ ‌ ‌ ‌ ‌ ‌ ‌ ‌ ‌ ‌ ‌ ‌ ‌ ‌ ‌ ‌ ‌ ‌ ‌ ‌,ham,2026-02-02T18:18:04+00:00
19c1f912e68d77a1,Your Google Account was recovered successfully,"Account recovered successfully tradingviewkhusham09@gmail.com Welcome back to your account If you suspect you were locked out of your account because of changes made by someone else, you should review",ham,2026-02-02T18:15:33+00:00
19c1f8d80ee8e492,Welcome to the TradingView family,"TradingView Hey there, trader. We can tell you&#39;re just itching to jump into the action. Why don&#39;t you get familiar with our platform? We&#39;ve got you covered: visit our Getting started page",ham,2026-02-02T18:11:32+00:00
19c1f8d4e7fc0b02,"✅ Khu, finish setting up your new Google Account on your Oppo A5 5G",Finish setting up your device with Google ‌ ‌ ‌ ‌ ‌ ‌ ‌ ‌ ‌ ‌ ‌ ‌ ‌ ‌ ‌ ‌ ‌ ‌ ‌ ‌ ‌ ‌ ‌ ‌ ‌ ‌ ‌ ‌ ‌ ‌ ‌ ‌ ‌ ‌ ‌ ‌ ‌ ‌ ‌ ‌ ‌ ‌ ‌ ‌ ‌ ‌ ‌ ‌ ‌ ‌ ‌ ‌ ‌ ‌ ‌ ‌ ‌ ‌ ‌ ‌ ‌ ‌ ‌ ‌ ‌ ‌ ‌ ‌ ‌ ‌ ‌ ‌ ‌ ‌ ‌ ‌ ‌ ‌ ‌ ‌,ham,2026-02-02T18:11:19+00:00
19ff5da0d501ddd7,It’s live: The GitHub Universe schedule is here,Plus: vote for the session we&#39;ll bring to the main stage. Logo image for GitHub The GitHub Universe schedule is live. Here are three sessions you won&#39;t want to miss. The GitHub Universe,ham,2026-08-12T12:02:14+00:00
19ff5c07f21785a0,A Practical Framework for AI Threat Readiness,AI is changing how organizations approach security. As attackers use AI to… ͏ ͏ ͏ ͏ ͏ ͏ ͏ ͏ ͏ ͏ ͏ ͏ ͏ ͏ ͏ ͏ ͏ ͏ ͏ ͏ ͏ ͏ ͏ ͏ ͏ ͏ ͏ ͏ ͏ ͏ ͏ ͏ ͏ ͏ ͏ ͏ ͏ ͏ ͏ ͏ ͏ ͏ ͏ ͏ ͏ ͏ ͏ ͏ ͏ ͏ ͏ ͏ ͏ ͏ ͏ ͏ ͏ ͏ ͏ ͏ ͏ ͏ ͏,ham,2026-08-12T11:34:20+00:00
19ff5bdf9988963c,THE STATE OF MANUFACTURING OPERATIONS IN INDIA,What 1 Million Hours on India&#39;s Shop Floors Taught Us About the Future of… ͏ ͏ ͏ ͏ ͏ ͏ ͏ ͏ ͏ ͏ ͏ ͏ ͏ ͏ ͏ ͏ ͏ ͏ ͏ ͏ ͏ ͏ ͏ ͏ ͏ ͏ ͏ ͏ ͏ ͏ ͏ ͏ ͏ ͏ ͏ ͏ ͏ ͏ ͏ ͏ ͏ ͏ ͏ ͏ ͏ ͏ ͏ ͏ ͏ ͏ ͏ ͏ ͏ ͏ ͏ ͏ ͏ ͏ ͏ ͏ ͏,ham,2026-08-12T11:31:35+00:00
19ff5056620a4f13,🤝 Algos that Match your Style!,Hi 👋 We&#39;ve all heard that the hardest part about getting started is simply getting started. But what comes a close second is not knowing where to begin. Trading is no different. You hear people,ham,2026-08-12T08:09:58+00:00
19ff4e9f1b9d0a48,"khushal, 2 IPOs close today at 5:00 PM",3 hours left. Molbio Diagnostics · 12.14× subscribed. Dhoot Transmission · 10.98× subscribed. Bidding closes at 5:00 PM. ‌ ‌ ‌ ‌ ‌ ‌ ‌ ‌ ‌ ‌ α THE IPO DESK CLOSES TODAY Hi khushal — 3 hours left.,ham,2026-08-12T07:39:59+00:00
19ff4b0cb41af6d1,"If AI Can Build Apps, Why Learn Low-Code?",A question I&#39;m getting more and more on LinkedIn and the answer matters for your career.‌ ‌ ‌ ‌ ‌ ‌ ‌ ‌ ‌ ‌ ‌ ‌ ‌ ‌ ‌ ‌ ‌ ‌ ‌ ‌ ‌ ‌ ‌ ‌ ‌ ‌ ‌ ‌ ‌ ‌ ‌ ‌ ‌ ‌ ‌ ‌ ‌ ‌ ‌ ‌ ‌ ‌ ‌ ‌ ‌ ‌ ‌ ‌ ‌ ‌ ‌ ‌ ‌ ‌ ‌,ham,2026-08-12T06:37:34+00:00
19ff4a76adb2fb9c,"Freedom Special: Unlock 10,000 Gold Coins",10000 Gold Coins Awaits #PaytmGoldCoins #Paytmkaro,ham,2026-08-12T06:27:19+00:00
19ff48b37f306fb9,Build A Smarter Foodservice Business At GulfHost 2026,Hospitality across the MENA region is entering a new era. Operators are… ͏ ͏ ͏ ͏ ͏ ͏ ͏ ͏ ͏ ͏ ͏ ͏ ͏ ͏ ͏ ͏ ͏ ͏ ͏ ͏ ͏ ͏ ͏ ͏ ͏ ͏ ͏ ͏ ͏ ͏ ͏ ͏ ͏ ͏ ͏ ͏ ͏ ͏ ͏ ͏ ͏ ͏ ͏ ͏ ͏ ͏ ͏ ͏ ͏ ͏ ͏ ͏ ͏ ͏ ͏ ͏ ͏ ͏ ͏ ͏ ͏ ͏ ͏ ͏,ham,2026-08-12T05:56:31+00:00
19ff46f7c1bcc8e5,Quarterly notice about Zoom’s rules and regulations of service,"As an admin or owner of a Zoom account, we are reaching out to you to share information regarding Zoom&#39;s rules and regulations governing the usage of Zoom services, as required by Indian law. ͏ ‌ ﻿",ham,2026-08-12T05:22:14+00:00
19ff4410cd3fa213,Beneficiary added to your savings account,"‌ ‌ ‌ ‌ ‌ ‌ ‌ ‌ ‌ ‌ ‌ ‌ ‌ ‌ ‌ ‌ ‌ ‌ ‌ ‌ ‌ ‌ ‌ ‌ ‌ ‌ ‌ ‌ ‌ ‌ ‌ ‌ ‌ ‌ ‌ ‌ ‌ ‌ ‌ ‌ ‌ ‌ ‌ ‌ ‌ ‌ ‌ ‌ ‌ ‌ ‌ ‌ ‌ ‌ ‌ ‌ ‌ ‌ ‌ ‌ ‌ ‌ ‌ ‌ ‌ ‌ ‌ ‌ ‌ ‌ ‌ ‌ ‌ ‌ ‌ ‌ ‌ ‌ Hi KHUSHAL JITESHBHAI, HIMANSHU BHAVESHBHAI",spam,2026-08-12T04:35:30+00:00
19ff4241cfeed541,Weekly Statement of Funds & Securities | INDmoney,"INDstocks by INDmoney Weekly Statement Hi Khushal Jiteshbhai Satani, Client Code: NLRE00N3J7 We have attached the weekly statement of accounts for funds &amp; securities. The document is password",ham,2026-08-12T04:03:54+00:00
19ff3fcff93a2870,Machine Learning (AI) Engineer (Hybrid) at Hire Feed,Hire Feed Machine Learning (AI) Engineer (Hybrid): Role: Machine Learning (AI) Engineer… ͏ ͏ ͏ ͏ ͏ ͏ ͏ ͏ ͏ ͏ ͏ ͏ ͏ ͏ ͏ ͏ ͏ ͏ ͏ ͏ ͏ ͏ ͏ ͏ ͏ ͏ ͏ ͏ ͏ ͏ ͏ ͏ ͏ ͏ ͏ ͏ ͏ ͏ ͏ ͏ ͏ ͏ ͏ ͏ ͏ ͏ ͏ ͏ ͏ ͏ ͏ ͏ ͏ ͏ ͏ ͏,ham,2026-08-12T03:21:11+00:00
19ff3ef5d0130319,Real Trading Account Created - 12345714587,"Your Real Trading Account is Live! Dear khushal satani, Congratulations! Your real trading account has been successfully created. You can now deposit funds and start trading in live markets. Account",ham,2026-08-12T03:06:18+00:00
19ff3ef5c62ef0d1,Welcome to Elefin - Your Account is Ready,"Welcome to Your Trading Journey Dear khushal satani, Thank you for joining Elefin. We&#39;re pleased to welcome you to our community of traders. Your account has been successfully created and is ready",ham,2026-08-12T03:06:17+00:00
19ff3ef00c41122b,Verify Your Email - Elefin,"Verify Your Email Address Dear khushal satani, Thank you for registering with Elefin. To complete your registration and activate your account, please verify your email address. You can verify your",ham,2026-08-12T03:05:54+00:00
19ff3a06145f1a7a,How to Master Data Structures and Algorithms Without Feeling Lost 😞 | Deep concept in Let’s Code Future,Khushalsatani Stories for Khushalsatani @khushalsatani009·Become a member Medium daily digest Today&#39;s highlights Deep concept Deep conceptinLet&#39;s Code Future How to Master Data Structures and,ham,2026-08-12T01:40:00+00:00
19ff388852d00ba8,I faked the interview of Accenture as a 2-year experienced developer but no one is ta...?,"Hey , First congratulations Man. Leave all nonsense things. Many things will happen to many and need not be the same for all. You need to do the following. 1. First be close to atleast one o… Top",ham,2026-08-12T01:13:57+00:00
19ff324afd1a3fde,Google Assistant Privacy Litigation Settlement,"To read this email in a browser click here Para leer este correo electrónico en un navegador, haga clic aquí Share This Settlement Share this Settlement on Facebook Share this Settlement on LinkedIn",spam,2026-08-11T23:24:53+00:00
19ff2334cdd1549a,"David Castañeda (Visionaries 777): ""AI collapses the cost of the generic and raises the value of the precise""","👋 Hi there, welcome to the AI Central. Click here to join our 300000 readers… ͏ ͏ ͏ ͏ ͏ ͏ ͏ ͏ ͏ ͏ ͏ ͏ ͏ ͏ ͏ ͏ ͏ ͏ ͏ ͏ ͏ ͏ ͏ ͏ ͏ ͏ ͏ ͏ ͏ ͏ ͏ ͏ ͏ ͏ ͏ ͏ ͏ ͏ ͏ ͏ ͏ ͏ ͏ ͏ ͏ ͏ ͏ ͏ ͏ ͏ ͏ ͏ ͏ ͏ ͏ ͏ ͏ ͏ ͏ ͏ ͏ ͏",ham,2026-08-11T19:01:15+00:00
19ff218611571475,"khusatani, see deysiortega4040, zerodivisionconsulant and more in your feed","New people to discover Suggested accounts based on your interests: deysiortega4040, zerodivisionconsulant, and 4 others. Open Instagram Suggested for you See all Jason Derek deysiortega4040 View",ham,2026-08-11T18:31:42+00:00
19ff1d8c74c8a1e5,"Equity MF inflows fall 15%, BSE Ltd to enter Nifty 50, & more - Groww Digest",All you need to know about the day ‌ ‌ ‌ ‌ ‌ ‌ ‌ ‌ ‌ ‌ ‌ ‌ ‌ ‌ ‌ ‌ ‌ ‌ ‌ ‌ ‌ ‌ ‌ ‌ ‌ ‌ ‌ ‌ ‌ ‌ ‌ ‌ ‌ ‌ ‌ ‌ ‌ ‌ ‌ ‌ ‌ ‌ ‌ ‌ ‌ ‌ ‌ ‌ ‌ ‌ Groww Digest 11 August 2026 Sensex 78154.25 ▼ 0.49% Nifty 24471.70,ham,2026-08-11T17:22:22+00:00
19ff1cc085a914ed,[khushal910/MailSentry] PR run failed: MailSentry Continuous Integration (CI) - fix: (abacfcb),[khushal910/MailSentry] MailSentry Continuous Integration (CI) workflow run MailSentry Continuous Integration (CI): Some jobs were not successful View workflow run Status Job Annotations MailSentry,ham,2026-08-11T17:08:27+00:00
19ff1cb0c8b46a55,Re: [khushal910/MailSentry] fix: (PR #73),coderabbitai[bot] left a comment (khushal910/MailSentry#73) Review Change Stack ℹ️ Recent review info ⚙️ Run configuration Configuration used: defaults Review profile: CHILL Plan: Free Run ID: 4c4b8e72,ham,2026-08-11T17:07:23+00:00
19ff1cb0c3a81027,Hidden gems on Unsplash 👀 💎,"Plus, the top highlights from Unsplash this month! ‌ ‌ ‌ ‌ ‌ ‌ ‌ ‌ ‌ ‌ ‌ ‌ ‌ ‌ ‌ ‌ ‌ ‌ ‌ ‌ ‌ ‌ ‌ ‌ ‌ ‌ ‌ ‌ ‌ ‌ ‌ ‌ ‌ ‌ ‌ ‌ ‌ ‌ ‌ ‌ ‌ ‌ ‌ ‌ ‌ ‌ ‌ ‌ ‌ ‌ ‌ ‌ ‌ ‌ ‌ ‌ ‌ ‌ ‌ ‌ ‌ ‌ ‌ ‌ ‌ ‌ ‌ ‌ ‌ ‌ ‌ ‌ ‌ ‌ ‌",ham,2026-08-11T17:07:21+00:00
19ff1caf3c2c3b48,Re: [khushal910/MailSentry] fix: (PR #73),vercel[bot] left a comment (khushal910/MailSentry#73) The latest updates on your projects. Learn more about Vercel for GitHub. Project Deployment Actions Updated (UTC) mail-sentry Ready Ready Preview,ham,2026-08-11T17:07:17+00:00
19ff1caf331b34ad,Re: [khushal910/MailSentry] fix: (PR #73),"@Copilot commented on this pull request. Copilot was unable to review this pull request because the user who requested the review has reached their quota limit. — Reply to this email directly, view it",ham,2026-08-11T17:07:17+00:00
19ff1caed45d236e,Re: [khushal910/MailSentry] fix: (PR #73),"dagshub[bot] left a comment (khushal910/MailSentry#73) Join the discussion on DagsHub! — Reply to this email directly, view it on GitHub, or unsubscribe. Triage notifications, keep track of coding",ham,2026-08-11T17:07:15+00:00
19ff1b694520e2c5,"Explore everyday AI tools, applications, and more",Choose from 100+ Microsoft courses on edX. ‌ ‌ ‌ ‌ ‌ ‌ ‌ ‌ ‌ ‌ ‌ ‌ ‌ ‌ ‌ ‌ ‌ ‌ ‌ ‌ ‌ ‌ ‌ ‌ ‌ ‌ ‌ ‌ ‌ ‌ ‌ ‌ ‌ ‌ ‌ ‌ ‌ ‌ ‌ ‌ ‌ ‌ ‌ ‌ ‌ ‌ ‌ ‌ ‌ ‌ ‌ ‌ ‌ ‌ ‌ ‌ ‌ ‌ ‌ ‌ ‌ ‌ ‌ ‌ ‌ ‌ ‌ ‌ ‌ ‌ ‌ ‌ ‌ ‌ ‌ ‌ ‌ ‌ ‌,ham,2026-08-11T16:35:28+00:00
1a00a64559334b9f,WEEK - 15,🔥 AI for Everyone - This Week&#39;s Edition (9-16 Aug 2026) Big AI news dropped… ͏ ͏ ͏ ͏ ͏ ͏ ͏ ͏ ͏ ͏ ͏ ͏ ͏ ͏ ͏ ͏ ͏ ͏ ͏ ͏ ͏ ͏ ͏ ͏ ͏ ͏ ͏ ͏ ͏ ͏ ͏ ͏ ͏ ͏ ͏ ͏ ͏ ͏ ͏ ͏ ͏ ͏ ͏ ͏ ͏ ͏ ͏ ͏ ͏ ͏ ͏ ͏ ͏ ͏ ͏ ͏ ͏ ͏ ͏ ͏,ham,2026-08-16T11:45:42+00:00
1a00a4cf12e26601,24 hours. One AI agent. Where do you rank?,"HackerRank Banner Hey khushal, We are back with the fourth edition of HackerRank Orchestrate, a 24-hour hackathon to design, build, and ship an AI agent. The premise is simple: you get a real-world",spam,2026-08-16T11:20:09+00:00
1a009436b11e7974,A Long Weekend Calls for Something Crispy,Turn your weekend favourites into crispy delights with Air Fryers starting ₹2800 + up to 7.5% instant bank discount. Vijay Sales Grand Electronics Sale Microwaves Cooktops &amp; Chimneys Offer Follow,ham,2026-08-16T06:30:07+00:00
1a0090a6bbd19fa8,"10,000 Gold Coins on Your Next Bill Payment!!",10000 Gold Coins Awaits #PaytmGoldCoins #Paytmkaro,ham,2026-08-16T05:27:51+00:00
1a0089668c289a7c,Software Engineer at GoodSpace AI,GoodSpace AI Software Engineer: Job Title: Software EngineerExperience: 0–3… ͏ ͏ ͏ ͏ ͏ ͏ ͏ ͏ ͏ ͏ ͏ ͏ ͏ ͏ ͏ ͏ ͏ ͏ ͏ ͏ ͏ ͏ ͏ ͏ ͏ ͏ ͏ ͏ ͏ ͏ ͏ ͏ ͏ ͏ ͏ ͏ ͏ ͏ ͏ ͏ ͏ ͏ ͏ ͏ ͏ ͏ ͏ ͏ ͏ ͏ ͏ ͏ ͏ ͏ ͏ ͏ ͏ ͏ ͏ ͏ ͏ ͏,ham,2026-08-16T03:21:09+00:00
1a0085e9c7a0005d,"I got married to my boyfriend around 2 months back, but I am not happy. Actually, my f...","I got married to my boyfriend around 2 months back, but I am not happy. Actually, my family never wanted me to marry him, they believed I deserve so much better, and that&#39;s why they brought we… Top",ham,2026-08-16T02:20:12+00:00
1a0084cbdf6edd37,When Warren opens his wallet,All you need to know about the day ‌ ‌ ‌ ‌ ‌ ‌ ‌ ‌ ‌ ‌ ‌ ‌ ‌ ‌ ‌ ‌ ‌ ‌ ‌ ‌ ‌ ‌ ‌ ‌ ‌ ‌ ‌ ‌ ‌ ‌ ‌ ‌ ‌ ‌ ‌ ‌ ‌ ‌ ‌ ‌ ‌ ‌ ‌ ‌ ‌ ‌ ‌ ‌ ‌ ‌ The week that was and much more. Groww Digest Weekly 16 August,ham,2026-08-16T02:00:41+00:00
1a00839d2ee735f5,Are Tabular Foundation Models Ready to Replace Gradient Boosting Models? | Hamza Boulahia in Towards AI,Khushalsatani Stories for Khushalsatani @khushalsatani009·Become a member Medium daily digest Today&#39;s highlights Hamza Boulahia Hamza BoulahiainTowards AI Are Tabular Foundation Models Ready to,ham,2026-08-16T01:40:00+00:00
1a0081e3796b992b,"khushal, your profile is getting hits",Make new connections and unlock new opportunities. ͏ ͏ ͏ ͏ ͏ ͏ ͏ ͏ ͏ ͏ ͏ ͏ ͏ ͏ ͏ ͏ ͏ ͏ ͏ ͏ ͏ ͏ ͏ ͏ ͏ ͏ ͏ ͏ ͏ ͏ ͏ ͏ ͏ ͏ ͏ ͏ ͏ ͏ ͏ ͏ ͏ ͏ ͏ ͏ ͏ ͏ ͏ ͏ ͏ ͏ ͏ ͏ ͏ ͏ ͏ ͏ ͏ ͏ ͏ ͏ ͏ ͏ ͏ ͏ ͏ ͏ ͏ ͏ ͏ ͏ ͏ ͏ ͏ ͏ ͏,ham,2026-08-16T01:09:51+00:00
1a0069564d489a1d,"Elettra Fiumi (Fiumi Studios): ""Access is not capability""","👋 Hi there, welcome to the AI Central. Click here to join our 300000 readers… ͏ ͏ ͏ ͏ ͏ ͏ ͏ ͏ ͏ ͏ ͏ ͏ ͏ ͏ ͏ ͏ ͏ ͏ ͏ ͏ ͏ ͏ ͏ ͏ ͏ ͏ ͏ ͏ ͏ ͏ ͏ ͏ ͏ ͏ ͏ ͏ ͏ ͏ ͏ ͏ ͏ ͏ ͏ ͏ ͏ ͏ ͏ ͏ ͏ ͏ ͏ ͏ ͏ ͏ ͏ ͏ ͏ ͏ ͏ ͏ ͏ ͏",ham,2026-08-15T18:00:48+00:00
1a0063f1b0cf01a1,"I am 28 , My Salary is 11.7 LPA , after Tax deductions i get 75k monthly , lives in Bh...","I am 28 , My Salary is 11.7 LPA , after Tax deductions i get 75k monthly , lives in Bhubaneswar (work from home permanently ) and i am happy with it, as well . I started my career with 11k as … Top",ham,2026-08-15T16:26:32+00:00
1a006212a54a79e5,"khushal, Jobs with no degree requirement and salary upto Rs 25,000 per month. Apply now!",Fresh roles are filling fast — check and apply now! naukri.com Get app Jobs that are hiring right now No experience. No degree. Just apply. Work from Home/ Remote View jobs Data Entry/Back Office View,ham,2026-08-15T15:53:40+00:00
1a0057a7053c99a0,Important Notice: Temporary Leverage Reduction on Trading Accounts,Mazi Finance Dear User Please be informed that leverage across selected trading instruments will be temporarily reduced due to anticipated high market volatility around market close. Please Note the,spam,2026-08-14T13:52:32+00:00
1a0054bbddc0e37f,Your trial ends in 1 day,Upgrade to keep your premium features. ﻿͏ ﻿͏ ﻿͏ ﻿͏ ﻿͏ ﻿͏ ﻿͏ ﻿͏ ﻿͏ ﻿͏ ﻿͏ ﻿͏ ﻿͏ ﻿͏ ﻿͏ ﻿͏ ﻿͏ ﻿͏ ﻿͏ ﻿͏ ﻿͏ ﻿͏ ﻿͏ ﻿͏ ﻿͏ ﻿͏ ﻿͏ ﻿͏ ﻿͏ ﻿͏ ﻿͏ ﻿͏ ﻿͏ ﻿͏ ﻿͏ ﻿͏ ﻿͏ ﻿͏ ﻿͏ ﻿͏ ﻿͏ ﻿͏ ﻿͏ ﻿͏ ﻿͏ ﻿͏ ﻿͏ ﻿͏ ﻿͏ ﻿͏ ﻿͏ ﻿͏ ﻿͏ ﻿͏,ham,2026-08-15T12:00:44+00:00
1a004ebcb58d4f68,Know Axis Bank's official IDs,"Can&#39;t see this email properly? View the web version | View this message in your mobile Only trust what&#39;s verified Know Axis Bank&#39;s official IDs Dear Customer, Fraudsters often impersonate",ham,2026-08-15T05:58:49+00:00
1a0049a25ab9a9a0,REMINDER: Llama 3.3 70B Versatile is being decommissioned,Important GroqCloud notice. Switch your models now. ͏ ͏ ͏ ͏ ͏ ͏ ͏ ͏ ͏ ͏ ͏ ͏ ͏ ͏ ͏ ͏ ͏ ͏ ͏ ͏ ͏ ͏ ͏ ͏ ͏ ͏ ͏ ͏ ͏ ͏ ͏ ͏ ͏ ͏ ͏ ͏ ͏ ͏ ͏ ͏ ͏ ͏ ͏ ͏ ͏ ͏ ͏ ͏ ͏ ͏ ͏ ͏ ͏ ͏ ͏ ͏ ͏ ͏ ͏ ͏ ͏ ͏ ͏ ͏ ͏ ͏ ͏ ͏ ͏ ͏ ͏ ͏ ͏ ͏ ͏,ham,2026-08-15T08:46:45+00:00
1a003cdd2f912118,Important Notice: Temporary Leverage Reduction on Trading Accounts,Mazi Finance Dear User Please be informed that leverage across selected trading instruments will be temporarily reduced due to anticipated high market volatility around market close. Please Note the,spam,2026-08-14T13:57:46+00:00
1a003bd7d6e17482,"What’s Good, India? | What Civic Sense Has To Do With Loving India","We often speak of patriotism in grand gestures — saluting the flag, singing the… ͏ ͏ ͏ ͏ ͏ ͏ ͏ ͏ ͏ ͏ ͏ ͏ ͏ ͏ ͏ ͏ ͏ ͏ ͏ ͏ ͏ ͏ ͏ ͏ ͏ ͏ ͏ ͏ ͏ ͏ ͏ ͏ ͏ ͏ ͏ ͏ ͏ ͏ ͏ ͏ ͏ ͏ ͏ ͏ ͏ ͏ ͏ ͏ ͏ ͏ ͏ ͏ ͏ ͏ ͏ ͏ ͏ ͏ ͏ ͏",ham,2026-08-15T04:45:44+00:00
1a0037009491e260,Machine Learning Engineer (Up to 30LPA) at CodeRound AI,CodeRound AI Machine Learning Engineer (Up to 30LPA): 𝗔𝗯𝗼𝘂𝘁 𝘁𝗵𝗲 𝗝𝗼𝗯This role is for one of… ͏ ͏ ͏ ͏ ͏ ͏ ͏ ͏ ͏ ͏ ͏ ͏ ͏ ͏ ͏ ͏ ͏ ͏ ͏ ͏ ͏ ͏ ͏ ͏ ͏ ͏ ͏ ͏ ͏ ͏ ͏ ͏ ͏ ͏ ͏ ͏ ͏ ͏ ͏ ͏ ͏ ͏ ͏ ͏ ͏ ͏ ͏ ͏ ͏ ͏ ͏ ͏ ͏ ͏ ͏,ham,2026-08-15T03:21:08+00:00
1a00357667c84013,Six principles of maturity:,1. AVOID OVERSHARING • Not everyone needs to know everything about you. • Some may not have your best interests at heart. 2. SURROUND YOURSELF WITH THE RIGHT PEOPLE Better yourself by associ… Top,ham,2026-08-15T02:54:13+00:00
1a00350e8d3ce600,Funds/Securities Balance,"Dear Investor, With reference to NSE circulars NSE/INSP/46704 dated December 17, 2020, and NSE/INSP/55039 dated December 28, 2022, Trading members are required to upload clients&#39; securities balance",ham,2026-08-15T02:47:07+00:00
1a00326641c0cea5,Principal Component Analysis (PCA): The Algorithm That Makes High-Dimensional Data Understandable,Imagine receiving a dataset with 500 features. You know some features are… ͏ ͏ ͏ ͏ ͏ ͏ ͏ ͏ ͏ ͏ ͏ ͏ ͏ ͏ ͏ ͏ ͏ ͏ ͏ ͏ ͏ ͏ ͏ ͏ ͏ ͏ ͏ ͏ ͏ ͏ ͏ ͏ ͏ ͏ ͏ ͏ ͏ ͏ ͏ ͏ ͏ ͏ ͏ ͏ ͏ ͏ ͏ ͏ ͏ ͏ ͏ ͏ ͏ ͏ ͏ ͏ ͏ ͏ ͏ ͏ ͏ ͏ ͏,ham,2026-08-15T02:00:43+00:00
1a003137238e2009,4 Skills That Fix 95% of Claude Code’s Problems (Hero Claude Stack) | Divad,Khushalsatani Stories for Khushalsatani @khushalsatani009·Become a member Medium daily digest Today&#39;s highlights Divad Divad 4 Skills That Fix 95% of Claude Code&#39;s Problems (Hero Claude Stack),ham,2026-08-15T01:40:00+00:00
1a001dccc8ecc6a2,Stop pasting things into a chat window,"👋 Hi there, welcome to the AI Central ➡️ Sign up here to the free-forever… ͏ ͏ ͏ ͏ ͏ ͏ ͏ ͏ ͏ ͏ ͏ ͏ ͏ ͏ ͏ ͏ ͏ ͏ ͏ ͏ ͏ ͏ ͏ ͏ ͏ ͏ ͏ ͏ ͏ ͏ ͏ ͏ ͏ ͏ ͏ ͏ ͏ ͏ ͏ ͏ ͏ ͏ ͏ ͏ ͏ ͏ ͏ ͏ ͏ ͏ ͏ ͏ ͏ ͏ ͏ ͏ ͏ ͏ ͏ ͏ ͏ ͏ ͏",ham,2026-08-14T20:00:42+00:00
1a001cd1090b256c,MILKY MIST DAIRY FOOD LIMITED-IPO,"Dear Investor, Greetings!! This is with reference to the application made by you in the public issue of MILKY MIST DAIRY FOOD LIMITED-IPO (&quot;Company&quot; or &quot;Issuer&quot;). Please find the",ham,2026-08-14T19:43:27+00:00
1a00146b0ed2d578,NSE - Public issue - Bidding information,"Dear TGMXXXXX5C, With reference to SEBI circular ref no.CIR/CFD/POLICYCELL/11/2015 dated November 10, 2015, the SMS and email alerts facility has been provided for ease and convenience of the investors",ham,2026-08-14T17:14:50+00:00
1a00117a96de11a9,Thank you for requesting Big Book of MLOps 2nd Edition,Thank you for your interest in Big Book of MLOps 2nd Edition. Please click below to access your eBook. ‌ ‌ ‌ ‌ ‌ ‌ ‌ ‌ ‌ ‌ ‌ ‌ ‌ ‌ ‌ ‌ ‌ ‌ ‌ ‌ ‌ ‌ ‌ ‌ ‌ ‌ ‌ ‌ ‌ ‌ ‌ ‌ ‌ ‌ ‌ ‌ ‌ ‌ ‌ ‌ ‌ ‌ ‌ ‌ ‌ ‌ ‌ ‌ ‌,ham,2026-08-14T16:25:22+00:00
1a001126dbaa1522,❤️Dark Sides of Female Psychology❤️,"1. Girls fall in love with the one who satisfies their psychological needs the most. 2.If a girl truly loves a guy, she&#39;ll always tell him when another guy flirts with her. 3.When a girl cooks… Top",ham,2026-08-14T16:19:39+00:00
1a00109a372344ec,💀 OpenAI kills Google's new model in a day,"Welcome back! This edition covers ChatGPT moving onto your screen, Google… ͏ ͏ ͏ ͏ ͏ ͏ ͏ ͏ ͏ ͏ ͏ ͏ ͏ ͏ ͏ ͏ ͏ ͏ ͏ ͏ ͏ ͏ ͏ ͏ ͏ ͏ ͏ ͏ ͏ ͏ ͏ ͏ ͏ ͏ ͏ ͏ ͏ ͏ ͏ ͏ ͏ ͏ ͏ ͏ ͏ ͏ ͏ ͏ ͏ ͏ ͏ ͏ ͏ ͏ ͏ ͏ ͏ ͏ ͏ ͏ ͏ ͏ ͏",ham,2026-08-14T16:10:03+00:00
1a000f01bab7f8e5,"Forex reserve rises, Reliance to partner with Rolls-Royce, & more - Groww Digest",All you need to know about the day ‌ ‌ ‌ ‌ ‌ ‌ ‌ ‌ ‌ ‌ ‌ ‌ ‌ ‌ ‌ ‌ ‌ ‌ ‌ ‌ ‌ ‌ ‌ ‌ ‌ ‌ ‌ ‌ ‌ ‌ ‌ ‌ ‌ ‌ ‌ ‌ ‌ ‌ ‌ ‌ ‌ ‌ ‌ ‌ ‌ ‌ ‌ ‌ ‌ ‌ Groww Digest 14 August 2026 Sensex 78009.25 ▼ 0.09% Nifty 24366.00,ham,2026-08-14T15:42:09+00:00
1a0008c85771e762,NSE - Public issue - Bidding information,"Dear TGMXXXXX5C, With reference to SEBI circular ref no.CIR/CFD/POLICYCELL/11/2015 dated November 10, 2015, the SMS and email alerts facility has been provided for ease and convenience of the investors",ham,2026-08-14T13:53:23+00:00
1a0008c70e7dcc75,Updates to our terms of use,"Hello, You&#39;re receiving this email because we are updating the Microsoft Services Agreement, which applies to one or more Microsoft products or services you use. We&#39;re making these updates to",ham,2026-08-14T13:53:17+00:00
19fffdc982eef3b6,"NetcoreNetwork Announces Causeway for Private, Peer-to-Peer Connectivity",A new p2p connectivity ecosystem built on NetcoreNetwork&#39;s decentralized… ͏ ͏ ͏ ͏ ͏ ͏ ͏ ͏ ͏ ͏ ͏ ͏ ͏ ͏ ͏ ͏ ͏ ͏ ͏ ͏ ͏ ͏ ͏ ͏ ͏ ͏ ͏ ͏ ͏ ͏ ͏ ͏ ͏ ͏ ͏ ͏ ͏ ͏ ͏ ͏ ͏ ͏ ͏ ͏ ͏ ͏ ͏ ͏ ͏ ͏ ͏ ͏ ͏ ͏ ͏ ͏ ͏ ͏ ͏ ͏ ͏ ͏,ham,2026-08-14T10:41:14+00:00
19fffcb1c76fc1eb,Why Most Manufacturing AI Initiatives Fail Before They Scale,"This interview is part of HonestAI – Manufacturing, Engineering &amp; Industrial AI… ͏ ͏ ͏ ͏ ͏ ͏ ͏ ͏ ͏ ͏ ͏ ͏ ͏ ͏ ͏ ͏ ͏ ͏ ͏ ͏ ͏ ͏ ͏ ͏ ͏ ͏ ͏ ͏ ͏ ͏ ͏ ͏ ͏ ͏ ͏ ͏ ͏ ͏ ͏ ͏ ͏ ͏ ͏ ͏ ͏ ͏ ͏ ͏ ͏ ͏ ͏ ͏ ͏ ͏ ͏ ͏ ͏ ͏",ham,2026-08-14T10:22:08+00:00
19fffc853a5a0743,You are invited to AI X Testing Bootcamp By BrowserStack,"Hi, Ready to boost your QA productivity and become the tester AI can&#39;t replace? Join us for… BrowserStack You&#39;re invited to AI X Testing Bootcamp By BrowserStack AUG 22 Saturday 22 August 9:30",ham,2026-08-14T10:19:05+00:00
19fffc3cfd2f5f34,Congrats! Your account has been upgraded to Free Tier,🎉 Higher rate limits + higher monthly spend cap ‍͏ ͏ ‍͏ ͏ ‍͏ ͏ ‍͏ ͏ ‍͏ ͏ ‍͏ ͏ ‍͏ ͏ ‍͏ ͏ ‍͏ ͏ ‍͏ ͏ ‍͏ ͏ ‍͏ ͏ ‍͏ ͏ ‍͏ ͏ ‍͏ ͏ ‍͏ ͏ ‍͏ ͏ ‍͏ ͏ ‍͏ ͏ ‍͏ ͏ ‍͏ ͏ ‍͏ ͏ ‍͏ ͏ ‍͏ ͏ ‍͏ ͏ ‍͏ ͏ ‍͏ ͏ ‍͏ ͏ ‍͏ ͏ ‍͏ ͏ ‍͏,ham,2026-08-14T10:14:09+00:00
19fffb5def7e3472,Re: [khushal910/MailSentry] Feature/incremental real user ingestion (PR #77),vercel[bot] left a comment (khushal910/MailSentry#77) The latest updates on your projects. Learn more about Vercel for GitHub. Project Deployment Actions Updated (UTC) mailsentry Building Building,ham,2026-08-14T09:58:56+00:00
19fffb5d4a4ab481,Re: [khushal910/MailSentry] Feature/incremental real user ingestion (PR #77),"dagshub[bot] left a comment (khushal910/MailSentry#77) Join the discussion on DagsHub! — Reply to this email directly, view it on GitHub, or unsubscribe. Triage notifications, keep track of coding",ham,2026-08-14T09:58:54+00:00
19fffb5d0608d11b,Re: [khushal910/MailSentry] Feature/incremental real user ingestion (PR #77),"@Copilot commented on this pull request. Copilot wasn&#39;t able to review any files in this pull request. 💡 Add a code-review agent skill or configure MCP servers for context-aware, tailored reviews.",ham,2026-08-14T09:58:53+00:00
19fffae12347df64,Urgent: your billing account 018E94-3F4C95-BFCA81 has been terminated.,"Go to my console » Action required Dear Google customer, You are receiving this email because you are a Google Cloud Platform, Firebase or API customer. Your billing account 018E94-3F4C95-BFCA81 has",ham,2026-08-14T09:50:25+00:00
19fffaba0e7b0b92,🚀 Introducing Gemini 3.7 Flash in the Gemini API,Enjoy introductory price until December 31 ‍͏ ͏ ‍͏ ͏ ‍͏ ͏ ‍͏ ͏ ‍͏ ͏ ‍͏ ͏ ‍͏ ͏ ‍͏ ͏ ‍͏ ͏ ‍͏ ͏ ‍͏ ͏ ‍͏ ͏ ‍͏ ͏ ‍͏ ͏ ‍͏ ͏ ‍͏ ͏ ‍͏ ͏ ‍͏ ͏ ‍͏ ͏ ‍͏ ͏ ‍͏ ͏ ‍͏ ͏ ‍͏ ͏ ‍͏ ͏ ‍͏ ͏ ‍͏ ͏ ‍͏ ͏ ‍͏ ͏ ‍͏ ͏ ‍͏ ͏ ‍͏ ͏ ‍͏,ham,2026-08-14T09:47:45+00:00
19fff8b92bd6e9d0,Announcement on DeepSeek V4 API New Pricing,"Dear DeepSeek API user, With the official release of the full DeepSeek V4 series models, we will be updating and adjusting our API pricing. To allocate resources more efficiently, we will adopt peak-",ham,2026-08-14T08:55:33+00:00
19fff4d7a2e8cdf5,Don’t miss conversations in JavaScript,View recommended posts from JavaScript ͏ ͏ ͏ ͏ ͏ ͏ ͏ ͏ ͏ ͏ ͏ ͏ ͏ ͏ ͏ ͏ ͏ ͏ ͏ ͏ ͏ ͏ ͏ ͏ ͏ ͏ ͏ ͏ ͏ ͏ ͏ ͏ ͏ ͏ ͏ ͏ ͏ ͏ ͏ ͏ ͏ ͏ ͏ ͏ ͏ ͏ ͏ ͏ ͏ ͏ ͏ ͏ ͏ ͏ ͏ ͏ ͏ ͏ ͏ ͏ ͏ ͏ ͏ ͏ ͏ ͏ ͏ ͏ ͏ ͏ ͏ ͏ ͏ ͏ ͏ ͏ ͏ ͏ ͏ ͏ ͏,ham,2026-08-14T08:04:55+00:00
19fff390b94f294e,[khushal910/MailSentry] PR run failed: MailSentry Continuous Integration (CI) - Feature/incremental real user ingestion (b295ae1),[khushal910/MailSentry] MailSentry Continuous Integration (CI) workflow run MailSentry Continuous Integration (CI): Some jobs were not successful View workflow run Status Job Annotations MailSentry,ham,2026-08-14T07:42:34+00:00
19fff366e977e240,"khushal, 2 IPOs close today at 5:00 PM",3 hours left. Behari Lal · 34.91× subscribed. Shiprocket · 24.27× subscribed. Bidding closes at 5:00 PM. ‌ ‌ ‌ ‌ ‌ ‌ ‌ ‌ ‌ ‌ α THE IPO DESK CLOSES TODAY Hi khushal — 3 hours left. Bidding for 2,ham,2026-08-14T07:39:44+00:00
19ffeee7b5280ec3,[khushal910/MailSentry] PR run failed: MailSentry Continuous Integration (CI) - Feature/incremental real user ingestion (4ec1f19),[khushal910/MailSentry] MailSentry Continuous Integration (CI) workflow run MailSentry Continuous Integration (CI): Some jobs were not successful View workflow run Status Job Annotations MailSentry,ham,2026-08-14T06:21:08+00:00
19ffeedae6c2238d,Re: [khushal910/MailSentry] Feature/incremental real user ingestion (PR #76),"coderabbitai[bot] left a comment (khushal910/MailSentry#76) Note Currently processing new changes in this PR. This may take a few minutes, please wait... ⚙️ Run configuration Configuration used:",ham,2026-08-14T06:20:17+00:00
19ffeed928f66e85,Re: [khushal910/MailSentry] Feature/incremental real user ingestion (PR #76),"@Copilot commented on this pull request. Copilot was unable to review this pull request because the user who requested the review has reached their quota limit. — Reply to this email directly, view it",ham,2026-08-14T06:20:09+00:00
19ffeed8c244e2c0,Re: [khushal910/MailSentry] Feature/incremental real user ingestion (PR #76),"dagshub[bot] left a comment (khushal910/MailSentry#76) Join the discussion on DagsHub! — Reply to this email directly, view it on GitHub, or unsubscribe. Triage notifications, keep track of coding",ham,2026-08-14T06:20:08+00:00
19ffeed882702226,Re: [khushal910/MailSentry] Feature/incremental real user ingestion (PR #76),vercel[bot] left a comment (khushal910/MailSentry#76) The latest updates on your projects. Learn more about Vercel for GitHub. Project Deployment Actions Updated (UTC) mailsentry Ready Ready Preview,ham,2026-08-14T06:20:07+00:00
19ffec8b56f73918,📚 Useful Books For Designers Working On Complex Problems,"Chances are high that you are working on a challenging, complex product. And… ͏ ͏ ͏ ͏ ͏ ͏ ͏ ͏ ͏ ͏ ͏ ͏ ͏ ͏ ͏ ͏ ͏ ͏ ͏ ͏ ͏ ͏ ͏ ͏ ͏ ͏ ͏ ͏ ͏ ͏ ͏ ͏ ͏ ͏ ͏ ͏ ͏ ͏ ͏ ͏ ͏ ͏ ͏ ͏ ͏ ͏ ͏ ͏ ͏ ͏ ͏ ͏ ͏ ͏ ͏ ͏ ͏ ͏ ͏ ͏ ͏ ͏",ham,2026-08-14T05:39:53+00:00
19ffe77709140f66,[Notice] Approaching Free Build Pipeline Minute Limit,Render You&#39;re close to the build pipeline minute limit Your Render team My Workspace has used more than 70% of the 500 available free pipeline minutes this month. Once you&#39;ve used all of the,ham,2026-08-14T04:11:01+00:00
19ffe49b0b53d6af,AI/ML Engineer at Jobgether,Jobgether AI/ML Engineer: This position is listed on behalf of a partner… ͏ ͏ ͏ ͏ ͏ ͏ ͏ ͏ ͏ ͏ ͏ ͏ ͏ ͏ ͏ ͏ ͏ ͏ ͏ ͏ ͏ ͏ ͏ ͏ ͏ ͏ ͏ ͏ ͏ ͏ ͏ ͏ ͏ ͏ ͏ ͏ ͏ ͏ ͏ ͏ ͏ ͏ ͏ ͏ ͏ ͏ ͏ ͏ ͏ ͏ ͏ ͏ ͏ ͏ ͏ ͏ ͏ ͏ ͏ ͏ ͏ ͏ ͏ ͏,ham,2026-08-14T03:21:09+00:00
19ffded1a05cbf49,9 Countries That Make You A Citizen In Under A Year | Greyson Ferguson,Khushalsatani Stories for Khushalsatani @khushalsatani009·Become a member Medium daily digest Today&#39;s highlights Greyson Ferguson Greyson Ferguson 9 Countries That Make You A Citizen In Under A,ham,2026-08-14T01:40:00+00:00
19ffddca98263da2,Is the 94.1 LPA salary in Bangalore too low for a 32-year-old software engineer?,"Yes dear, It&#39;s very low as compared to current market scenario because my cousin who completed BTech in 7 years from Langotia institute of technology even got package of 3.9 crore and still some…",ham,2026-08-14T01:22:03+00:00
19ffdca8554fc4c4,The AI Engineering Skills Map from Andrew Ng,"Meta&#39;s Play for Coding Data, Google Robotics Multi-Embodiment, MiniMax&#39;s Open Video Model (With an Asterisk) ͏ ͏ ͏ ͏ ͏ ͏ ͏ ͏ ͏ ͏ ͏ ͏ ͏ ͏ ͏ ͏ ͏ ͏ ͏ ͏ ͏ ͏ ͏ ͏ ͏ ͏ ͏ ͏ ͏ ͏ ͏ ͏ ͏ ͏ ͏ ͏ ͏ ͏ ͏ ͏ ͏ ͏",ham,2026-08-14T01:02:15+00:00
19ffcb0e892defdf,MOLBIO DIAGNOSTICS LIMITED-IPO,"Dear Investor, Greetings!! This is with reference to the application made by you in the public issue of MOLBIO DIAGNOSTICS LIMITED-IPO (&quot;Company&quot; or &quot;Issuer&quot;). Please find the",ham,2026-08-13T19:54:34+00:00
19ffc9c259979426,"You are picking by convenience, not by outcome","👋 Hi there, welcome to the AI Central ➡️ Sign up here to the free-forever… ͏ ͏ ͏ ͏ ͏ ͏ ͏ ͏ ͏ ͏ ͏ ͏ ͏ ͏ ͏ ͏ ͏ ͏ ͏ ͏ ͏ ͏ ͏ ͏ ͏ ͏ ͏ ͏ ͏ ͏ ͏ ͏ ͏ ͏ ͏ ͏ ͏ ͏ ͏ ͏ ͏ ͏ ͏ ͏ ͏ ͏ ͏ ͏ ͏ ͏ ͏ ͏ ͏ ͏ ͏ ͏ ͏ ͏ ͏ ͏ ͏ ͏ ͏",ham,2026-08-13T19:31:58+00:00
19ffc7ed11abf57f,DHOOT TRANSMISSION LIMITED-IPO,"Dear Investor, Greetings!! This is with reference to the application made by you in the public issue of DHOOT TRANSMISSION LIMITED-IPO (&quot;Company&quot; or &quot;Issuer&quot;). Please find the",ham,2026-08-13T18:59:53+00:00
19ffc428d5547821,"MSCI adds 4 stocks, BofA to invest Rs 18,268 cr in Jio Credit, & more - Groww Digest",All you need to know about the day ‌ ‌ ‌ ‌ ‌ ‌ ‌ ‌ ‌ ‌ ‌ ‌ ‌ ‌ ‌ ‌ ‌ ‌ ‌ ‌ ‌ ‌ ‌ ‌ ‌ ‌ ‌ ‌ ‌ ‌ ‌ ‌ ‌ ‌ ‌ ‌ ‌ ‌ ‌ ‌ ‌ ‌ ‌ ‌ ‌ ‌ ‌ ‌ ‌ ‌ Groww Digest 13 August 2026 Sensex 78079.96 ▲ 0.15% Nifty 24395.85,ham,2026-08-13T17:54:06+00:00
19ffbe733f041092,How innocent are your parents?,So there is this OYO hotel that opened in front of my house just couple of days ago. One day I was standing in balcony with my mother and asked her causually. “Is their hotel running or it is … Top,ham,2026-08-13T16:14:20+00:00
19ffbc5dd751ff18,NSE - Public issue - Bidding information,"Dear TGMXXXXX5C, With reference to SEBI circular ref no.CIR/CFD/POLICYCELL/11/2015 dated November 10, 2015, the SMS and email alerts facility has been provided for ease and convenience of the investors",ham,2026-08-13T15:37:52+00:00
19ffb8c4ee6b3fb3,"Re: [khushal910/MailSentry] feat(cicd): implement sequential CD deployment, health probes, and ML… (PR #75)",coderabbitai[bot] left a comment (khushal910/MailSentry#75) Review Change Stack ℹ️ Recent review info ⚙️ Run configuration Configuration used: defaults Review profile: CHILL Plan: Free Run ID: 6ca5c6f3,ham,2026-08-13T14:35:03+00:00
19ffb8bba02a96eb,"Re: [khushal910/MailSentry] feat(cicd): implement sequential CD deployment, health probes, and ML… (PR #75)",vercel[bot] left a comment (khushal910/MailSentry#75) The latest updates on your projects. Learn more about Vercel for GitHub. Project Deployment Actions Updated (UTC) mailsentry Ready Ready Preview,ham,2026-08-13T14:34:26+00:00
19ffb8bb4ea19b9a,"Re: [khushal910/MailSentry] feat(cicd): implement sequential CD deployment, health probes, and ML… (PR #75)","@Copilot commented on this pull request. Copilot was unable to review this pull request because the user who requested the review has reached their quota limit. — Reply to this email directly, view it",ham,2026-08-13T14:34:24+00:00
19ffb8bb30eae59d,"Re: [khushal910/MailSentry] feat(cicd): implement sequential CD deployment, health probes, and ML… (PR #75)","dagshub[bot] left a comment (khushal910/MailSentry#75) Join the discussion on DagsHub! — Reply to this email directly, view it on GitHub, or unsubscribe. Triage notifications, keep track of coding",ham,2026-08-13T14:34:22+00:00
19ffb72919f7050c,"🚨300,000 Traders. The Same Mistake.",Darrell Martin explains why more accounts can hurt traders who haven&#39;t built the right habits. ͏ ͏ ͏ ͏ ͏ ͏ ͏ ͏ ͏ ͏ ͏ ͏ ͏ ͏ ͏ ͏ ͏ ͏ ͏ ͏ ͏ ͏ ͏ ͏ ͏ ͏ ͏ ͏ ͏ ͏ ͏ ͏ ͏ ͏ ͏ ͏ ͏ ͏ ͏ ͏ ͏ ͏ ͏ ͏ ͏ ͏ ͏ ͏ ͏ ͏ ͏,ham,2026-08-13T14:06:56+00:00
19ffb5cd8e80d6df,"Learning fast, choosing where, explaining why",Work is being rebuilt from several directions at once: the tasks inside a job… ͏ ͏ ͏ ͏ ͏ ͏ ͏ ͏ ͏ ͏ ͏ ͏ ͏ ͏ ͏ ͏ ͏ ͏ ͏ ͏ ͏ ͏ ͏ ͏ ͏ ͏ ͏ ͏ ͏ ͏ ͏ ͏ ͏ ͏ ͏ ͏ ͏ ͏ ͏ ͏ ͏ ͏ ͏ ͏ ͏ ͏ ͏ ͏ ͏ ͏ ͏ ͏ ͏ ͏ ͏ ͏ ͏ ͏ ͏ ͏ ͏,ham,2026-08-13T13:43:13+00:00
19ffb5afa8d28a5b,New sign-in detected on your Vercel account,"New sign-in detected on your Vercel account Hello, khushal910. Your Vercel account khushalsatani009@gmail.com was recently signed-in from a new location, device or browser: Location: Ahmedabad, Gujarat",ham,2026-08-13T13:41:11+00:00
19ffb5412dc166cd,[GitHub] Sudo email verification code,"Please verify your identity, khushal910 Here is your GitHub sudo authentication code: 69840922 This code is valid for 15 minutes and can only be used once. Please don&#39;t share this code with anyone:",ham,2026-08-13T13:33:38+00:00
19ffb46a46ed0677,"Re: [khushal910/MailSentry] fix: enforce reliable sequential deployment, improve health endpoints… (PR #74)","coderabbitai[bot] left a comment (khushal910/MailSentry#74) Note Currently processing new changes in this PR. This may take a few minutes, please wait... ⚙️ Run configuration Configuration used:",ham,2026-08-13T13:18:58+00:00
19ffb468e0298b05,"Re: [khushal910/MailSentry] fix: enforce reliable sequential deployment, improve health endpoints… (PR #74)","vercel[bot] left a comment (khushal910/MailSentry#74) @khushal910 is attempting to deploy a commit to the khushal910&#39;s projects team on Vercel, but is not a member of this team. To resolve this",ham,2026-08-13T13:18:52+00:00
19ffb468d5985c2f,"Re: [khushal910/MailSentry] fix: enforce reliable sequential deployment, improve health endpoints… (PR #74)",vercel[bot] left a comment (khushal910/MailSentry#74) The latest updates on your projects. Learn more about Vercel for GitHub. Project Deployment Actions Updated (UTC) mail-sentry Blocked Blocked Aug,ham,2026-08-13T13:18:52+00:00
19ffb4687a859ee2,"Re: [khushal910/MailSentry] fix: enforce reliable sequential deployment, improve health endpoints… (PR #74)","@Copilot commented on this pull request. Copilot was unable to review this pull request because the user who requested the review has reached their quota limit. — Reply to this email directly, view it",ham,2026-08-13T13:18:50+00:00
19ffb467fab3c293,"Re: [khushal910/MailSentry] fix: enforce reliable sequential deployment, improve health endpoints… (PR #74)","dagshub[bot] left a comment (khushal910/MailSentry#74) Join the discussion on DagsHub! — Reply to this email directly, view it on GitHub, or unsubscribe. Triage notifications, keep track of coding",ham,2026-08-13T13:18:48+00:00
19ffb45ee4122d16,Failed deployment from khushal910,"khushal910 attempted to deploy a commit to khushal910&#39;s projects on Vercel through GitHub, but they&#39;re not a member of the team. To resolve this: Upgrade to Pro and add them as a collaborator",ham,2026-08-13T13:18:11+00:00
19ffb3048710fbde,The 50-year-old skill that outlives every framework,By Thomas Thorsell-Arntsen SQL was written on IBM whiteboards in 1974. It is… ͏ ͏ ͏ ͏ ͏ ͏ ͏ ͏ ͏ ͏ ͏ ͏ ͏ ͏ ͏ ͏ ͏ ͏ ͏ ͏ ͏ ͏ ͏ ͏ ͏ ͏ ͏ ͏ ͏ ͏ ͏ ͏ ͏ ͏ ͏ ͏ ͏ ͏ ͏ ͏ ͏ ͏ ͏ ͏ ͏ ͏ ͏ ͏ ͏ ͏ ͏ ͏ ͏ ͏ ͏ ͏ ͏ ͏ ͏ ͏ ͏ ͏,ham,2026-08-13T12:54:33+00:00
19ffae1d86f4d048,Your MongoDB Atlas M0 cluster has been automatically paused due to prolonged inactivity,"ORGANIZATION khushal&#39;s Org - 2025-08-04 PROJECT Vehicle-Mlops Hi khushal, Your M0 free tier cluster, Cluster0, was automatically paused at 7:28 AM EDT on 2026/08/13 due to prolonged inactivity. All",ham,2026-08-13T11:28:52+00:00
19ffa53b085fe021,Your Profile is not visible to recruiters,Your Profile is not active yet. You will not be able to apply to jobs and recruiters will not be able to contact you. Add missing details in your profile and become visible to recruiters now! naukri.,ham,2026-08-13T08:53:30+00:00
19ffa53096f0b050,My husband cried after breaking his back in a car accident. I am no longer attracted ...?,Yes that is exactly what you should do. Divorce him get him out of you life. There is no reason for you to suffer. Because he got hurt. You wasnt driving the car or nothing. Which is why you nee… Top,ham,2026-08-13T08:52:52+00:00
19ffa484557ccb3d,Upgrade your Gemini 2.5 Flash workloads,Get higher intelligence and better throughput with Gemini 3.5 Flash-Lite. ‍͏ ͏ ‍͏ ͏ ‍͏ ͏ ‍͏ ͏ ‍͏ ͏ ‍͏ ͏ ‍͏ ͏ ‍͏ ͏ ‍͏ ͏ ‍͏ ͏ ‍͏ ͏ ‍͏ ͏ ‍͏ ͏ ‍͏ ͏ ‍͏ ͏ ‍͏ ͏ ‍͏ ͏ ‍͏ ͏ ‍͏ ͏ ‍͏ ͏ ‍͏ ͏ ‍͏ ͏ ‍͏ ͏ ‍͏ ͏ ‍͏ ͏ ‍͏,ham,2026-08-13T08:41:07+00:00
19ffa414c452b53e,You have submitted your assignment submission for Unit_1_Test Submission_Div_A,SOOAD26 -&gt;Assignment -&gt;Unit_1_Test Submission_Div_A You have submitted an assignment submission for &#39;Unit_1_Test Submission_Div_A&#39;. You can see the status of your assignment submission.,ham,2026-08-13T08:33:30+00:00
19ffa40a8abb6f96,You have submitted your assignment submission for Unit_1_Test Submission_Div_A,SOOAD26 -&gt;Assignment -&gt;Unit_1_Test Submission_Div_A You have submitted an assignment submission for &#39;Unit_1_Test Submission_Div_A&#39;. You can see the status of your assignment submission.,ham,2026-08-13T08:32:48+00:00
19ffa2725f2214ee,"Don’t miss conversations in AI & ML – Artificial Intelligence, Machine Learning, Generative AI, Python, Data Science, Agentic AI","View recommended posts from AI &amp; ML – Artificial Intelligence, Machine Learning, Generative AI, Python, Data Science, Agentic AI ͏ ͏ ͏ ͏ ͏ ͏ ͏ ͏ ͏ ͏ ͏ ͏ ͏ ͏ ͏ ͏ ͏ ͏ ͏ ͏ ͏ ͏ ͏ ͏ ͏ ͏ ͏ ͏ ͏ ͏ ͏ ͏ ͏ ͏",ham,2026-08-13T08:04:57+00:00
19ffa271f58442fb,Invi Grid Inc. is hiring for a AI/ML role,Discover roles that match your interests ͏ ͏ ͏ ͏ ͏ ͏ ͏ ͏ ͏ ͏ ͏ ͏ ͏ ͏ ͏ ͏ ͏ ͏ ͏ ͏ ͏ ͏ ͏ ͏ ͏ ͏ ͏ ͏ ͏ ͏ ͏ ͏ ͏ ͏ ͏ ͏ ͏ ͏ ͏ ͏ ͏ ͏ ͏ ͏ ͏ ͏ ͏ ͏ ͏ ͏ ͏ ͏ ͏ ͏ ͏ ͏ ͏ ͏ ͏ ͏ ͏ ͏ ͏ ͏ ͏ ͏ ͏ ͏ ͏ ͏ ͏ ͏ ͏ ͏ ͏ ͏ ͏ ͏ ͏ ͏,ham,2026-08-13T08:04:55+00:00
19ffa1034a9a831e,"khushal, Milky Mist closes today",3 hours left. Milky Mist · 7.96× subscribed. Bidding closes at 5:00 PM. ‌ ‌ ‌ ‌ ‌ ‌ ‌ ‌ ‌ ‌ α THE IPO DESK CLOSES TODAY Hi khushal — 3 hours left. Bidding for 1 Mainboard IPO closes at 5:00 PM. Closing,ham,2026-08-13T07:39:53+00:00
19ffa056aebc1650,IPOs to watch this week!,Stay updated with all IPO details ‌ ‌ ‌ ‌ ‌ ‌ ‌ ‌ ‌ ‌ ‌ ‌ ‌ ‌ ‌ ‌ ‌ ‌ ‌ ‌ ‌ ‌ ‌ ‌ ‌ ‌ ‌ ‌ ‌ ‌ ‌ ‌ ‌ ‌ ‌ ‌ ‌ ‌ ‌ ‌ ‌ ‌ ‌ ‌ ‌ ‌ ‌ ‌ ‌ ‌ IPOs open to apply Behari Lal Engineering They are a B2B iron and,ham,2026-08-13T07:28:05+00:00
19ff9caca5f217dd,"Freedom Special🇮🇳 Get 10,000 Paytm Gold Coins",10000 Gold Coins Awaits #PaytmGoldCoins #Paytmkaro,ham,2026-08-13T06:24:04+00:00
19ff929dda52508f,[GitHub] Sudo email verification code,"Please verify your identity, khushal910 Here is your GitHub sudo authentication code: 88818309 This code is valid for 15 minutes and can only be used once. Please don&#39;t share this code with anyone:",ham,2026-08-13T03:28:17+00:00
19ff92573782e9e6,Machine Learning Engineer at Flexiple,Flexiple Machine Learning Engineer: Machine Learning EngineerA US-headquartered… ͏ ͏ ͏ ͏ ͏ ͏ ͏ ͏ ͏ ͏ ͏ ͏ ͏ ͏ ͏ ͏ ͏ ͏ ͏ ͏ ͏ ͏ ͏ ͏ ͏ ͏ ͏ ͏ ͏ ͏ ͏ ͏ ͏ ͏ ͏ ͏ ͏ ͏ ͏ ͏ ͏ ͏ ͏ ͏ ͏ ͏ ͏ ͏ ͏ ͏ ͏ ͏ ͏ ͏ ͏ ͏ ͏ ͏ ͏ ͏,ham,2026-08-13T03:23:28+00:00
19ff8c6c16737489,I spent 10 hours learning multithreading and multiprocessing | Vu Trinh in Data Engineer Things,Khushalsatani Stories for Khushalsatani @khushalsatani009·Become a member Medium daily digest Today&#39;s highlights Vu Trinh Vu TrinhinData Engineer Things I spent 10 hours learning multithreading and,ham,2026-08-13T01:40:00+00:00
19ff8c628b17c7e4,New Ai Ml Engineer jobs in Bengaluru matching your search - Salary up to Rs 3.1L per month,"+ Other matching jobs for you, Apply Now ! naukri.com Get App 👉 FEW POSITIONS LEFT — APPLY FAST ! AI ML Engineer Einfochips 3.5 Noida Not disclosed Apply Ai Ml Engineer KnowledgeWorks Glob... 2.9 Noida",ham,2026-08-13T01:39:20+00:00
19ff8c3b5314c958,Funds / Securities Balance,"Dear Investor, With reference to BSE notices 20210922-64 dated September 22, 2021 and 20211022-44 dated October 22, 2021, Stock Brokers are required to upload segregation and monitoring of collateral",ham,2026-08-13T01:36:42+00:00
19ff844fdd8cd318,"[Arcade Insider] Players, your August missions are ready!","#GoogleSkillsArcade The Arcade Insider Hey there, They say the sky is the limit—which is exactly why we&#39;re moving past the sky and straight into the cloud to master secure data sharing, advanced",ham,2026-08-12T23:18:18+00:00
19ff82a22dc3577f,"khushal, build new skills and unlock more career opportunities",Explore our new top courses and programs! ‌ ‌ ‌ ‌ ‌ ‌ ‌ ‌ ‌ ‌ ‌ ‌ ‌ ‌ ‌ ‌ ‌ ‌ ‌ ‌ ‌ ‌ ‌ ‌ ‌ ‌ ‌ ‌ ‌ ‌ ‌ ‌ ‌ ‌ ‌ ‌ ‌ ‌ ‌ ‌ ‌ ‌ ‌ ‌ ‌ ‌ ‌ ‌ ‌ ‌ ‌ ‌ ‌ ‌ ‌ ‌ ‌ ‌ ‌ ‌ ‌ ‌ ‌ ‌ ‌ ‌ ‌ ‌ ‌ ‌ ‌ ‌ ‌ ‌ ‌ ‌ ‌ ‌ ‌ ‌,ham,2026-08-12T22:48:57+00:00
19ff81854205b4f3,"Nine GPTs, and five of them are actually one pipeline","👋 Hi there, welcome to the AI Central ➡️ Sign up here to the free-forever… ͏ ͏ ͏ ͏ ͏ ͏ ͏ ͏ ͏ ͏ ͏ ͏ ͏ ͏ ͏ ͏ ͏ ͏ ͏ ͏ ͏ ͏ ͏ ͏ ͏ ͏ ͏ ͏ ͏ ͏ ͏ ͏ ͏ ͏ ͏ ͏ ͏ ͏ ͏ ͏ ͏ ͏ ͏ ͏ ͏ ͏ ͏ ͏ ͏ ͏ ͏ ͏ ͏ ͏ ͏ ͏ ͏ ͏ ͏ ͏ ͏ ͏ ͏",ham,2026-08-12T21:48:55+00:00
19ff7c72d0c25e90,Update to our Terms & Conditions and Schedule of Charges,"slice Dear User, We&#39;re updating the Terms &amp; Conditions and Schedule of Charges for your slice savings account. You can review the updated documents here: Terms &amp; Conditions: click here(",spam,2026-08-12T21:00:52+00:00
19ff73c3abffb56b,"Meet Agentic Change Management, the next chapter of CodeRabbit","Introducing CodeRabbit Triage, Change Stack, and CodeRabbit Security plus our $143M Series C ͏ ͏ ͏ ͏ ͏ ͏ ͏ ͏ ͏ ͏ ͏ ͏ ͏ ͏ ͏ ͏ ͏ ͏ ͏ ͏ ͏ ͏ ͏ ͏ ͏ ͏ ͏ ͏ ͏ ͏ ͏ ͏ ͏ ͏ ͏ ͏ ͏ ͏ ͏ ͏ ͏ ͏ ͏ ͏ ͏ ͏ ͏ ͏ ͏ ͏ ͏ ͏ ͏ ͏",ham,2026-08-12T18:29:06+00:00
19ff6ec08e9ae870,What devs need to know before the sky goes dark,Real-world anomaly detection: 4 celestial events peak today (+ an ML perk). ͏ ͏ ͏ ͏ ͏ ͏ ͏ ͏ ͏ ͏ ͏ ͏ ͏ ͏ ͏ ͏ ͏ ͏ ͏ ͏ ͏ ͏ ͏ ͏ ͏ ͏ ͏ ͏ ͏ ͏ ͏ ͏ ͏ ͏ ͏ ͏ ͏ ͏ ͏ ͏ ͏ ͏ ͏ ͏ ͏ ͏ ͏ ͏ ͏ ͏ ͏ ͏ ͏ ͏ ͏ ͏ ͏ ͏ ͏ ͏ ͏ ͏ ͏,ham,2026-08-12T17:01:30+00:00
19ff6e16a021fdbc,One console. Every agent. Every laptop.,"No migration. No per-machine setup. Available now. Every production system in your org has an audit trail, access controls, and operational boundaries. Your agents don&#39;t. Until now. Docker AI",ham,2026-08-12T16:49:55+00:00
19ff6cd0d1e0ee6f,I am 5'6'' Indian male. Am I really that short?,"Yes, you&#39;re short. You&#39;re short of sensible girls around you. You&#39;re short of your inner securities. That&#39;s it. Other than that you aren&#39;t short in height. You&#39;re 2 inches",ham,2026-08-12T16:27:40+00:00
19ff6ca4a5d03e95,"Retail inflation rises, Lenskart's profits up 269%, & more - Groww Digest",All you need to know about the day ‌ ‌ ‌ ‌ ‌ ‌ ‌ ‌ ‌ ‌ ‌ ‌ ‌ ‌ ‌ ‌ ‌ ‌ ‌ ‌ ‌ ‌ ‌ ‌ ‌ ‌ ‌ ‌ ‌ ‌ ‌ ‌ ‌ ‌ ‌ ‌ ‌ ‌ ‌ ‌ ‌ ‌ ‌ ‌ ‌ ‌ ‌ ‌ ‌ ‌ Groww Digest 12 August 2026 Sensex 77966.35 ▼ 0.24% Nifty 24435.95,ham,2026-08-12T16:24:39+00:00
19ff6c6c51183ef4,Say hello to IBM Bob 2.0 👋,"After hearing all of your feedback on IBM Bob V1, we&#39;ve made it even better… ͏ ͏ ͏ ͏ ͏ ͏ ͏ ͏ ͏ ͏ ͏ ͏ ͏ ͏ ͏ ͏ ͏ ͏ ͏ ͏ ͏ ͏ ͏ ͏ ͏ ͏ ͏ ͏ ͏ ͏ ͏ ͏ ͏ ͏ ͏ ͏ ͏ ͏ ͏ ͏ ͏ ͏ ͏ ͏ ͏ ͏ ͏ ͏ ͏ ͏ ͏ ͏ ͏ ͏ ͏ ͏ ͏ ͏ ͏ ͏",ham,2026-08-12T16:20:49+00:00
19ff6b95b1359f24,Take back control of your AI coding workflow,"Go from a Claude Code baseline to hybrid and fully local coding workflows, and learn the tradeoffs at every layer. ͏ ͏ ͏ ͏ ͏ ͏ ͏ ͏ ͏ ͏ ͏ ͏ ͏ ͏ ͏ ͏ ͏ ͏ ͏ ͏ ͏ ͏ ͏ ͏ ͏ ͏ ͏ ͏ ͏ ͏ ͏ ͏ ͏ ͏ ͏ ͏ ͏ ͏ ͏ ͏ ͏ ͏ ͏",ham,2026-08-12T16:05:40+00:00
19ff695c57017ec7,🧬 Your AI documents have DNA now,Welcome back! This edition covers an invisible mark inside everything Claude… ͏ ͏ ͏ ͏ ͏ ͏ ͏ ͏ ͏ ͏ ͏ ͏ ͏ ͏ ͏ ͏ ͏ ͏ ͏ ͏ ͏ ͏ ͏ ͏ ͏ ͏ ͏ ͏ ͏ ͏ ͏ ͏ ͏ ͏ ͏ ͏ ͏ ͏ ͏ ͏ ͏ ͏ ͏ ͏ ͏ ͏ ͏ ͏ ͏ ͏ ͏ ͏ ͏ ͏ ͏ ͏ ͏ ͏ ͏ ͏ ͏ ͏,ham,2026-08-12T15:27:18+00:00
19ff6467e72bc237,NSE - Public issue - Bidding information,"Dear TGMXXXXX5C, With reference to SEBI circular ref no.CIR/CFD/POLICYCELL/11/2015 dated November 10, 2015, the SMS and email alerts facility has been provided for ease and convenience of the investors",ham,2026-08-12T14:00:41+00:00
19ff641bc1fbd0d8,Welcome to SBI Asha Scholarship Program 2026,"Dear Khushal, Thank you for registering for the SBI Asha Scholarship Program 2026. Your account has been successfully created, and you may now log in to complete your scholarship application. Before",ham,2026-08-12T13:55:30+00:00
19ff64111bb6fd7b,Your ACTIVATION OTP Code,"Action Required OTP Verification Your one-time password (OTP) for ACTIVATION is: 206486 Please do not share this code with anyone. It will expire shortly. Best Regards, The SBI Asha Scholarship Program",ham,2026-08-12T13:54:46+00:00
19ff63c6f41030f9,NSE - Public issue - Bidding information,"Dear TGMXXXXX5C, With reference to SEBI circular ref no.CIR/CFD/POLICYCELL/11/2015 dated November 10, 2015, the SMS and email alerts facility has been provided for ease and convenience of the investors",ham,2026-08-12T13:49:42+00:00
1a00a73cb46f60c9,Hi,With my for testing,ham,2026-08-16T12:02:35+00:00
1a00a73729301151,Hi,For testing,ham,2026-08-16T12:02:12+00:00
1a01022a0a6a6ba9,You shared some Google Account data with Password Manager,Keep track of your Google Account data paldhaduk14@gmail.com You&#39;re receiving this email because you used Sign in with Google to sign in to Password Manager on 17 August at 20:01. This email,ham,2026-08-17T14:31:39+00:00
1a00ebc32a442725,Grow faster with features tailored to your needs,No daily send limit!‌ ‌ ‌ ‌ ‌ ‌ ‌ ‌ ‌ ‌ ‌ ‌ ‌ ‌ ‌ ‌ ‌ ‌ ‌ ‌ ‌ ‌ ‌ ‌ ‌ ‌ ‌ ‌ ‌ ‌ ‌ ‌ ‌ ‌ ‌ ‌ ‌ ‌ ‌ ‌ ‌ ‌ ‌ ‌ ‌ ‌ ‌ ‌ ‌ ‌ ‌ ‌ ‌ ‌ ‌ ‌ ‌ ‌ ‌ ‌ ‌ ‌ ‌ ‌ ‌ ‌ ‌ ‌ ‌ ‌ ‌ ‌ ‌ ‌ ‌ ‌ ‌ ‌ ‌ ‌ ‌ ‌ ‌ ‌ ‌ ‌ ‌ ‌ ‌ ‌ ‌,ham,2026-08-17T08:00:08+00:00
1a000a057f62584d,PassOP - Password Reset Verification Code,"PassOP Vault Password Reset Verification Code Hello Dhaduk Pal Girishbahi, You requested to reset your master password. Use the 6-digit verification code (OTP) below to authenticate your request:",ham,2026-08-14T14:15:00+00:00
19fff4a32618c6a1,You have been added to testers-dev1,"testers-dev1 Google Groups Logo for Google Groups Hi Paldhaduk14@gmail.com, bhavyesh1990@gmail.com added you to the testers-dev1 group. About this group testers-dev1 Google Groups allows you to create",spam,2026-08-14T08:01:19+00:00
19ffb43c4ef478dd,Introducing MongoDB Atlas connectors and plugins for agents,"Query, manage, and troubleshoot Atlas without leaving your coding tools. MongoDB Atlas across your favorite AI tools Introducing native connectors and plugins for ChatGPT, Claude, Claude Code, Codex,",ham,2026-08-13T13:15:50+00:00
19ff91531f5d4700,PassOP - Password Reset Verification Code,"PassOP Vault Password Reset Verification Code Hello Dhaduk Pal Girishbahi, You requested to reset your master password. Use the 6-digit verification code (OTP) below to authenticate your request:",ham,2026-08-13T03:05:38+00:00
19ff90c40f540dd5,PassOP - Password Reset Verification Code,"PassOP Vault Password Reset Verification Code Hello Dhaduk Pal Girishbahi, You requested to reset your master password. Use the 6-digit verification code (OTP) below to authenticate your request:",ham,2026-08-13T02:55:52+00:00
19ff6e71329cef5a,Update to our Terms & Conditions and Schedule of Charges,"slice Dear User, We&#39;re updating the Terms &amp; Conditions and Schedule of Charges for your slice savings account. You can review the updated documents here: Terms &amp; Conditions: click here(",ham,2026-08-12T16:56:05+00:00
19ff49fc9b9e1149,Make the most of your Brevo account,3 growth tips to maximize your marketing impact‌ ‌ ‌ ‌ ‌ ‌ ‌ ‌ ‌ ‌ ‌ ‌ ‌ ‌ ‌ ‌ ‌ ‌ ‌ ‌ ‌ ‌ ‌ ‌ ‌ ‌ ‌ ‌ ‌ ‌ ‌ ‌ ‌ ‌ ‌ ‌ ‌ ‌ ‌ ‌ ‌ ‌ ‌ ‌ ‌ ‌ ‌ ‌ ‌ ‌ ‌ ‌ ‌ ‌ ‌ ‌ ‌ ‌ ‌ ‌ ‌ ‌ ‌ ‌ ‌ ‌ ‌ ‌ ‌ ‌ ‌ ‌ ‌ ‌ ‌ ‌ ‌,ham,2026-08-12T06:18:58+00:00
19ff15eefccf5645,MongoDB’s community is moving to Reddit,"Join r/MongoDB_Official for MongoDB Q&amp;A, updates, and community discussions. Introducing r/MongoDB_Official We&#39;re launching r/MongoDB_Official, MongoDB&#39;s new home for our community on",ham,2026-08-11T15:09:17+00:00
19fec8a6104f54c0,New ways to build safely on Lovable,"Trust centers for every published app, AIUC-1 certification, and connectors that bring your own data ͏ ͏ ͏ ͏ ͏ ͏ ͏ ͏ ͏ ͏ ͏ ͏ ͏ ͏ ͏ ͏ ͏ ͏ ͏ ͏ ͏ ͏ ͏ ͏ ͏ ͏ ͏ ͏ ͏ ͏ ͏ ͏ ͏ ͏ ͏ ͏ ͏ ͏ ͏ ͏ ͏ ͏ ͏ ͏ ͏ ͏ ͏ ͏ ͏ ͏",ham,2026-08-10T16:37:07+00:00
19fea51843f99fb8,Let Brevo do the heavy lifting,"3 simple growth strategies Turn campaigns into conversions with our easy-to-use marketing tools Hey Pal, We&#39;re thrilled to have you be part of the Brevo community! To help you grow your business,",ham,2026-08-10T06:15:22+00:00
19fe9ddbde91357f,Security alert,"New passkey added to your account paldhaduk14@gmail.com If you didn&#39;t add a passkey, someone might be using your account. Check and secure your account now. Check activity You can also see security",ham,2026-08-10T04:10:49+00:00
19fe9dc191fc129b,Security alert,"2-Step Verification backup codes generated paldhaduk14@gmail.com New backup codes have been created to sign in to your Google Account. If you didn&#39;t generate these codes, someone else might be",ham,2026-08-10T04:09:02+00:00
19fe9dbdbd22b13e,Security alert,"Authenticator app added as sign-in step paldhaduk14@gmail.com If you didn&#39;t add the Authenticator app, someone else might be using your account. Check and secure your account now. Check activity",ham,2026-08-10T04:08:46+00:00
19fe9da6c8045863,Security alert,"Recovery email was changed for paldhaduk14@gmail.com The recovery email for your account was changed. If you didn&#39;t change it, you should check what happened. Check activity You can also see",ham,2026-08-10T04:07:10+00:00
19fdd5275b8c2133,"We've updated our Privacy Policy - effective September 9, 2026","It goes into effect on September 9, 2026. ͏ ͏ ͏ ͏ ͏ ͏ ͏ ͏ ͏ ͏ ͏ ͏ ͏ ͏ ͏ ͏ ͏ ͏ ͏ ͏ ͏ ͏ ͏ ͏ ͏ ͏ ͏ ͏ ͏ ͏ ͏ ͏ ͏ ͏ ͏ ͏ ͏ ͏ ͏ ͏ ͏ ͏ ͏ ͏ ͏ ͏ ͏ ͏ ͏ ͏ ͏ ͏ ͏ ͏ ͏ ͏ ͏ ͏ ͏ ͏ ͏ ͏ ͏ ͏ ͏ ͏ ͏ ͏ ͏ ͏ ͏ ͏ ͏ ͏ ͏ ͏ ͏ ͏ ͏ ͏",ham,2026-08-07T17:41:26+00:00
19fd88a14beed6b9,Competition Launch: RSNA Knee Abnormality Detection,"Hi PalDha, A single knee scan can reveal a dozen different problems. In this competition, you are tasked to build machine learning models that detect a defined set of clinically important abnormalities",ham,2026-08-06T19:25:55+00:00
19fd807a5e605aed,Still on the fence? Fair. Read this first.,One prompt rarely tells the whole story ͏ ͏ ͏ ͏ ͏ ͏ ͏ ͏ ͏ ͏ ͏ ͏ ͏ ͏ ͏ ͏ ͏ ͏ ͏ ͏ ͏ ͏ ͏ ͏ ͏ ͏ ͏ ͏ ͏ ͏ ͏ ͏ ͏ ͏ ͏ ͏ ͏ ͏ ͏ ͏ ͏ ͏ ͏ ͏ ͏ ͏ ͏ ͏ ͏ ͏ ͏ ͏ ͏ ͏ ͏ ͏ ͏ ͏ ͏ ͏ ͏ ͏ ͏ ͏ ͏ ͏ ͏ ͏ ͏ ͏ ͏ ͏ ͏ ͏ ͏ ͏ ͏ ͏ ͏ ͏ ͏,ham,2026-08-06T17:03:27+00:00
19fd77dfacc2f22a,Password Reset OTP,Your OTP for password reset is 574331. It is valid for 10 minutes.,ham,2026-08-06T14:32:59+00:00
19fd59947b2a2e09,Successful sign-in for paldhaduk14@gmail.com from new device,We&#39;re verifying a recent sign-in for paldhaduk14@gmail.com: Timestamp: 2026-08-06 05:43:39 GMT IP Address: 152.58.62.155 You&#39;re receiving this message because of a successful sign-in from a,ham,2026-08-06T05:43:39+00:00
19fd4efcfe2ecfc4,Register for the free 3-part MongoDB Fundamentals Series,"WEBINAR SERIES MongoDB Logo Webinar series Intro to MongoDB: Fundamentals Series August 13, 20, &amp; 27 Hi Pal, You&#39;re an early-journey builder looking to reduce the friction of getting started",ham,2026-08-06T02:05:22+00:00
19fd3812aec18443,"Build your first email in minutes with Brevo Aura, your AI assistant","Work smarter, not harder‌ ‌ ‌ ‌ ‌ ‌ ‌ ‌ ‌ ‌ ‌ ‌ ‌ ‌ ‌ ‌ ‌ ‌ ‌ ‌ ‌ ‌ ‌ ‌ ‌ ‌ ‌ ‌ ‌ ‌ ‌ ‌ ‌ ‌ ‌ ‌ ‌ ‌ ‌ ‌ ‌ ‌ ‌ ‌ ‌ ‌ ‌ ‌ ‌ ‌ ‌ ‌ ‌ ‌ ‌ ‌ ‌ ‌ ‌ ‌ ‌ ‌ ‌ ‌ ‌ ‌ ‌ ‌ ‌ ‌ ‌ ‌ ‌ ‌ ‌ ‌ ‌ ‌ ‌ ‌ ‌ ‌ ‌ ‌ ‌ ‌ ‌ ‌ ‌",ham,2026-08-05T19:58:03+00:00
19fce1f6125a4d82,Successful sign-in for paldhaduk14@gmail.com from new device,We&#39;re verifying a recent sign-in for paldhaduk14@gmail.com: Timestamp: 2026-08-04 18:53:10 GMT IP Address: 152.58.62.16 You&#39;re receiving this message because of a successful sign-in from a,ham,2026-08-04T18:53:10+00:00
19fcdba2be6b67b6,Not sure what to do next? Answer this one question.,The thing you do manually is your next prompt ͏ ͏ ͏ ͏ ͏ ͏ ͏ ͏ ͏ ͏ ͏ ͏ ͏ ͏ ͏ ͏ ͏ ͏ ͏ ͏ ͏ ͏ ͏ ͏ ͏ ͏ ͏ ͏ ͏ ͏ ͏ ͏ ͏ ͏ ͏ ͏ ͏ ͏ ͏ ͏ ͏ ͏ ͏ ͏ ͏ ͏ ͏ ͏ ͏ ͏ ͏ ͏ ͏ ͏ ͏ ͏ ͏ ͏ ͏ ͏ ͏ ͏ ͏ ͏ ͏ ͏ ͏ ͏ ͏ ͏ ͏ ͏ ͏ ͏ ͏ ͏ ͏ ͏,ham,2026-08-04T17:02:37+00:00
19fcdac5ef351e13,You shared some Google Account data with Job Portal,Keep track of your Google Account data paldhaduk14@gmail.com You&#39;re receiving this email because you used Sign in with Google to sign in to Job Portal on 4 August at 22:15. This email summarises,ham,2026-08-04T16:47:33+00:00
19fcc5c93f2b47c5,Password Reset OTP,Your OTP for password reset is 349062. It is valid for 10 minutes.,ham,2026-08-04T10:40:42+00:00
19fcc5c4a4cc2593,Password Reset OTP,Your OTP for password reset is 722301. It is valid for 10 minutes.,ham,2026-08-04T10:40:22+00:00
19fcc44d1e8b50c7,Password Reset OTP,Your OTP for password reset is 150925. It is valid for 10 minutes.,ham,2026-08-04T10:14:43+00:00
19fca74182a44942,Here’s your link to sign in to your Google Account,"Use this link to sign back in You can now reset your password and sign back in to . This link will work for 7 days. Get started If you didn&#39;t ask to recover , someone may have accidentally entered",ham,2026-08-04T01:47:13+00:00
19fca633b0193f3d,Competition Launch: Kaggriculture,"Hi PalDha, Can your AI agent cultivate a winning strategy? Welcome to Kaggriculture, a simulation competition where you build an autonomous AI agent that plants crops, raises animals, and trades in a",ham,2026-08-03T18:16:38+00:00
19fc9345d6918ab5,Step 1: Reach your contacts' inbox 📩,Avoid spam filters. Land where it counts.‌ ‌ ‌ ‌ ‌ ‌ ‌ ‌ ‌ ‌ ‌ ‌ ‌ ‌ ‌ ‌ ‌ ‌ ‌ ‌ ‌ ‌ ‌ ‌ ‌ ‌ ‌ ‌ ‌ ‌ ‌ ‌ ‌ ‌ ‌ ‌ ‌ ‌ ‌ ‌ ‌ ‌ ‌ ‌ ‌ ‌ ‌ ‌ ‌ ‌ ‌ ‌ ‌ ‌ ‌ ‌ ‌ ‌ ‌ ‌ ‌ ‌ ‌ ‌ ‌ ‌ ‌ ‌ ‌ ‌ ‌ ‌ ‌ ‌ ‌ ‌ ‌ ‌ ‌ ‌,ham,2026-08-03T19:57:59+00:00
19fc932c8b494ea9,[Brevo] A new SMTP key has been created in your account,"View in browser Brevo New SMTP key has been created in your account Hi Pal Dhaduk, We have noticed that a new SMTP key Job Portal has been created in your Brevo account Job Portal on 03-08-2026 at 7:56",ham,2026-08-03T19:56:15+00:00
19fc92f780948bbe,Welcome to Brevo!,"Here&#39;s what to do next, and resources to guide you.‌ ‌ ‌ ‌ ‌ ‌ ‌ ‌ ‌ ‌ ‌ ‌ ‌ ‌ ‌ ‌ ‌ ‌ ‌ ‌ ‌ ‌ ‌ ‌ ‌ ‌ ‌ ‌ ‌ ‌ ‌ ‌ ‌ ‌ ‌ ‌ ‌ ‌ ‌ ‌ ‌ ‌ ‌ ‌ ‌ ‌ ‌ ‌ ‌ ‌ ‌ ‌ ‌ ‌ ‌ ‌ ‌ ‌ ‌ ‌ ‌ ‌ ‌ ‌ ‌ ‌ ‌ ‌ ‌ ‌ ‌ ‌ ‌",ham,2026-08-03T19:52:38+00:00
19fc92f61f42571b,Your account is validated,You can start sending—more tips and tools are coming this week.‌ ‌ ‌ ‌ ‌ ‌ ‌ ‌ ‌ ‌ ‌ ‌ ‌ ‌ ‌ ‌ ‌ ‌ ‌ ‌ ‌ ‌ ‌ ‌ ‌ ‌ ‌ ‌ ‌ ‌ ‌ ‌ ‌ ‌ ‌ ‌ ‌ ‌ ‌ ‌ ‌ ‌ ‌ ‌ ‌ ‌ ‌ ‌ ‌ ‌ ‌ ‌ ‌ ‌ ‌ ‌ ‌ ‌ ‌ ‌ ‌ ‌ ‌ ‌ ‌ ‌ ‌ ‌ ‌,ham,2026-08-03T19:52:32+00:00
19fc92d55359cfa9,You shared some Google Account data with Brevo,Keep track of your Google Account data paldhaduk14@gmail.com You&#39;re receiving this email because you used Sign in with Google to sign in to Brevo on 4 August at 01:20. This email summarises the,ham,2026-08-03T19:50:18+00:00
19fc92c085381136,Critical security alert,"Did you request help signing in? paldhaduk14@gmail.com Hi Pal, We received a request to help you sign in to paldhaduk14@gmail.com. If you didn&#39;t make this request, review the request and cancel it",ham,2026-08-03T19:48:52+00:00
19fc92a7bdba618c,Critical security alert,"Did you request help signing in? paldhaduk14@gmail.com Hi Pal, We received a request to help you sign in to paldhaduk14@gmail.com. If you didn&#39;t make this request, review the request and cancel it",ham,2026-08-03T19:47:11+00:00
19fc928944a774fd,2-Step Verification turned on,"2-Step Verification turned on paldhaduk14@gmail.com Your Google Account paldhaduk14@gmail.com is now protected with 2-Step Verification. When you sign in on a new or untrusted device, you&#39;ll need",ham,2026-08-03T19:45:06+00:00
19fc9281eaadd384,Your Google Account was recovered successfully,"Account recovered successfully paldhaduk14@gmail.com Welcome back to your account If you suspect you were locked out of your account because of changes made by someone else, you should review and",ham,2026-08-03T19:44:37+00:00
19fc8950fd91db3d,What happens after your first prompt,That&#39;s not a mockup. It&#39;s a working app you can ship ͏ ͏ ͏ ͏ ͏ ͏ ͏ ͏ ͏ ͏ ͏ ͏ ͏ ͏ ͏ ͏ ͏ ͏ ͏ ͏ ͏ ͏ ͏ ͏ ͏ ͏ ͏ ͏ ͏ ͏ ͏ ͏ ͏ ͏ ͏ ͏ ͏ ͏ ͏ ͏ ͏ ͏ ͏ ͏ ͏ ͏ ͏ ͏ ͏ ͏ ͏ ͏ ͏ ͏ ͏ ͏ ͏ ͏ ͏ ͏ ͏ ͏ ͏ ͏ ͏ ͏ ͏ ͏ ͏ ͏,ham,2026-08-03T17:02:11+00:00
19fc36cbf86f4564,Don't know what to build? Start here.,"A feedback board, a habit tracker, or a portfolio page ͏ ͏ ͏ ͏ ͏ ͏ ͏ ͏ ͏ ͏ ͏ ͏ ͏ ͏ ͏ ͏ ͏ ͏ ͏ ͏ ͏ ͏ ͏ ͏ ͏ ͏ ͏ ͏ ͏ ͏ ͏ ͏ ͏ ͏ ͏ ͏ ͏ ͏ ͏ ͏ ͏ ͏ ͏ ͏ ͏ ͏ ͏ ͏ ͏ ͏ ͏ ͏ ͏ ͏ ͏ ͏ ͏ ͏ ͏ ͏ ͏ ͏ ͏ ͏ ͏ ͏ ͏ ͏ ͏ ͏ ͏ ͏ ͏",ham,2026-08-02T17:01:51+00:00
19fc276c5ecc84af,Re: Employee Account Deactivated - Fleet Management System,"Ka pikina On Wed, 22 Apr, 2026, 11:28 am Pal Dhaduk, &lt;paldhaduk14@gmail.com&gt; wrote: Ka pikina On Wed, 22 Apr, 2026, 11:27 am , &lt;khushalsatani009@gmail.com&gt; wrote: Account Deactivated Hi Pal",ham,2026-08-02T12:33:11+00:00
19fc275ec1f012d7,Re: Hi dhaddduk,"Ka pokina On Sun, 2 Aug, 2026, 5:25 pm Pal Dhaduk, &lt;paldhaduk14@gmail.com&gt; wrote: Maro a lyo On Sun, 2 Aug, 2026, 5:25 pm khushal satani, &lt;khushalsatani009@gmail.com&gt; wrote: I have free",spam,2026-08-02T12:32:15+00:00
19fb720589a5e1f9,Welcome to Indian Express! Your gift: 25% OFF 🎁,"The Indian Express Dear Reader, Welcome to the Tribe. You have joined a community that values facts over noise. To kickstart your journey, your welcome gift has been upgraded. Claim 25% EXTRA OFF (",spam,2026-07-31T07:42:57+00:00
19fa6b9a43b84ad9,Your memories from this day,July 28 Over the years Check it out 20240728_131404.jpg 20240728_132237.jpg 20240728_131531.jpg 20240728_131410.jpg 20240728_132003.jpg OneDrive Google play Icon App store Icon Update email preferences,spam,2026-07-28T03:16:49+00:00
19fa19bfaa6c166f,Your memories from this day,July 27 Over the years Check it out 20240727_043623.jpg 20240727_053951.jpg 20240727_043718.jpg 20240727_064512.jpg 20240727_072316.jpg OneDrive Google play Icon App store Icon Update email preferences,spam,2026-07-27T03:26:20+00:00
19f80839966f0ef7,Yahoo Finance API,"Crypto and Stock market data in real time. Dear Pal Dhaduk, Are you an API professional? Code with the well-known Yahoo Finance API. Here is a code example: var axios = require(&quot;axios&quot;).",spam,2026-07-20T17:12:13+00:00
19dfb97a879e2ac0,Learn how to connect Atlas to your development stack,"Integrate your favorite drivers, tools, and IaC workflows. Hi Pal, Atlas is designed to fit into your existing workflow. Connect your application and automate your environment with these popular tools.",ham,2026-05-06T04:41:52+00:00
19df6d71f1712c00,"Pal-nn, play something different today! ♟️",Cinco de Mayo won&#39;t last forever… ‌ ‌ ‌ ‌ ‌ ‌ ‌ ‌ ‌ ‌ ‌ ‌ ‌ ‌ ‌ ‌ ‌ ‌ ‌ ‌ ‌ ‌ ‌ ‌ ‌ ‌ ‌ ‌ ‌ ‌ ‌ ‌ ‌ ‌ ‌ ‌ ‌ ‌ ‌ ‌ ‌ ‌ ‌ ‌ ‌ ‌ ‌ ‌ ‌ ‌ ‌ ‌ ‌ ‌ ‌ ‌ ‌ ‌ ‌ ‌ ‌ ‌ ‌ ‌ ‌ ‌ ‌ ‌ ‌ ‌ ‌ ‌ ‌ ‌ ‌ ‌ ‌ ‌ ‌ ‌ ‌ ‌,ham,2026-05-05T06:33:05+00:00
19df14aef16fb567,Simplify your application stack,"Build richer apps without managing separate infrastructure. Hi Pal, Make Atlas the foundation of your data layer. These native features let you build smarter, event-driven experiences directly on your",ham,2026-05-04T04:41:52+00:00
19df0fb84261aa43,Your memories from this day,May 04 Over the years Check it out 20240504_111546.jpg 20240504_134751.jpg 20240504_111603.jpg 20240504_142139.jpg OneDrive Google play Icon App store Icon Update email preferences to Unsubscribe Help,ham,2026-05-04T03:15:04+00:00
19de8fa6396b3ee3,Your April 2026 slice bank statement is here,"slice Hi PALKUMAR GIRISHBHAI, Your savings bank account statement for April 2026 is here. A simple snapshot of how your money moved, and how it grew. This month, you earned ₹0.00 in interest. A small",ham,2026-05-02T13:56:55+00:00
19ddef2a8dfc0307,Meet Your New Coach: The Legendary Judit Polgar 👑,Your new favorite chess coach is here! ‌ ‌ ‌ ‌ ‌ ‌ ‌ ‌ ‌ ‌ ‌ ‌ ‌ ‌ ‌ ‌ ‌ ‌ ‌ ‌ ‌ ‌ ‌ ‌ ‌ ‌ ‌ ‌ ‌ ‌ ‌ ‌ ‌ ‌ ‌ ‌ ‌ ‌ ‌ ‌ ‌ ‌ ‌ ‌ ‌ ‌ ‌ ‌ ‌ ‌ ‌ ‌ ‌ ‌ ‌ ‌ ‌ ‌ ‌ ‌ ‌ ‌ ‌ ‌ ‌ ‌ ‌ ‌ ‌ ‌ ‌ ‌ ‌ ‌ ‌ ‌ ‌ ‌ ‌ ‌ ‌,ham,2026-04-30T15:12:18+00:00
19ddcb17a45ac8af,How to structure your MongoDB data for speed,"Learn the basics of schema design, data types, and optimization. Hi Pal, The inherent flexibility of MongoDB&#39;s document model makes the initial setup easy. However, the performance and scalability",ham,2026-04-30T04:41:51+00:00
19ddc8ae2796c014,Not sure which MongoDB cluster to pick? Ask our cluster assistant.,"Get a config tailored to your workload in minutes. The more specific your prompt, the better your config. Describe what you&#39;re actually building and get a precise recommendation sized for your",ham,2026-04-30T03:59:41+00:00
19dd48d1aab28285,Password Reset Code - Fleet Management System,Password Reset Code We received a request to reset the password for your Fleet Management System account. Your password reset code is (expires in 15 minutes): 397260 Copy this code to reset your,ham,2026-04-28T14:45:08+00:00
19dd488b0775d12c,Password Reset Code - Fleet Management System,Password Reset Code We received a request to reset the password for your Fleet Management System account. Your password reset code is (expires in 15 minutes): 771601 Copy this code to reset your,ham,2026-04-28T14:40:19+00:00
19dd486cc91dffdc,Password Reset Code - Fleet Management System,Password Reset Code We received a request to reset the password for your Fleet Management System account. Your password reset code is (expires in 15 minutes): 763482 Copy this code to reset your,ham,2026-04-28T14:38:14+00:00
19dd25aef3ad603d,Password Reset Code - Fleet Management System,Password Reset Code We received a request to reset the password for your Fleet Management System account. Your password reset code is (expires in 15 minutes): 344057 Copy this code to reset your,ham,2026-04-28T04:31:05+00:00
19dd255ff6cd795f,Password Reset Code - Fleet Management System,Password Reset Code We received a request to reset the password for your Fleet Management System account. Your password reset code is (expires in 15 minutes): 211953 Copy this code to reset your,ham,2026-04-28T04:25:42+00:00
19dd254b42253f3a,Password Changed Successfully - Fleet Management System,Password Changed Successfully Your password has been successfully reset. ✓ Your account is now secured with your new password. You can now log in to the Fleet Management System with your new password.,ham,2026-04-28T04:24:18+00:00
19dd25405674ef74,Password Reset Code - Fleet Management System,Password Reset Code We received a request to reset the password for your Fleet Management System account. Your password reset code is (expires in 15 minutes): 566287 Copy this code to reset your,ham,2026-04-28T04:23:32+00:00
19dcd3e6412a270c,Three focus areas for setting up your Atlas environment,"Account settings, user management, and security. Hey Pal, Let&#39;s explore how to set up your environment for long-term success. Manage access There are a few ways your data and configuration can be",ham,2026-04-27T04:41:50+00:00
19dbdcb4ea210d93,Important developer resources for you!,"Explore endless resources to jumpstart your progress. Hey there, Now that you&#39;ve signed up for MongoDB Atlas, you can build your application on a reliable foundation with ACID transactions that",ham,2026-04-24T04:41:49+00:00
19db8a4f04750a55,Welcome to MongoDB Atlas. Let's get started.,"Create a cluster, connect your app, and start building. Welcome to MongoDB MongoDB Atlas is your fully managed, flexible cloud database. We handle the scale, security, and operations so you can focus",ham,2026-04-23T04:41:49+00:00
19db899fa8bb842b,"You've added ""Allow access from anywhere"" to your Network Permission List","ORGANIZATION Pal&#39;s Org - 2026-04-23 PROJECT Project 0 This is an informational notice to ensure you&#39;re aware that you&#39;ve added &quot;Allow access from anywhere&quot; (eg, 0.0.0.0/0, 10.0.",ham,2026-04-23T04:29:52+00:00
19db4e734c4fac76,Important: Keep your bank account safe from fraud,Fraud can look convincing. A quick check can make all the difference. Instagram LinkedIn X / Twitter Facebook Unsubscribe,ham,2026-04-22T11:15:43+00:00
19db449e417df58c,Message from khushal: Operational update for Pal,New message from khushal You have a new message from khushal (manager). Subject Operational update for Pal Message Hi Fucker This is an automated message from the Fleet Management System. Reply to the,ham,2026-04-22T08:23:51+00:00
19db3c9c7cd0bf2d,Message from khushal: Operational update for Pal,New message from khushal You have a new message from khushal (manager). Subject Operational update for Pal Message Fuck you This is an automated message from the Fleet Management System. Reply to the,ham,2026-04-22T06:03:55+00:00
19db3c4a289300cb,Employee Account Restored - Fleet Management System,"Account Restored Hi Pal, your account has been restored by your manager. Account Details: Name: Pal Company: KhushalCOpany Status: Restored Your access to the Fleet Management System has been restored.",ham,2026-04-22T05:58:17+00:00
19db3c4706511a47,Re: Employee Account Deactivated - Fleet Management System,"Ka pikina On Wed, 22 Apr, 2026, 11:27 am , &lt;khushalsatani009@gmail.com&gt; wrote: Account Deactivated Hi Pal, your employee account has been deactivated by your manager. Account Information: Name:",ham,2026-04-22T05:58:08+00:00
19db3c4153b02e47,Employee Account Deactivated - Fleet Management System,"Account Deactivated Hi Pal, your employee account has been deactivated by your manager. Account Information: Name: Pal Company: KhushalCOpany Status: Deactivated Date: April 22, 2026 Your access to the",ham,2026-04-22T05:57:39+00:00
19db3c28cf1904f6,Welcome to Fleet Management System - Set Your Password,"Welcome to Fleet Management System Hi Pal, you have been added as an employee. Please set your password to activate your account. Click the button below to set your password. This link will expire in",ham,2026-04-22T05:56:01+00:00
19db3235dbd24112,"Pal-nn, Checkmate Anyone, Anywhere 🌏",Face off against players from every corner. ‌ ‌ ‌ ‌ ‌ ‌ ‌ ‌ ‌ ‌ ‌ ‌ ‌ ‌ ‌ ‌ ‌ ‌ ‌ ‌ ‌ ‌ ‌ ‌ ‌ ‌ ‌ ‌ ‌ ‌ ‌ ‌ ‌ ‌ ‌ ‌ ‌ ‌ ‌ ‌ ‌ ‌ ‌ ‌ ‌ ‌ ‌ ‌ ‌ ‌ ‌ ‌ ‌ ‌ ‌ ‌ ‌ ‌ ‌ ‌ ‌ ‌ ‌ ‌ ‌ ‌ ‌ ‌ ‌ ‌ ‌ ‌ ‌ ‌ ‌ ‌ ‌ ‌ ‌,ham,2026-04-22T03:02:12+00:00
19dadcbb1de70ef8,Now You Can Play Coach Every Day!,Unlock your full potential with regular games against Coach. ‌ ‌ ‌ ‌ ‌ ‌ ‌ ‌ ‌ ‌ ‌ ‌ ‌ ‌ ‌ ‌ ‌ ‌ ‌ ‌ ‌ ‌ ‌ ‌ ‌ ‌ ‌ ‌ ‌ ‌ ‌ ‌ ‌ ‌ ‌ ‌ ‌ ‌ ‌ ‌ ‌ ‌ ‌ ‌ ‌ ‌ ‌ ‌ ‌ ‌ ‌ ‌ ‌ ‌ ‌ ‌ ‌ ‌ ‌ ‌ ‌ ‌ ‌ ‌ ‌ ‌ ‌ ‌ ‌ ‌,ham,2026-04-21T02:08:20+00:00
19d89dec7873f10e,Last Chance to Save 26%,Your chance to save on Chess.com Premium ends soon ‌ ‌ ‌ ‌ ‌ ‌ ‌ ‌ ‌ ‌ ‌ ‌ ‌ ‌ ‌ ‌ ‌ ‌ ‌ ‌ ‌ ‌ ‌ ‌ ‌ ‌ ‌ ‌ ‌ ‌ ‌ ‌ ‌ ‌ ‌ ‌ ‌ ‌ ‌ ‌ ‌ ‌ ‌ ‌ ‌ ‌ ‌ ‌ ‌ ‌ ‌ ‌ ‌ ‌ ‌ ‌ ‌ ‌ ‌ ‌ ‌ ‌ ‌ ‌ ‌ ‌ ‌ ‌ ‌ ‌ ‌ ‌ ‌ ‌ ‌,ham,2026-04-14T02:42:51+00:00
19d7b0097c5d0ae4,Happy Board Game Day! ♟️,Celebrate with the original board game ‌ ‌ ‌ ‌ ‌ ‌ ‌ ‌ ‌ ‌ ‌ ‌ ‌ ‌ ‌ ‌ ‌ ‌ ‌ ‌ ‌ ‌ ‌ ‌ ‌ ‌ ‌ ‌ ‌ ‌ ‌ ‌ ‌ ‌ ‌ ‌ ‌ ‌ ‌ ‌ ‌ ‌ ‌ ‌ ‌ ‌ ‌ ‌ ‌ ‌ ‌ ‌ ‌ ‌ ‌ ‌ ‌ ‌ ‌ ‌ ‌ ‌ ‌ ‌ ‌ ‌ ‌ ‌ ‌ ‌ ‌ ‌ ‌ ‌ ‌ ‌ ‌ ‌ ‌ ‌ ‌,ham,2026-04-11T05:25:28+00:00
19d7025075fca204,Time's Running Out to Save 26%,Save 26% on Chess.com Premium during the Candidates Tournament ‌ ‌ ‌ ‌ ‌ ‌ ‌ ‌ ‌ ‌ ‌ ‌ ‌ ‌ ‌ ‌ ‌ ‌ ‌ ‌ ‌ ‌ ‌ ‌ ‌ ‌ ‌ ‌ ‌ ‌ ‌ ‌ ‌ ‌ ‌ ‌ ‌ ‌ ‌ ‌ ‌ ‌ ‌ ‌ ‌ ‌ ‌ ‌ ‌ ‌ ‌ ‌ ‌ ‌ ‌ ‌ ‌ ‌ ‌ ‌ ‌ ‌ ‌ ‌ ‌ ‌ ‌ ‌ ‌,ham,2026-04-09T02:49:26+00:00
19d6afe54319a556,New Bots: The Chess Circus is in Town 🎪,You&#39;ve never seen a show like this. ‌ ‌ ‌ ‌ ‌ ‌ ‌ ‌ ‌ ‌ ‌ ‌ ‌ ‌ ‌ ‌ ‌ ‌ ‌ ‌ ‌ ‌ ‌ ‌ ‌ ‌ ‌ ‌ ‌ ‌ ‌ ‌ ‌ ‌ ‌ ‌ ‌ ‌ ‌ ‌ ‌ ‌ ‌ ‌ ‌ ‌ ‌ ‌ ‌ ‌ ‌ ‌ ‌ ‌ ‌ ‌ ‌ ‌ ‌ ‌ ‌ ‌ ‌ ‌ ‌ ‌ ‌ ‌ ‌ ‌ ‌ ‌ ‌ ‌ ‌ ‌ ‌ ‌ ‌ ‌ ‌,ham,2026-04-08T02:49:05+00:00
19d6af0e27f2e966,New Bots: The Chess Circus is in Town 🎪,You&#39;ve never seen a show like this. ‌ ‌ ‌ ‌ ‌ ‌ ‌ ‌ ‌ ‌ ‌ ‌ ‌ ‌ ‌ ‌ ‌ ‌ ‌ ‌ ‌ ‌ ‌ ‌ ‌ ‌ ‌ ‌ ‌ ‌ ‌ ‌ ‌ ‌ ‌ ‌ ‌ ‌ ‌ ‌ ‌ ‌ ‌ ‌ ‌ ‌ ‌ ‌ ‌ ‌ ‌ ‌ ‌ ‌ ‌ ‌ ‌ ‌ ‌ ‌ ‌ ‌ ‌ ‌ ‌ ‌ ‌ ‌ ‌ ‌ ‌ ‌ ‌ ‌ ‌ ‌ ‌ ‌ ‌ ‌ ‌,ham,2026-04-08T02:34:23+00:00
19d667a55cfc9957,Your March 2026 slice bank statement is here,"slice Hi PALKUMAR GIRISHBHAI, Your savings bank account statement for March 2026 is here. A simple snapshot of how your money moved, and how it grew. This month, you earned ₹0.00 in interest. A small",ham,2026-04-07T05:46:24+00:00
19d4e63115ff70e6,"DhadukPal7, ready for more wins?","Quick rounds, instant thrills, endless fun. ‌ ‌ ‌ ‌ ‌ ‌ ‌ ‌ ‌ ‌ ‌ ‌ ‌ ‌ ‌ ‌ ‌ ‌ ‌ ‌ ‌ ‌ ‌ ‌ ‌ ‌ ‌ ‌ ‌ ‌ ‌ ‌ ‌ ‌ ‌ ‌ ‌ ‌ ‌ ‌ ‌ ‌ ‌ ‌ ‌ ‌ ‌ ‌ ‌ ‌ ‌ ‌ ‌ ‌ ‌ ‌ ‌ ‌ ‌ ‌ ‌ ‌ ‌ ‌ ‌ ‌ ‌ ‌ ‌ ‌ ‌ ‌ ‌ ‌ ‌ ‌ ‌ ‌ ‌",ham,2026-04-02T13:30:00+00:00
19d4e2c2d79de69b,"DhadukPal7, step into the future of gambling.",Make your first crypto deposit today. ‌ ‌ ‌ ‌ ‌ ‌ ‌ ‌ ‌ ‌ ‌ ‌ ‌ ‌ ‌ ‌ ‌ ‌ ‌ ‌ ‌ ‌ ‌ ‌ ‌ ‌ ‌ ‌ ‌ ‌ ‌ ‌ ‌ ‌ ‌ ‌ ‌ ‌ ‌ ‌ ‌ ‌ ‌ ‌ ‌ ‌ ‌ ‌ ‌ ‌ ‌ ‌ ‌ ‌ ‌ ‌ ‌ ‌ ‌ ‌ ‌ ‌ ‌ ‌ ‌ ‌ ‌ ‌ ‌ ‌ ‌ ‌ ‌ ‌ ‌ ‌ ‌ ‌ ‌ ‌ ‌ ‌,ham,2026-04-02T12:30:00+00:00
19d4c0a9f3904a76,Tired of April Fools' Jokes? Here's Something Real 🥊,Hold &#39;B&#39; after a game is done… ‌ ‌ ‌ ‌ ‌ ‌ ‌ ‌ ‌ ‌ ‌ ‌ ‌ ‌ ‌ ‌ ‌ ‌ ‌ ‌ ‌ ‌ ‌ ‌ ‌ ‌ ‌ ‌ ‌ ‌ ‌ ‌ ‌ ‌ ‌ ‌ ‌ ‌ ‌ ‌ ‌ ‌ ‌ ‌ ‌ ‌ ‌ ‌ ‌ ‌ ‌ ‌ ‌ ‌ ‌ ‌ ‌ ‌ ‌ ‌ ‌ ‌ ‌ ‌ ‌ ‌ ‌ ‌ ‌ ‌ ‌ ‌ ‌ ‌ ‌ ‌ ‌ ‌ ‌ ‌ ‌,ham,2026-04-02T02:34:16+00:00
19d49cb7925c909d,Your account verification status has been updated,Your account verification status has been updated ‌​‍‎‏﻿ ‌​‍‎‏﻿ ‌​‍‎‏﻿ ‌​‍‎‏﻿ ‌​‍‎‏﻿ ‌​‍‎‏﻿ ‌​‍‎‏﻿ ‌​‍‎‏﻿ ‌​‍‎‏﻿ ‌​‍‎‏﻿ ‌​‍‎‏﻿ ‌​‍‎‏﻿ ‌​‍‎‏﻿ ‌​‍‎‏﻿ ‌​‍‎‏﻿ ‌​‍‎‏﻿ ‌​‍‎‏﻿ ‌​‍‎‏﻿ ‌​‍‎‏﻿ ‌​‍‎‏﻿ ‌​‍‎‏﻿ ‌​‍‎,ham,2026-04-01T16:06:04+00:00
19d49affcd30b6e4,You’re in! Let’s get started with Stake.,"Casino, Sports and Poker – all in one. ‌ ‌ ‌ ‌ ‌ ‌ ‌ ‌ ‌ ‌ ‌ ‌ ‌ ‌ ‌ ‌ ‌ ‌ ‌ ‌ ‌ ‌ ‌ ‌ ‌ ‌ ‌ ‌ ‌ ‌ ‌ ‌ ‌ ‌ ‌ ‌ ‌ ‌ ‌ ‌ ‌ ‌ ‌ ‌ ‌ ‌ ‌ ‌ ‌ ‌ ‌ ‌ ‌ ‌ ‌ ‌ ‌ ‌ ‌ ‌ ‌ ‌ ‌ ‌ ‌ ‌ ‌ ‌ ‌ ‌ ‌ ‌ ‌ ‌ ‌ ‌ ‌ ‌ ‌ ‌ ‌",ham,2026-04-01T15:36:01+00:00
19d49ad34ee2f479,"DhadukPal7, welcome to Stake.com!",Verify email to complete registration at Stake and access the crypto casino &amp; sportsbook. ‌​‍‎‏﻿ ‌​‍‎‏﻿ ‌​‍‎‏﻿ ‌​‍‎‏﻿ ‌​‍‎‏﻿ ‌​‍‎‏﻿ ‌​‍‎‏﻿ ‌​‍‎‏﻿ ‌​‍‎‏﻿ ‌​‍‎‏﻿ ‌​‍‎‏﻿ ‌​‍‎‏﻿ ‌​‍‎‏﻿ ‌​‍‎‏﻿ ‌​‍‎‏﻿ ‌​,ham,2026-04-01T15:32:59+00:00
19d26c5108572760,Updates to Chess.com Policies,Review a summary of what&#39;s changing ‌ ‌ ‌ ‌ ‌ ‌ ‌ ‌ ‌ ‌ ‌ ‌ ‌ ‌ ‌ ‌ ‌ ‌ ‌ ‌ ‌ ‌ ‌ ‌ ‌ ‌ ‌ ‌ ‌ ‌ ‌ ‌ ‌ ‌ ‌ ‌ ‌ ‌ ‌ ‌ ‌ ‌ ‌ ‌ ‌ ‌ ‌ ‌ ‌ ‌ ‌ ‌ ‌ ‌ ‌ ‌ ‌ ‌ ‌ ‌ ‌ ‌ ‌ ‌ ‌ ‌ ‌ ‌ ‌ ‌ ‌ ‌ ‌ ‌ ‌ ‌ ‌ ‌ ‌ ‌ ‌,ham,2026-03-25T20:52:21+00:00
19c40533b4c90586,Our New Bots Make Chess a Winter Sport ❄️,Will you fight or freeze? ‌ ‌ ‌ ‌ ‌ ‌ ‌ ‌ ‌ ‌ ‌ ‌ ‌ ‌ ‌ ‌ ‌ ‌ ‌ ‌ ‌ ‌ ‌ ‌ ‌ ‌ ‌ ‌ ‌ ‌ ‌ ‌ ‌ ‌ ‌ ‌ ‌ ‌ ‌ ‌ ‌ ‌ ‌ ‌ ‌ ‌ ‌ ‌ ‌ ‌ ‌ ‌ ‌ ‌ ‌ ‌ ‌ ‌ ‌ ‌ ‌ ‌ ‌ ‌ ‌ ‌ ‌ ‌ ‌ ‌ ‌ ‌ ‌ ‌ ‌ ‌ ‌ ‌ ‌ ‌ ‌ ‌ ‌ ‌ ‌ ‌ ‌ ‌,ham,2026-02-09T02:55:21+00:00
19c383a837d3df40,🔴Watch: The Speed Chess Championship Finals,See top players compete for $250000 ‌ ‌ ‌ ‌ ‌ ‌ ‌ ‌ ‌ ‌ ‌ ‌ ‌ ‌ ‌ ‌ ‌ ‌ ‌ ‌ ‌ ‌ ‌ ‌ ‌ ‌ ‌ ‌ ‌ ‌ ‌ ‌ ‌ ‌ ‌ ‌ ‌ ‌ ‌ ‌ ‌ ‌ ‌ ‌ ‌ ‌ ‌ ‌ ‌ ‌ ‌ ‌ ‌ ‌ ‌ ‌ ‌ ‌ ‌ ‌ ‌ ‌ ‌ ‌ ‌ ‌ ‌ ‌ ‌ ‌ ‌ ‌ ‌ ‌ ‌ ‌ ‌ ‌ ‌ ‌ ‌ ‌ ‌,ham,2026-02-07T13:11:23+00:00
19c35e32c8389b2c,"Pal-nn, Play the Legendary Judit Polgar!",Join this historic chess match with players from around the world 🏆 ‌ ‌ ‌ ‌ ‌ ‌ ‌ ‌ ‌ ‌ ‌ ‌ ‌ ‌ ‌ ‌ ‌ ‌ ‌ ‌ ‌ ‌ ‌ ‌ ‌ ‌ ‌ ‌ ‌ ‌ ‌ ‌ ‌ ‌ ‌ ‌ ‌ ‌ ‌ ‌ ‌ ‌ ‌ ‌ ‌ ‌ ‌ ‌ ‌ ‌ ‌ ‌ ‌ ‌ ‌ ‌ ‌ ‌ ‌ ‌ ‌ ‌ ‌ ‌ ‌ ‌ ‌,ham,2026-02-07T02:16:45+00:00
19c2e37b8ef0eede,Do you know the difference between you and Magnus?,He never gave up on Chess. ‌ ‌ ‌ ‌ ‌ ‌ ‌ ‌ ‌ ‌ ‌ ‌ ‌ ‌ ‌ ‌ ‌ ‌ ‌ ‌ ‌ ‌ ‌ ‌ ‌ ‌ ‌ ‌ ‌ ‌ ‌ ‌ ‌ ‌ ‌ ‌ ‌ ‌ ‌ ‌ ‌ ‌ ‌ ‌ ‌ ‌ ‌ ‌ ‌ ‌ ‌ ‌ ‌ ‌ ‌ ‌ ‌ ‌ ‌ ‌ ‌ ‌ ‌ ‌ ‌ ‌ ‌ ‌ ‌ ‌ ‌ ‌ ‌ ‌ ‌ ‌ ‌ ‌ ‌ ‌ ‌ ‌ ‌ ‌ ‌ ‌ ‌,ham,2026-02-05T14:32:08+00:00
19c26e02b5561d55,Delivery Status Notification (Failure),Address not found Your message wasn&#39;t delivered to paldhaduk7@gamil because the domain gamil couldn&#39;t be found. Check for typos or unnecessary spaces and try again. LEARN MORE The response was:,ham,2026-02-04T04:19:10+00:00
19c26e02791d76e2,paldhaduk7@gmail.com,,ham,2026-02-04T04:19:07+00:00
19c26de872470c44,Security alert,You allowed Microsoft apps &amp; services access to some of your Google Account data paldhaduk14@gmail.com If you didn&#39;t allow Microsoft apps &amp; services access to some of your Google Account,ham,2026-02-04T04:17:22+00:00
19c26daecedd31be,Security alert,"A new sign-in on Windows paldhaduk14@gmail.com We noticed a new sign-in to your Google Account on a Windows device. If this was you, you don&#39;t need to do anything. If not, we&#39;ll help you secure",ham,2026-02-04T04:13:25+00:00
19c19a010608c3ab,Your 1 Day Streak is About to End! 😱,Play a quick game or Puzzle before midnight to save it! ‌ ‌ ‌ ‌ ‌ ‌ ‌ ‌ ‌ ‌ ‌ ‌ ‌ ‌ ‌ ‌ ‌ ‌ ‌ ‌ ‌ ‌ ‌ ‌ ‌ ‌ ‌ ‌ ‌ ‌ ‌ ‌ ‌ ‌ ‌ ‌ ‌ ‌ ‌ ‌ ‌ ‌ ‌ ‌ ‌ ‌ ‌ ‌ ‌ ‌ ‌ ‌ ‌ ‌ ‌ ‌ ‌ ‌ ‌ ‌ ‌ ‌ ‌ ‌ ‌ ‌ ‌ ‌ ‌ ‌ ‌ ‌ ‌,ham,2026-02-01T14:34:04+00:00
19c0f50279d7664f,"You're on a 1 Day Streak, Pal-nn! 🔥",Keep it going with a quick game or Puzzle before midnight! ‌ ‌ ‌ ‌ ‌ ‌ ‌ ‌ ‌ ‌ ‌ ‌ ‌ ‌ ‌ ‌ ‌ ‌ ‌ ‌ ‌ ‌ ‌ ‌ ‌ ‌ ‌ ‌ ‌ ‌ ‌ ‌ ‌ ‌ ‌ ‌ ‌ ‌ ‌ ‌ ‌ ‌ ‌ ‌ ‌ ‌ ‌ ‌ ‌ ‌ ‌ ‌ ‌ ‌ ‌ ‌ ‌ ‌ ‌ ‌ ‌ ‌ ‌ ‌ ‌ ‌ ‌ ‌ ‌ ‌ ‌,ham,2026-01-30T14:30:35+00:00
19c087a6ff22ef0e,Security alert,"A new sign-in on Windows paldhaduk14@gmail.com We noticed a new sign-in to your Google Account on a Windows device. If this was you, you don&#39;t need to do anything. If not, we&#39;ll help you secure",ham,2026-01-29T06:39:25+00:00
19bf8eb82af2c2f7,Do you know the difference between you and Magnus?,He never gave up on Chess. ‌ ‌ ‌ ‌ ‌ ‌ ‌ ‌ ‌ ‌ ‌ ‌ ‌ ‌ ‌ ‌ ‌ ‌ ‌ ‌ ‌ ‌ ‌ ‌ ‌ ‌ ‌ ‌ ‌ ‌ ‌ ‌ ‌ ‌ ‌ ‌ ‌ ‌ ‌ ‌ ‌ ‌ ‌ ‌ ‌ ‌ ‌ ‌ ‌ ‌ ‌ ‌ ‌ ‌ ‌ ‌ ‌ ‌ ‌ ‌ ‌ ‌ ‌ ‌ ‌ ‌ ‌ ‌ ‌ ‌ ‌ ‌ ‌ ‌ ‌ ‌ ‌ ‌ ‌ ‌ ‌ ‌ ‌ ‌ ‌ ‌ ‌,ham,2026-01-26T06:09:02+00:00
19be6227a6d41f53,Your 1 Day Streak is About to End! 😱,Play a quick game or Puzzle before midnight to save it! ‌ ‌ ‌ ‌ ‌ ‌ ‌ ‌ ‌ ‌ ‌ ‌ ‌ ‌ ‌ ‌ ‌ ‌ ‌ ‌ ‌ ‌ ‌ ‌ ‌ ‌ ‌ ‌ ‌ ‌ ‌ ‌ ‌ ‌ ‌ ‌ ‌ ‌ ‌ ‌ ‌ ‌ ‌ ‌ ‌ ‌ ‌ ‌ ‌ ‌ ‌ ‌ ‌ ‌ ‌ ‌ ‌ ‌ ‌ ‌ ‌ ‌ ‌ ‌ ‌ ‌ ‌ ‌ ‌ ‌ ‌ ‌ ‌,ham,2026-01-22T14:36:16+00:00
19be4a478f52c564,"Pal-nn, Your Chess Friends are Waiting!",Challenge a friend to a game and start your first chess rivalry. ‌ ‌ ‌ ‌ ‌ ‌ ‌ ‌ ‌ ‌ ‌ ‌ ‌ ‌ ‌ ‌ ‌ ‌ ‌ ‌ ‌ ‌ ‌ ‌ ‌ ‌ ‌ ‌ ‌ ‌ ‌ ‌ ‌ ‌ ‌ ‌ ‌ ‌ ‌ ‌ ‌ ‌ ‌ ‌ ‌ ‌ ‌ ‌ ‌ ‌ ‌ ‌ ‌ ‌ ‌ ‌ ‌ ‌ ‌ ‌ ‌ ‌ ‌ ‌ ‌ ‌ ‌ ‌,ham,2026-01-22T07:39:02+00:00
19be0ffc0011c3d2,Your 1 Day Streak is Paused! ⏸️,Play a game or solve a Puzzle before midnight to keep going! ‌ ‌ ‌ ‌ ‌ ‌ ‌ ‌ ‌ ‌ ‌ ‌ ‌ ‌ ‌ ‌ ‌ ‌ ‌ ‌ ‌ ‌ ‌ ‌ ‌ ‌ ‌ ‌ ‌ ‌ ‌ ‌ ‌ ‌ ‌ ‌ ‌ ‌ ‌ ‌ ‌ ‌ ‌ ‌ ‌ ‌ ‌ ‌ ‌ ‌ ‌ ‌ ‌ ‌ ‌ ‌ ‌ ‌ ‌ ‌ ‌ ‌ ‌ ‌ ‌ ‌ ‌ ‌ ‌ ‌,ham,2026-01-21T14:40:15+00:00
19bdf7e20d9ddb1a,"😊 Pal-nn, Take  Your Chess Game to the Next Level",Redeem Your Free Trial Now ‌ ‌ ‌ ‌ ‌ ‌ ‌ ‌ ‌ ‌ ‌ ‌ ‌ ‌ ‌ ‌ ‌ ‌ ‌ ‌ ‌ ‌ ‌ ‌ ‌ ‌ ‌ ‌ ‌ ‌ ‌ ‌ ‌ ‌ ‌ ‌ ‌ ‌ ‌ ‌ ‌ ‌ ‌ ‌ ‌ ‌ ‌ ‌ ‌ ‌ ‌ ‌ ‌ ‌ ‌ ‌ ‌ ‌ ‌ ‌ ‌ ‌ ‌ ‌ ‌ ‌ ‌ ‌ ‌ ‌ ‌ ‌ ‌ ‌ ‌ ‌ ‌ ‌ ‌ ‌ ‌ ‌ ‌ ‌ ‌ ‌ ‌,ham,2026-01-21T07:39:03+00:00
19bddc8bf70e996a,Updates to how privacy settings work on Play,"Hello Pal, We&#39;ve updated settings that manage personalisation and activity history on Play. You&#39;ll have dedicated controls for personalisation on Play and for saving activity in your Google",ham,2026-01-20T23:41:19+00:00
19bdbe8fee6e1a23,"You're on a 1 Day Streak, Pal-nn! 🔥",Keep it going with a quick game or Puzzle before midnight! ‌ ‌ ‌ ‌ ‌ ‌ ‌ ‌ ‌ ‌ ‌ ‌ ‌ ‌ ‌ ‌ ‌ ‌ ‌ ‌ ‌ ‌ ‌ ‌ ‌ ‌ ‌ ‌ ‌ ‌ ‌ ‌ ‌ ‌ ‌ ‌ ‌ ‌ ‌ ‌ ‌ ‌ ‌ ‌ ‌ ‌ ‌ ‌ ‌ ‌ ‌ ‌ ‌ ‌ ‌ ‌ ‌ ‌ ‌ ‌ ‌ ‌ ‌ ‌ ‌ ‌ ‌ ‌ ‌ ‌ ‌,ham,2026-01-20T14:57:18+00:00
19bda57c82883c98,"Pal-nn, Let's Play a Game of Chess!",Join millions of players playing a quick game every day! ‌ ‌ ‌ ‌ ‌ ‌ ‌ ‌ ‌ ‌ ‌ ‌ ‌ ‌ ‌ ‌ ‌ ‌ ‌ ‌ ‌ ‌ ‌ ‌ ‌ ‌ ‌ ‌ ‌ ‌ ‌ ‌ ‌ ‌ ‌ ‌ ‌ ‌ ‌ ‌ ‌ ‌ ‌ ‌ ‌ ‌ ‌ ‌ ‌ ‌ ‌ ‌ ‌ ‌ ‌ ‌ ‌ ‌ ‌ ‌ ‌ ‌ ‌ ‌ ‌ ‌ ‌ ‌ ‌ ‌ ‌ ‌,ham,2026-01-20T07:39:04+00:00
19bd531742c8bac9,"Pal-nn, Welcome to Chess.com!",Here&#39;s how to get started… ‌ ‌ ‌ ‌ ‌ ‌ ‌ ‌ ‌ ‌ ‌ ‌ ‌ ‌ ‌ ‌ ‌ ‌ ‌ ‌ ‌ ‌ ‌ ‌ ‌ ‌ ‌ ‌ ‌ ‌ ‌ ‌ ‌ ‌ ‌ ‌ ‌ ‌ ‌ ‌ ‌ ‌ ‌ ‌ ‌ ‌ ‌ ‌ ‌ ‌ ‌ ‌ ‌ ‌ ‌ ‌ ‌ ‌ ‌ ‌ ‌ ‌ ‌ ‌ ‌ ‌ ‌ ‌ ‌ ‌ ‌ ‌ ‌ ‌ ‌ ‌ ‌ ‌ ‌ ‌ ‌ ‌ ‌ ‌ ‌,ham,2026-01-19T07:39:05+00:00
19989320e256e4d4,[LeetCode] Confirm E-mail Address,Welcome DhadukPal! Thanks for signing up with LeetCode! You must follow this link to activate your account: https://leetcode.com/accounts/confirm-email/MTk5ODc1NTk:1v2LWY:-,ham,2025-09-27T03:23:02+00:00
1998931ccbd7cddb,[LeetCode] Confirm E-mail Address,Welcome DhadukPal! Thanks for signing up with LeetCode! You must follow this link to activate your account: https://leetcode.com/accounts/confirm-email/MTk5ODc1NTk:1v2LWH:,ham,2025-09-27T03:22:46+00:00
1993103b1cafa070,Updates to our terms of use,"Hello, You&#39;re receiving this email because we are updating the Microsoft Services Agreement, which applies to one or more Microsoft products or services you use. We&#39;re making these updates to",ham,2025-09-10T00:25:47+00:00
198f1c5d58439447,New sign-in detected for your Microsoft account,"Microsoft account New sign-in detected You recently signed in with your Microsoft account pa**4@gmail.com. To help keep you safe, here are a few details: Country/region: India Date: 28/08/2025 17:42 (",ham,2025-08-28T17:42:06+00:00
1a0100a9276c238b,🔑 How Claude's text watermark works,"Welcome back! Today: the mechanism behind Claude&#39;s watermark, the tool built to… ͏ ͏ ͏ ͏ ͏ ͏ ͏ ͏ ͏ ͏ ͏ ͏ ͏ ͏ ͏ ͏ ͏ ͏ ͏ ͏ ͏ ͏ ͏ ͏ ͏ ͏ ͏ ͏ ͏ ͏ ͏ ͏ ͏ ͏ ͏ ͏ ͏ ͏ ͏ ͏ ͏ ͏ ͏ ͏ ͏ ͏ ͏ ͏ ͏ ͏ ͏ ͏ ͏ ͏ ͏ ͏ ͏ ͏",ham,2026-08-17T14:05:23+00:00
198f1c5d5318af86,New sign-in detected for your Microsoft account,"Microsoft account New sign-in detected You recently signed in with your Microsoft account pa**4@gmail.com. To help keep you safe, here are a few details: Country/region: India Date: 28/08/2025 17:42 (",ham,2025-08-28T17:42:06+00:00
1a00fe81f0174feb,"⚡ Weekly Recap: VMware Exploits, Windows 0-Day, MCP Attacks, Browser Hijacks and More",The expensive attacks are not always the clever ones. This week had plenty of… ͏ ͏ ͏ ͏ ͏ ͏ ͏ ͏ ͏ ͏ ͏ ͏ ͏ ͏ ͏ ͏ ͏ ͏ ͏ ͏ ͏ ͏ ͏ ͏ ͏ ͏ ͏ ͏ ͏ ͏ ͏ ͏ ͏ ͏ ͏ ͏ ͏ ͏ ͏ ͏ ͏ ͏ ͏ ͏ ͏ ͏ ͏ ͏ ͏ ͏ ͏ ͏ ͏ ͏ ͏ ͏ ͏ ͏ ͏ ͏ ͏,ham,2026-08-17T13:27:45+00:00
198eee014abebdfb,Don’t forget to back up your devices,Go to your OneDrive ͏ ‌ ͏ ‌ ͏ ‌ ͏ ‌ ͏ ‌ ͏ ‌ ͏ ‌ ͏ ‌ ͏ ‌ ͏ ‌ ͏ ‌ ͏ ‌ ͏ ‌ ͏ ‌ ͏ ‌ ͏ ‌ ͏ ‌ ͏ ‌ ͏ ‌ ͏ ‌ ͏ ‌ ͏ ‌ ͏ ‌ ͏ ‌ ͏ ‌ ͏ ‌ ͏ ‌ ͏ ‌ ͏ ‌ ͏ ‌ ͏ ‌ ͏ ‌ ͏ ‌ ͏ ‌ ͏ ‌ ͏ ‌ ͏ ‌ ͏ ‌ ͏ ‌ ͏ ‌ ͏ ‌ ͏ ‌ ͏ ‌ ͏ ‌ ͏ ‌ ͏,ham,2025-08-28T04:11:50+00:00
1a00fd57c6605b5b,"They tortured and tortured her for ten days straight, reducing her to an almost larval state. They inflicted torture, humiliation, and atrocities o...","They tortured and tortured her for ten days straight, reducing her to an almost larval state. They inflicted torture, humiliation, and atrocities of every kind on her to force her to speak, to make he",ham,2026-08-17T13:07:24+00:00
198da90766269980,New sign-in detected for your Microsoft account,"Microsoft account New sign-in detected You recently signed in with your Microsoft account pa**4@gmail.com. To help keep you safe, here are a few details: Country/region: India Date: 24/08/2025 05:32 (",ham,2025-08-24T05:32:35+00:00
1a00face2d926f65,Access Code to your Mirror pip Account,"Welcome to Mirrorpip Hi khushal910, Thank you for signing up on Mirrorpip where smart trading begins. Please use the following One-Time Password (OTP) to verify your account: KFUD99 This OTP will",ham,2026-08-17T12:22:59+00:00
198da8e537f5a6c2,Get to know your OneDrive – How to back up your PC and mobile,Go to your OneDrive ͏ ‌ ͏ ‌ ͏ ‌ ͏ ‌ ͏ ‌ ͏ ‌ ͏ ‌ ͏ ‌ ͏ ‌ ͏ ‌ ͏ ‌ ͏ ‌ ͏ ‌ ͏ ‌ ͏ ‌ ͏ ‌ ͏ ‌ ͏ ‌ ͏ ‌ ͏ ‌ ͏ ‌ ͏ ‌ ͏ ‌ ͏ ‌ ͏ ‌ ͏ ‌ ͏ ‌ ͏ ‌ ͏ ‌ ͏ ‌ ͏ ‌ ͏ ‌ ͏ ‌ ͏ ‌ ͏ ‌ ͏ ‌ ͏ ‌ ͏ ‌ ͏ ‌ ͏ ‌ ͏ ‌ ͏ ‌ ͏ ‌ ͏ ‌ ͏ ‌ ͏,ham,2025-08-24T05:30:10+00:00
1a00f0c942c80610,Anthropic certifies AI architects now. Here's how to prep.,"Plus: Meet Pi, the open-source coding agent you can rebuild. ͏ ͏ ͏ ͏ ͏ ͏ ͏ ͏ ͏ ͏ ͏ ͏ ͏ ͏ ͏ ͏ ͏ ͏ ͏ ͏ ͏ ͏ ͏ ͏ ͏ ͏ ͏ ͏ ͏ ͏ ͏ ͏ ͏ ͏ ͏ ͏ ͏ ͏ ͏ ͏ ͏ ͏ ͏ ͏ ͏ ͏ ͏ ͏ ͏ ͏ ͏ ͏ ͏ ͏ ͏ ͏ ͏ ͏ ͏ ͏ ͏ ͏ ͏ ͏ ͏ ͏ ͏ ͏ ͏ ͏",spam,2026-08-17T09:27:57+00:00
198da896f264ba37,Microsoft account security info was added,"Microsoft account Security info was added The following security info was recently added to the Microsoft account pa**4@gmail.com: 919327510551 If this was you, then you can safely ignore this email.",ham,2025-08-24T05:24:55+00:00
1a00ef67ac56a438,Your Profile is not visible to recruiters,Your Profile is not active yet. You will not be able to apply to jobs and recruiters will not be able to contact you. Add missing details in your profile and become visible to recruiters now! naukri.,ham,2026-08-17T09:03:44+00:00
198da84096c5e191,"✅ Pal, finish setting up your new Google Account on your Galaxy A15 5G",Finish setting up your device with Google ‌ ‌ ‌ ‌ ‌ ‌ ‌ ‌ ‌ ‌ ‌ ‌ ‌ ‌ ‌ ‌ ‌ ‌ ‌ ‌ ‌ ‌ ‌ ‌ ‌ ‌ ‌ ‌ ‌ ‌ ‌ ‌ ‌ ‌ ‌ ‌ ‌ ‌ ‌ ‌ ‌ ‌ ‌ ‌ ‌ ‌ ‌ ‌ ‌ ‌ ‌ ‌ ‌ ‌ ‌ ‌ ‌ ‌ ‌ ‌ ‌ ‌ ‌ ‌ ‌ ‌ ‌ ‌ ‌ ‌ ‌ ‌ ‌ ‌ ‌ ‌ ‌ ‌ ‌ ‌,ham,2025-08-24T05:19:02+00:00
1a00eddba3713bf3,New: NVIDIA Nemotron 3.5 Lightning + NeMo Switchyard,Now available: NVIDIA Nemotron 3.5 Lightning and NeMo Switchyard for agentic AI. ‌ ‌ ‌ ‌ ‌ ‌ ‌ ‌ ‌ ‌ ‌ ‌ ‌ ‌ ‌ ‌ ‌ ‌ ‌ ‌ ‌ ‌ ‌ ‌ ‌ ‌ ‌ ‌ ‌ ‌ ‌ ‌ ‌ ‌ ‌ ‌ ‌ ‌ ‌ ‌ ‌ ‌ ‌ ‌ ‌ ‌ ‌ ‌ ‌ ‌ ‌ ‌ ‌ ‌ ‌ ‌ ‌ ‌ ‌ ‌,ham,2026-08-17T08:36:47+00:00
198da83cccc0e806,Verify your email address,"Microsoft account Verify your email address To finish setting up your Microsoft account, we just need to make sure this email address is yours. To verify your email address use this security code:",ham,2025-08-24T05:18:45+00:00
1a00ec0971807f35,UltraShip is hiring for a AI/ML role,Discover roles that match your interests ͏ ͏ ͏ ͏ ͏ ͏ ͏ ͏ ͏ ͏ ͏ ͏ ͏ ͏ ͏ ͏ ͏ ͏ ͏ ͏ ͏ ͏ ͏ ͏ ͏ ͏ ͏ ͏ ͏ ͏ ͏ ͏ ͏ ͏ ͏ ͏ ͏ ͏ ͏ ͏ ͏ ͏ ͏ ͏ ͏ ͏ ͏ ͏ ͏ ͏ ͏ ͏ ͏ ͏ ͏ ͏ ͏ ͏ ͏ ͏ ͏ ͏ ͏ ͏ ͏ ͏ ͏ ͏ ͏ ͏ ͏ ͏ ͏ ͏ ͏ ͏ ͏ ͏ ͏ ͏,ham,2026-08-17T08:04:57+00:00
198da8366c821008,Security alert,"Recovery phone was changed paldhaduk14@gmail.com The recovery phone for your account was changed. If you didn&#39;t change it, you should check what happened. Check activity You can also see security",ham,2025-08-24T05:18:17+00:00
1a00e7abec3e7587,Your MongoDB Atlas M0 cluster will be automatically paused in 7 days,"ORGANIZATION khushal&#39;s Org - 2025-08-04 PROJECT Fake-Job-Predictoin Hi khushal, Your M0 free tier cluster, Cluster0, has been inactive since 2026/07/22. MongoDB Atlas will automatically pause this",ham,2026-08-17T06:48:39+00:00
1a00e674f42dcab7,3 days remaining — Your AI Chat for Search data will be permanently deleted,"Time is running out. Once the deadline passes, your data cannot be recovered. ‌ ‌ ‌ ‌ ‌ ‌ ‌ ‌ AI Chat for Search Your AI Chat for Search data will be permanently deleted Dear User, After this date, all",spam,2026-08-17T06:27:26+00:00
1a00e4cb5a34e70b,"khushal satani, Top companies are hiring on Naukri right now!",Top companies are hiring on Naukri right now! Explore jobs from these top brands on Naukri. Companies also hire without posting jobs. Update your profile to be found by companies searching for,ham,2026-08-17T05:58:19+00:00
1a00e0e8ce4ef726,"AI X Testing Bootcamp by BrowserStack — only a few seats left, grab yours","Hi, Quick nudge in case our earlier note got buried — we&#39;re hosting BrowserStack&#39;s AI in Testing:… AI X Testing Bootcamp By BrowserStack Aug 22, 9:30 AM GMT+5:30 · Aziro (formerly MSys",ham,2026-08-17T04:50:29+00:00
1a00dbcc9239a5e2,AI/ML Engineer at Mindfire Solutions,"Mindfire Solutions AI/ML Engineer: About the JobAs an AI/ML Engineer, you will be… ͏ ͏ ͏ ͏ ͏ ͏ ͏ ͏ ͏ ͏ ͏ ͏ ͏ ͏ ͏ ͏ ͏ ͏ ͏ ͏ ͏ ͏ ͏ ͏ ͏ ͏ ͏ ͏ ͏ ͏ ͏ ͏ ͏ ͏ ͏ ͏ ͏ ͏ ͏ ͏ ͏ ͏ ͏ ͏ ͏ ͏ ͏ ͏ ͏ ͏ ͏ ͏ ͏ ͏ ͏ ͏ ͏ ͏ ͏",ham,2026-08-17T03:21:10+00:00
1a00d8e75ab6661f,"Work from the cloud, locally",No downloads. No syncing. ﻿͏ ﻿͏ ﻿͏ ﻿͏ ﻿͏ ﻿͏ ﻿͏ ﻿͏ ﻿͏ ﻿͏ ﻿͏ ﻿͏ ﻿͏ ﻿͏ ﻿͏ ﻿͏ ﻿͏ ﻿͏ ﻿͏ ﻿͏ ﻿͏ ﻿͏ ﻿͏ ﻿͏ ﻿͏ ﻿͏ ﻿͏ ﻿͏ ﻿͏ ﻿͏ ﻿͏ ﻿͏ ﻿͏ ﻿͏ ﻿͏ ﻿͏ ﻿͏ ﻿͏ ﻿͏ ﻿͏ ﻿͏ ﻿͏ ﻿͏ ﻿͏ ﻿͏ ﻿͏ ﻿͏ ﻿͏ ﻿͏ ﻿͏ ﻿͏ ﻿͏ ﻿͏ ﻿͏ ﻿͏ ﻿͏ ﻿͏ ﻿͏ ﻿,ham,2026-08-17T02:30:34+00:00
1a00d7279a0fc3d8,FINALLY RECEIVED MY FIRST SALARY ❤️ Had to wait for this moment for so long. There was ...,"FINALLY RECEIVED MY FIRST SALARY ❤️ Had to wait for this moment for so long. There was a time I used to watch YouTube videos of other people&#39;s salary slips — and now, finally having one of my … Top",ham,2026-08-17T02:00:00+00:00
1a00d602b94af759,OpenAI Shocks The World With GPT-6 | Tanmay Bansal in Artificial Intelligence in Plain English,Khushalsatani Stories for Khushalsatani @khushalsatani009·Become a member Medium daily digest Today&#39;s highlights Tanmay Bansal Tanmay BansalinArtificial Intelligence in Plain English OpenAI Shocks,ham,2026-08-17T01:40:00+00:00
1a00d22b7f044474,AI in production: lessons from your industry at AWS re:Invent,"The AI production gap has industry-specific dimensions. Generic approaches won&#39;t close it. AWS re:Invent 2026 | Las Vegas, November 30 - December 4. Three panelists discuss organizational",ham,2026-08-17T00:32:53+00:00
1a00c44fcb8b2e8c,OpenAI's own prompts all end the same way,"👋 Hi there, welcome to the AI Central ➡️ Sign up here to the free-forever… ͏ ͏ ͏ ͏ ͏ ͏ ͏ ͏ ͏ ͏ ͏ ͏ ͏ ͏ ͏ ͏ ͏ ͏ ͏ ͏ ͏ ͏ ͏ ͏ ͏ ͏ ͏ ͏ ͏ ͏ ͏ ͏ ͏ ͏ ͏ ͏ ͏ ͏ ͏ ͏ ͏ ͏ ͏ ͏ ͏ ͏ ͏ ͏ ͏ ͏ ͏ ͏ ͏ ͏ ͏ ͏ ͏ ͏ ͏ ͏ ͏ ͏ ͏",ham,2026-08-16T20:30:42+00:00
1a00a91d8bb24334,Discover how Parcel can help with even more business tasks,Get 50% off* ͏ ͏ ͏ ͏ ͏ ͏ ͏ ͏ ͏ ͏ ͏ ͏ ͏ ͏ ͏ ͏ ͏ ͏ ͏ ͏ ͏ ͏ ͏ ͏ ͏ ͏ ͏ ͏ ͏ ͏ ͏ ͏ ͏ ͏ ͏ ͏ ͏ ͏ ͏ ͏ ͏ ͏ ͏ ͏ ͏ ͏ ͏ ͏ ͏ ͏ ͏ ͏ ͏ ͏ ͏ ͏ ͏ ͏ ͏ ͏ ͏ ͏ ͏ ͏ ͏ ͏ ͏ ͏ ͏ ͏ ͏ ͏ ͏ ͏ ͏ ͏ ͏ ͏ ͏ ͏ ͏ ͏ ͏ ͏ ͏ ͏ ͏ ͏ ͏ ͏ ͏ ͏ ͏ ͏,ham,2026-08-16T12:35:24+00:00
1a00b9d7dfb6820c,"khusatani, catch up on moments you've missed","k9_kurdi , heavensetnailco and others posted something new. Catch up on Instagram k9_kurdi, heavensetnailco and others posted something new. Open Instagram 1 You have 1 notification you may not have",ham,2026-08-16T17:27:32+00:00
1a0097238ed153ba,Rider insurance awaits for Uber Moto,Sign up to rider Insurance at ₹3/trip. ͏ ͏ ͏ ͏ ͏ ͏ ͏ ͏ ͏ ͏ ͏ ͏ ͏ ͏ ͏ ͏ ͏ ͏ ͏ ͏ ͏ ͏ ͏ ͏ ͏ ͏ ͏ ͏ ͏ ͏ ͏ ͏ ͏ ͏ ͏ ͏ ͏ ͏ ͏ ͏ ͏ ͏ ͏ ͏ ͏ ͏ ͏ ͏ ͏ ͏ ͏ ͏ ͏ ͏ ͏ ͏ ͏ ͏ ͏ ͏ ͏ ͏ ͏ ͏ ͏ ͏ ͏ ͏ ͏ ͏ ͏ ͏ ͏ ͏ ͏ ͏ ͏ ͏ ͏ ͏ ͏,ham,2026-08-16T07:21:14+00:00
1a00b6b06130be1d,Muslim population across the world,* 🇮🇳 India - 14.6% * 🇺🇸 United States - 1.1% * 🇵🇰 Pakistan - 96.5% * 🇧🇩 Bangladesh - 91% * 🇨🇳 China - 1.3% * 🇷🇺 Russia - 8% * 🇯🇵 Japan - 0.1% * 🇰🇷 South Korea - 0.1% * 🇰🇵 Nor… Top stories for Khushal,ham,2026-08-16T16:32:37+00:00
1a0086487bf0f605,"Khush, share the love with Parcel Bike 📦",Sending gifts is as easy as requesting a trip. ͏ ͏ ͏ ͏ ͏ ͏ ͏ ͏ ͏ ͏ ͏ ͏ ͏ ͏ ͏ ͏ ͏ ͏ ͏ ͏ ͏ ͏ ͏ ͏ ͏ ͏ ͏ ͏ ͏ ͏ ͏ ͏ ͏ ͏ ͏ ͏ ͏ ͏ ͏ ͏ ͏ ͏ ͏ ͏ ͏ ͏ ͏ ͏ ͏ ͏ ͏ ͏ ͏ ͏ ͏ ͏ ͏ ͏ ͏ ͏ ͏ ͏ ͏ ͏ ͏ ͏ ͏ ͏ ͏ ͏ ͏ ͏ ͏ ͏ ͏ ͏ ͏,ham,2026-08-16T02:26:40+00:00
1a00b68e21903492,What's hot on edX right now,The courses and programs everyone&#39;s signing up for right now. ‌ ‌ ‌ ‌ ‌ ‌ ‌ ‌ ‌ ‌ ‌ ‌ ‌ ‌ ‌ ‌ ‌ ‌ ‌ ‌ ‌ ‌ ‌ ‌ ‌ ‌ ‌ ‌ ‌ ‌ ‌ ‌ ‌ ‌ ‌ ‌ ‌ ‌ ‌ ‌ ‌ ‌ ‌ ‌ ‌ ‌ ‌ ‌ ‌ ‌ ‌ ‌ ‌ ‌ ‌ ‌ ‌ ‌ ‌ ‌ ‌ ‌ ‌ ‌ ‌ ‌ ‌ ‌,ham,2026-08-16T16:27:33+00:00
1a0005652882d259,New indicator by Zeiierman — check it out,TradingView Zeiierman that you follow published a new indicator Order Flow Profiler (Zeiierman) █ Overview Order Flow Profiler (Zeiierman) is a price-based volume profiling indicator that estimates how,ham,2026-08-14T12:54:11+00:00
1a00b13422229468,Re: [khushal910/MailSentry] fix: Synchronous Blocking SMTP on the Request Thread (PR #79),"coderabbitai[bot] left a comment (khushal910/MailSentry#79) Note Currently processing new changes in this PR. This may take a few minutes, please wait... ⚙️ Run configuration Configuration used:",ham,2026-08-16T14:56:46+00:00
19fffe5508adac31,Up to 80% off ends soon,Last chance to save on our plans this Independence Day. ͏ ‌ ͏ ‌ ͏ ‌ ͏ ‌ ͏ ‌ ͏ ‌ ͏ ‌ ͏ ‌ ͏ ‌ ͏ ‌ ͏ ‌ ͏ ‌ ͏ ‌ ͏ ‌ ͏ ‌ ͏ ‌ ͏ ‌ ͏ ‌ ͏ ‌ ͏ ‌ ͏ ‌ ͏ ‌ ͏ ‌ ͏ ‌ ͏ ‌ ͏ ‌ ͏ ‌ ͏ ‌ ͏ ‌ ͏ ‌ ͏ ‌ ͏ ‌ ͏ ‌ ͏ ‌ ͏ ‌ ͏ ‌ ͏,ham,2026-08-14T10:50:46+00:00
1a00b1335ef40a3d,Re: [khushal910/MailSentry] fix: Synchronous Blocking SMTP on the Request Thread (PR #79),vercel[bot] left a comment (khushal910/MailSentry#79) The latest updates on your projects. Learn more about Vercel for GitHub. Project Deployment Actions Updated (UTC) mailsentry Ready Ready Preview,ham,2026-08-16T14:56:43+00:00
19ffa6e77a6bcfd4,Get 25% off your bus ticket with Uber,Book your first bus ticket in-app now ͏ ͏ ͏ ͏ ͏ ͏ ͏ ͏ ͏ ͏ ͏ ͏ ͏ ͏ ͏ ͏ ͏ ͏ ͏ ͏ ͏ ͏ ͏ ͏ ͏ ͏ ͏ ͏ ͏ ͏ ͏ ͏ ͏ ͏ ͏ ͏ ͏ ͏ ͏ ͏ ͏ ͏ ͏ ͏ ͏ ͏ ͏ ͏ ͏ ͏ ͏ ͏ ͏ ͏ ͏ ͏ ͏ ͏ ͏ ͏ ͏ ͏ ͏ ͏ ͏ ͏ ͏ ͏ ͏ ͏ ͏ ͏ ͏ ͏ ͏ ͏ ͏ ͏ ͏ ͏ ͏ ͏,ham,2026-08-13T09:22:51+00:00
1a00b132627acd35,Re: [khushal910/MailSentry] fix: Synchronous Blocking SMTP on the Request Thread (PR #79),"@Copilot commented on this pull request. Copilot was unable to review this pull request because the user who requested the review has reached their quota limit. — Reply to this email directly, view it",ham,2026-08-16T14:56:39+00:00
1a00b1322731fd73,Re: [khushal910/MailSentry] fix: Synchronous Blocking SMTP on the Request Thread (PR #79),"dagshub[bot] left a comment (khushal910/MailSentry#79) Join the discussion on DagsHub! — Reply to this email directly, view it on GitHub, or unsubscribe. Triage notifications, keep track of coding",ham,2026-08-16T14:56:38+00:00
1a00afaeb7ecb3ee,Print More. Create More. Be More.,"Set your ideas free with Printers starting ₹5669, plus up to ₹2500 instant discount. Vijay Sales Grand Electronics Sale Laptops Routers Offer Follow us on: Online Order Assistance: onlinesupport@",ham,2026-08-16T14:30:10+00:00
1a00ae329b05564e,🚨500% Returns. One Simple Principle.,The goal isn&#39;t to take more risk. It&#39;s to get more from each unit of risk. ͏ ͏ ͏ ͏ ͏ ͏ ͏ ͏ ͏ ͏ ͏ ͏ ͏ ͏ ͏ ͏ ͏ ͏ ͏ ͏ ͏ ͏ ͏ ͏ ͏ ͏ ͏ ͏ ͏ ͏ ͏ ͏ ͏ ͏ ͏ ͏ ͏ ͏ ͏ ͏ ͏ ͏ ͏ ͏ ͏ ͏ ͏ ͏ ͏ ͏ ͏ ͏ ͏ ͏ ͏ ͏ ͏ ͏ ͏,ham,2026-08-16T14:04:13+00:00
1a00ac9896fa0ab9,Inflation Report U-turn,"Cooler inflation reports give the Federal Reserve more flexibility with rates, and massive hyperscaler growth is sending these… ͏ ‌ ͏ ‌ ͏ ‌ ͏ ‌ ͏ ‌ ͏ ‌ ͏ ‌ ͏ ‌ ͏ ‌ ͏ ‌ ͏ ‌ ͏ ‌ ͏ ‌ ͏ ‌ ͏ ‌ ͏ ‌ ͏ ‌ ͏ ‌ ͏",ham,2026-08-16T12:47:27+00:00
1a00ac251fcd199a,Your MailSentry password reset code,🛡️ MailSentry Secure Email Protection Password Reset Verification We received a request to reset your password. Use the 6-digit code below to verify your request. This code will expire in 10 minutes.,ham,2026-08-16T13:28:22+00:00
1a00ab4056d4bda2,[khushal910/MailSentry] PR run failed: MailSentry Continuous Integration (CI) - Fix (35deba7),[khushal910/MailSentry] MailSentry Continuous Integration (CI) workflow run MailSentry Continuous Integration (CI): Some jobs were not successful View workflow run Status Job Annotations MailSentry,ham,2026-08-16T13:12:44+00:00
1a00ab28b6a6c681,Re: [khushal910/MailSentry] Fix (PR #78),"coderabbitai[bot] left a comment (khushal910/MailSentry#78) Note Currently processing new changes in this PR. This may take a few minutes, please wait... ⚙️ Run configuration Configuration used:",ham,2026-08-16T13:11:07+00:00
1a00ab254d697b35,Re: [khushal910/MailSentry] Fix (PR #78),"dagshub[bot] left a comment (khushal910/MailSentry#78) Join the discussion on DagsHub! — Reply to this email directly, view it on GitHub, or unsubscribe. Triage notifications, keep track of coding",ham,2026-08-16T13:10:52+00:00
1a00ab253ed18359,Re: [khushal910/MailSentry] Fix (PR #78),vercel[bot] left a comment (khushal910/MailSentry#78) The latest updates on your projects. Learn more about Vercel for GitHub. Project Deployment Actions Updated (UTC) mailsentry Ready Ready Preview,ham,2026-08-16T13:10:53+00:00
1a00ab251a18e093,Re: [khushal910/MailSentry] Fix (PR #78),"@Copilot commented on this pull request. Copilot was unable to review this pull request because the user who requested the review has reached their quota limit. — Reply to this email directly, view it",ham,2026-08-16T13:10:53+00:00
1a017ace4b6eb6f5,How to Solve a Rubik’s Cube Without Memorizing Algorithms: Even a Kid Can Understand | Philo Li,Khushalsatani Stories for Khushalsatani @khushalsatani009·Become a member Medium daily digest Today&#39;s highlights Philo Li Philo Li How to Solve a Rubik&#39;s Cube Without Memorizing Algorithms:,ham,2026-08-19T01:40:00+00:00
1a01789113897179,"One platform for data, analytics, and AI","Cut tool sprawl,﻿ govern data,﻿ and clear the path to analytics &amp; AI ‍͏ ͏ ‍͏ ͏ ‍͏ ͏ ‍͏ ͏ ‍͏ ͏ ‍͏ ͏ ‍͏ ͏ ‍͏ ͏ ‍͏ ͏ ‍͏ ͏ ‍͏ ͏ ‍͏ ͏ ‍͏ ͏ ‍͏ ͏ ‍͏ ͏ ‍͏ ͏ ‍͏ ͏ ‍͏ ͏ ‍͏ ͏ ‍͏ ͏ ‍͏ ͏ ‍͏ ͏ ‍͏ ͏ ‍͏ ͏ ‍͏ ͏ ‍͏",ham,2026-08-19T01:00:51+00:00
1a016af2c96b97f7,Weekly Statement of Funds & Securities | INDmoney,"INDstocks by INDmoney Weekly Statement Hi Khushal Jiteshbhai Satani, Client Code: NLRE00N3J7 We have attached the weekly statement of accounts for funds &amp; securities. The document is password",ham,2026-08-18T21:02:53+00:00
1a01695070a91148,"Andreas Schurek (Hotspex): ""Synthetic consumers are only as honest as the human truths underneath them""","👋 Hi there, welcome to the AI Central. Click here to join our 300000 readers… ͏ ͏ ͏ ͏ ͏ ͏ ͏ ͏ ͏ ͏ ͏ ͏ ͏ ͏ ͏ ͏ ͏ ͏ ͏ ͏ ͏ ͏ ͏ ͏ ͏ ͏ ͏ ͏ ͏ ͏ ͏ ͏ ͏ ͏ ͏ ͏ ͏ ͏ ͏ ͏ ͏ ͏ ͏ ͏ ͏ ͏ ͏ ͏ ͏ ͏ ͏ ͏ ͏ ͏ ͏ ͏ ͏ ͏ ͏ ͏ ͏ ͏",ham,2026-08-18T20:34:20+00:00
1a015c196c1b42fe,"Rs 3,942 cr digital infrastructure project, Bajaj Finance’s Rs 498 cr NCD, & more - Groww Digest",All you need to know about the day ‌ ‌ ‌ ‌ ‌ ‌ ‌ ‌ ‌ ‌ ‌ ‌ ‌ ‌ ‌ ‌ ‌ ‌ ‌ ‌ ‌ ‌ ‌ ‌ ‌ ‌ ‌ ‌ ‌ ‌ ‌ ‌ ‌ ‌ ‌ ‌ ‌ ‌ ‌ ‌ ‌ ‌ ‌ ‌ ‌ ‌ ‌ ‌ ‌ ‌ Groww Digest 18 August 2026 Sensex 77235.46 ▼ 0.63% Nifty 24154.90,ham,2026-08-18T16:43:22+00:00
1a015b6306f18ff5,"I’m a Muslim girl, madly in love with a Hindu boy. I want to marry him but I am a bit...?","Your a muslim girl, 1st mistake your qur&#39;an say you can&#39;t talk to men outside of your family. BUT you are asking questions on this site that&#39;s 82 percent men. As far as Hindu marriage, this",ham,2026-08-18T16:30:54+00:00
1a0159ce84f3f69a,📈 OpenAI and Anthropic Price War + Claude's Invisible Watermarks + Groq Raises $350M,"Plus: Google announces Gemini 3.7 flash, Nvidia Nemotron 3.5 Lightning now available, Gemini becomes Google&#39;s fastest-growing product, and Nvidia discloses $21bn stake in SpaceX ‌ ‌ ‌ ‌ ‌ ‌ ‌ ‌ ‌ ‌",ham,2026-08-18T16:03:19+00:00
1a015898b89141b8,Save 15% on select courses and programs,Get back to learning something new. ‌ ‌ ‌ ‌ ‌ ‌ ‌ ‌ ‌ ‌ ‌ ‌ ‌ ‌ ‌ ‌ ‌ ‌ ‌ ‌ ‌ ‌ ‌ ‌ ‌ ‌ ‌ ‌ ‌ ‌ ‌ ‌ ‌ ‌ ‌ ‌ ‌ ‌ ‌ ‌ ‌ ‌ ‌ ‌ ‌ ‌ ‌ ‌ ‌ ‌ ‌ ‌ ‌ ‌ ‌ ‌ ‌ ‌ ‌ ‌ ‌ ‌ ‌ ‌ ‌ ‌ ‌ ‌ ‌ ‌ ‌ ‌ ‌ ‌ ‌ ‌ ‌ ‌ ‌ ‌ ‌ ‌ ‌,ham,2026-08-18T15:32:44+00:00
1a0145b520b1b880,Statement of Funds and Securities (SOF/SOS) for the week - 10 Aug 2026 to 15 Aug 2026,"Statement of Funds and Securities (SOF/SOS - Weekly) Dear Khushal, Thank You for choosing Dhan to execute your trades on Stock Exchanges. Please find attached, the Statement of Funds and Securities as",spam,2026-08-18T10:12:02+00:00
1a014561707bd221,You have submitted your assignment submission for Assignment-2,PS 2026 -&gt;Assignment -&gt;Assignment-2 You have submitted an assignment submission for &#39;Assignment-2&#39;. You can see the status of your assignment submission.,ham,2026-08-18T10:06:21+00:00
1a013e6f3f6b7b24,Don’t miss conversations in Power BI,View recommended posts from Power BI ͏ ͏ ͏ ͏ ͏ ͏ ͏ ͏ ͏ ͏ ͏ ͏ ͏ ͏ ͏ ͏ ͏ ͏ ͏ ͏ ͏ ͏ ͏ ͏ ͏ ͏ ͏ ͏ ͏ ͏ ͏ ͏ ͏ ͏ ͏ ͏ ͏ ͏ ͏ ͏ ͏ ͏ ͏ ͏ ͏ ͏ ͏ ͏ ͏ ͏ ͏ ͏ ͏ ͏ ͏ ͏ ͏ ͏ ͏ ͏ ͏ ͏ ͏ ͏ ͏ ͏ ͏ ͏ ͏ ͏ ͏ ͏ ͏ ͏ ͏ ͏ ͏ ͏ ͏ ͏ ͏ ͏,ham,2026-08-18T08:04:57+00:00
1a013c1ab9138a5c,IPOs to watch this week!,Stay updated with all IPO details ‌ ‌ ‌ ‌ ‌ ‌ ‌ ‌ ‌ ‌ ‌ ‌ ‌ ‌ ‌ ‌ ‌ ‌ ‌ ‌ ‌ ‌ ‌ ‌ ‌ ‌ ‌ ‌ ‌ ‌ ‌ ‌ ‌ ‌ ‌ ‌ ‌ ‌ ‌ ‌ ‌ ‌ ‌ ‌ ‌ ‌ ‌ ‌ ‌ ‌ IPOs open to apply Lalithaa Jewellery Mart They are a jewellery,ham,2026-08-18T07:24:13+00:00
1a013bfda403dcbe,Behari Lal Engineering Limited - IPO - Allotment Advice cum Unblocking Intimation,"Dear Investor, Greetings!! This is with reference to the application made by you in the initial public offering Behari Lal Engineering Limited - IPO (&quot;Company&quot; or &quot;Issuer&quot;). Please",ham,2026-08-18T07:22:14+00:00
1a013b6d3234ca1b,✍️ UX Writing and Designing In Words First,"Words are everything on the web. To communicate effectively, we must truly… ͏ ͏ ͏ ͏ ͏ ͏ ͏ ͏ ͏ ͏ ͏ ͏ ͏ ͏ ͏ ͏ ͏ ͏ ͏ ͏ ͏ ͏ ͏ ͏ ͏ ͏ ͏ ͏ ͏ ͏ ͏ ͏ ͏ ͏ ͏ ͏ ͏ ͏ ͏ ͏ ͏ ͏ ͏ ͏ ͏ ͏ ͏ ͏ ͏ ͏ ͏ ͏ ͏ ͏ ͏ ͏ ͏ ͏ ͏ ͏ ͏ ͏ ͏",ham,2026-08-18T07:12:23+00:00
1a013757363174db,📈 Dhan Charts on-the-go!,Hi There 👋 Did you know that you can easily analyze and trade on Charts from the Dhan App? It&#39;s not only placing orders that&#39;s available to you but more. Here&#39;s a short list of the,ham,2026-08-18T06:00:58+00:00
1a013427310c1024,Transaction completed - BOI,Your a/c no.XXXXXXXXXXX3845 is debited for Rs. 14800.00 on 18/08/2026 and a/c XXXXXXXXXXX5611 credited (IMPS Ref no 623010601961).If not done call on 1800220229-BOI “सत्यनिष्ठा से समृद्धि” “Probity for,ham,2026-08-18T05:02:00+00:00
1a0133f7aca5ae57,"Received ₹14,‌800 via IMPS","Hi KHUSHAL JITESHBHAI, You have received ₹14,‌800 via IMPS in your slice bank a/c xx5611! Transaction Date 18-Aug-26 Sender Name KHUSHAL JITESHBHAI SATANI IMPS Ref No. 623010601961 Reach out to our",spam,2026-08-18T05:02:01+00:00
1a012ed00b175a86,SIX LAWS OF MONEY,1: Money does not come to people who want it. To people who deserve the money. The money comes to those people who really deserve it. 2: The money does not stay with people who earn a lot of m… Top,ham,2026-08-18T03:31:56+00:00
1a012e32108dab39,MLOps Engineer — Remote (India) at DSK Solutions,DSK Solutions MLOps Engineer — Remote (India): About usWe are a UK and India-based technology… ͏ ͏ ͏ ͏ ͏ ͏ ͏ ͏ ͏ ͏ ͏ ͏ ͏ ͏ ͏ ͏ ͏ ͏ ͏ ͏ ͏ ͏ ͏ ͏ ͏ ͏ ͏ ͏ ͏ ͏ ͏ ͏ ͏ ͏ ͏ ͏ ͏ ͏ ͏ ͏ ͏ ͏ ͏ ͏ ͏ ͏ ͏ ͏ ͏ ͏ ͏ ͏ ͏,ham,2026-08-18T03:21:09+00:00
1a012b5dabc66c8d,Your trial has ended,Your account is now on a free plan. ﻿͏ ﻿͏ ﻿͏ ﻿͏ ﻿͏ ﻿͏ ﻿͏ ﻿͏ ﻿͏ ﻿͏ ﻿͏ ﻿͏ ﻿͏ ﻿͏ ﻿͏ ﻿͏ ﻿͏ ﻿͏ ﻿͏ ﻿͏ ﻿͏ ﻿͏ ﻿͏ ﻿͏ ﻿͏ ﻿͏ ﻿͏ ﻿͏ ﻿͏ ﻿͏ ﻿͏ ﻿͏ ﻿͏ ﻿͏ ﻿͏ ﻿͏ ﻿͏ ﻿͏ ﻿͏ ﻿͏ ﻿͏ ﻿͏ ﻿͏ ﻿͏ ﻿͏ ﻿͏ ﻿͏ ﻿͏ ﻿͏ ﻿͏ ﻿͏ ﻿͏ ﻿͏ ﻿͏ ﻿͏,ham,2026-08-18T02:31:42+00:00
1a0129f9d45c4e51,Missed Session 1? Watch the replay and register for Session 2,"WEBINAR SERIES MongoDB Logo Webinar series Intro to MongoDB: Fundamentals Series August 20 &amp; 27 Hi khushal, You still have time to join the MongoDB Fundamentals Mastery Series. Session 1: MongoDB",ham,2026-08-18T02:02:46+00:00
1a0128688c0b9fd6,How to Become an AI Engineer in 2026 from Scratch | Haider Ali,Khushalsatani Stories for Khushalsatani @khushalsatani009·Become a member Medium daily digest Today&#39;s highlights Haider Ali Haider Ali How to Become an AI Engineer in 2026 from Scratch How to,ham,2026-08-18T01:40:00+00:00
1a011b8201904828,How To Automate Prospecting Using RocketReach,"👋 Hi there, welcome to the AI Central ➡️ Sign up here to the free-forever… ͏ ͏ ͏ ͏ ͏ ͏ ͏ ͏ ͏ ͏ ͏ ͏ ͏ ͏ ͏ ͏ ͏ ͏ ͏ ͏ ͏ ͏ ͏ ͏ ͏ ͏ ͏ ͏ ͏ ͏ ͏ ͏ ͏ ͏ ͏ ͏ ͏ ͏ ͏ ͏ ͏ ͏ ͏ ͏ ͏ ͏ ͏ ͏ ͏ ͏ ͏ ͏ ͏ ͏ ͏ ͏ ͏ ͏ ͏ ͏ ͏ ͏ ͏",ham,2026-08-17T21:54:34+00:00
1a011a64c19cad85,Weekly Account Statement for BDU926 2026-08-10 - 2026-08-15,"Dear Satani Khushal Jiteshbhai, The account statements for the period 2026-08-10 - 2026-08-15 are attached in accordance with this Exchange Circular. If you have any concerns with the account statement",ham,2026-08-17T21:35:05+00:00
1a011517cc711fe2,SHIPROCKET LIMITED-IPO,"Dear Investor, Greetings!! This is with reference to the application made by you in the public issue of SHIPROCKET LIMITED-IPO (&quot;Company&quot; or &quot;Issuer&quot;). Please find the allotment cum",ham,2026-08-17T20:02:23+00:00
1a0109a6fdd16cea,Your SendGrid Username(s),"Your SendGrid Username(s) You requested a list of usernames associated with this email address. Your username(s): • khushalsatani009@gmail.com Login If you didn&#39;t request this information, you can",ham,2026-08-17T16:42:31+00:00
1a01098e9d63cb44,[Twilio] Re: Twilio SendGrid Account Closure Notice,"## In replies all text above this line is added to the ticket ## Twilio Support (SendGrid) Aug 17, 2026, 9:40 AM PDT Hello, We appreciate your interest in Twilio SendGrid and your efforts in completing",ham,2026-08-17T16:40:51+00:00
1a01097ff9b55ff2,Your SendGrid Username(s),"Your SendGrid Username(s) You requested a list of usernames associated with this email address. No usernames were found associated with this email address. If you didn&#39;t request this information,",ham,2026-08-17T16:39:51+00:00
1a010951f7e6ad02,You shared some Google Account data with Twilio,Keep track of your Google Account data khushalsatani009@gmail.com You&#39;re receiving this email because you used Sign in with Google to sign in to Twilio on 17 August at 22:06. This email summarises,ham,2026-08-17T16:36:43+00:00
1a0108c34b92de64,How did George Foreman's grill become so successful when most celebrity products fail?,Most celebrity products fail. George Foreman earned vastly more from a grill than his legendary boxing career—so much that the manufacturer paid $137.5 million just to stop his royalty checks. T… Top,ham,2026-08-17T16:26:58+00:00
1a010889fbaeb494,Welcome to Resend!,"Hey, My name is Zeno — I&#39;m the founder and CEO of Resend. We started Resend because we wanted a better email API for developers. A simple, fast, and elegant interface that just works. Here are 3",ham,2026-08-17T16:23:03+00:00
1a01087c4d90a4ca,You shared some Google Account data with resend.com,Keep track of your Google Account data khushalsatani009@gmail.com You&#39;re receiving this email because you used Sign in with Google to sign in to resend.com on 17 August at 21:51. This email,ham,2026-08-17T16:22:07+00:00
1a010803120ed597,Your MailSentry password reset code,🛡️ MailSentry Secure Email Protection Password Reset Verification We received a request to reset your password. Use the 6-digit code below to verify your request. This code will expire in 10 minutes.,ham,2026-08-17T16:13:51+00:00
1a010778aa0b1530,"India's unemployment rate at 4-month low,  L&T's over Rs 15,000 cr order & more - Groww Digest",All you need to know about the day ‌ ‌ ‌ ‌ ‌ ‌ ‌ ‌ ‌ ‌ ‌ ‌ ‌ ‌ ‌ ‌ ‌ ‌ ‌ ‌ ‌ ‌ ‌ ‌ ‌ ‌ ‌ ‌ ‌ ‌ ‌ ‌ ‌ ‌ ‌ ‌ ‌ ‌ ‌ ‌ ‌ ‌ ‌ ‌ ‌ ‌ ‌ ‌ ‌ ‌ Groww Digest 17 August 2026 Sensex 77728.16 ▼ 0.36% Nifty 24287.65,ham,2026-08-17T16:04:23+00:00
1a032c7d08e81c3d,Your Profile is not visible to recruiters,Your Profile is not active yet. You will not be able to apply to jobs and recruiters will not be able to contact you. Add missing details in your profile and become visible to recruiters now! naukri.,ham,2026-08-24T07:59:07+00:00
1a032b62b0a121d9,"khushal, Tempsens Instruments closes today",3 hours left. Tempsens Instruments · 71.15× subscribed. Bidding closes at 5:00 PM. ‌ ‌ ‌ ‌ ‌ ‌ ‌ ‌ ‌ ‌ α THE IPO DESK CLOSES TODAY Hi khushal — 3 hours left. Bidding for 1 Mainboard IPO closes at 5:00,ham,2026-08-24T07:39:53+00:00
1a0328d767a571a2,💾 How To Modernize Legacy UX (Without Breaking Everything),Big bang legacy relaunch is usually the worst way to improve legacy UX. They… ͏ ͏ ͏ ͏ ͏ ͏ ͏ ͏ ͏ ͏ ͏ ͏ ͏ ͏ ͏ ͏ ͏ ͏ ͏ ͏ ͏ ͏ ͏ ͏ ͏ ͏ ͏ ͏ ͏ ͏ ͏ ͏ ͏ ͏ ͏ ͏ ͏ ͏ ͏ ͏ ͏ ͏ ͏ ͏ ͏ ͏ ͏ ͏ ͏ ͏ ͏ ͏ ͏ ͏ ͏ ͏ ͏ ͏ ͏ ͏ ͏ ͏,ham,2026-08-24T06:55:26+00:00
1a03288895777192,Your MongoDB Atlas M0 cluster has been automatically paused due to prolonged inactivity,"ORGANIZATION khushal&#39;s Org - 2025-08-04 PROJECT Fake-Job-Predictoin Hi khushal, Your M0 free tier cluster, Cluster0, was automatically paused at 2:50 AM EDT on 2026/08/24 due to prolonged",ham,2026-08-24T06:50:03+00:00
1a0327afbf774b08,OTP to login,"Hi KHUSHAL JITESHBHAI SATANI, You have requested an OTP to login to your Upstox account. If this was you, please input the code below to continue. 998558 Please take a moment to review the details of",ham,2026-08-24T06:35:13+00:00
1a03277c46243a56,Congratulations! You’re Now Registered with BSE,"Dear KHUSHAL JITESHBHAI SATANI PAN TGMXXXXX5C Greetings from BSE You have registered in EQUITY,CURRENCY,EQUITY DERIVATIVE segment with stockbroker Upstox Securities Pvt. Ltd.with unique client code (",ham,2026-08-24T06:31:44+00:00
1a0324c7e0afaeb8,"दही में ये 5 चीजें मिलाकर खाओ... शरीर की आधी समस्याएं खुद ठीक होने लगेंगी !,👇 1. दही + गुड़ अगर शरीर में कमजोरी और खून की कमी लगती है. तो दही में थ...","दही में ये 5 चीजें मिलाकर खाओ... शरीर की आधी समस्याएं खुद ठीक होने लगेंगी !,👇 1. दही + गुड़ अगर शरीर में कमजोरी और खून की कमी लगती है. तो दही में थोड़ा गुड़ मिलाकर खाएं। शरीर को ताकत और ऊर्जा मिलती ह",ham,2026-08-24T05:44:28+00:00
1a03233081354626,"I need help please, My husband have infertility problem.  He is a great person, he lov...","I need help please, My husband have infertility problem. He is a great person, he loves me and treats me very well, he is my best friend and a person that I love so much. Before we got marri… Top",spam,2026-08-24T05:16:39+00:00
1a0322b038e77e5b,"khushal, Jobs with no degree requirement and salary upto Rs 25,000 per month. Apply now!",Fresh roles are filling fast — check and apply now! naukri.com Get app Jobs that are hiring right now No experience. No degree. Just apply. Work from Home/ Remote View jobs Data Entry/Back Office View,ham,2026-08-24T05:07:52+00:00
1a03212f0e9db7d6,CVLKRA KYC Alert ReferenceId - 400164613,"Dear Khushal Jiteshbhai Satani, Your KYC record bearing PAN TGXXXXXX5C has been fetched by UPSTOX SECURITIES PRIVATE LIMITED. As per SEBI guidelines, an intermediary with whom you are dealing with in",ham,2026-08-24T04:39:57+00:00
1a032035cf2ffe0c,Update: Odoo x LDCE Ahmedabad Hackathon '26,"Dear Participant, Last Saturday, we witnessed an incredible virtual round of the Odoo x LDCE Ahmedabad Hackathon 2026, and we&#39;d love to hear about your experience! We have already started",ham,2026-08-24T04:24:33+00:00
1a031f29ded1a482,Upstox form submission,Your application is under review Estimated time required: Up to 4 working days ✅ Application submitted ⚪ Under review by Upstox ⚪ Under review by Exchange ⚪ Account opened Track status on Upstox For,ham,2026-08-24T04:06:16+00:00
1a031ec57cdd674e,Received ₹5 in your slice account,"Hi KHUSHAL JITESHBHAI, You have received ₹5 via UPI in your slice bank account xx5611. Avl. Bal. ₹1,08752.25 Transaction date 24-Aug-26 From GOOGLE INDIA DIGITAL SERVICES RRN 300576992366 Best, Team",spam,2026-08-24T03:59:26+00:00
1a031c9421821dff,Machine Learning Engineer at Motorola Solutions,"Motorola Solutions Machine Learning Engineer: Company OverviewAt Motorola Solutions, we believe… ͏ ͏ ͏ ͏ ͏ ͏ ͏ ͏ ͏ ͏ ͏ ͏ ͏ ͏ ͏ ͏ ͏ ͏ ͏ ͏ ͏ ͏ ͏ ͏ ͏ ͏ ͏ ͏ ͏ ͏ ͏ ͏ ͏ ͏ ͏ ͏ ͏ ͏ ͏ ͏ ͏ ͏ ͏ ͏ ͏ ͏ ͏ ͏ ͏ ͏ ͏ ͏",ham,2026-08-24T03:21:07+00:00
1a031b5558e3e004,"khushal, is your portfolio at risk?","Portfolio Screener and Optimizer are live — free for the next 3 days. ‌ ‌ ‌ ‌ ‌ ‌ ‌ ‌ ‌ ‌ α Alphave Hi khushal, Your portfolio is at risk. But what if you could find a better way to balance return and",ham,2026-08-24T02:59:21+00:00
1a0316cacad5b712,How to Become a Certified AWS Engineer in 2026 Without Wasting Six Months | Faisal haque in AWS in Plain English,Khushalsatani Stories for Khushalsatani @khushalsatani009·Become a member Medium daily digest Today&#39;s highlights Faisal haque Faisal haqueinAWS in Plain English How to Become a Certified AWS,ham,2026-08-24T01:40:00+00:00
1a0313478ed86d49,Statement of Funds and Securities (SOF/SOS) for the week - 17 Aug 2026 to 22 Aug 2026,"Statement of Funds and Securities (SOF/SOS - Weekly) Dear Khushal, Thank You for choosing Dhan to execute your trades on Stock Exchanges. Please find attached, the Statement of Funds and Securities as",spam,2026-08-24T00:38:36+00:00
1a0305234190e8b6,The quality of the answer is decided before you ask the question,"👋 Hi there, welcome to the AI Central ➡️ Sign up here to the free-forever… ͏ ͏ ͏ ͏ ͏ ͏ ͏ ͏ ͏ ͏ ͏ ͏ ͏ ͏ ͏ ͏ ͏ ͏ ͏ ͏ ͏ ͏ ͏ ͏ ͏ ͏ ͏ ͏ ͏ ͏ ͏ ͏ ͏ ͏ ͏ ͏ ͏ ͏ ͏ ͏ ͏ ͏ ͏ ͏ ͏ ͏ ͏ ͏ ͏ ͏ ͏ ͏ ͏ ͏ ͏ ͏ ͏ ͏ ͏ ͏ ͏ ͏ ͏",ham,2026-08-23T20:31:28+00:00
1a02f6c187f4d0e2,"Hi, I am 30 year female, I have 7 years of experience in the corporate world. I am cur...","Hi, I am 30 year female, I have 7 years of experience in the corporate world. I am currently wfh. My salary is 44k, and I am living with my parents. I am not married, and the job I am in, I do… Top",spam,2026-08-23T16:20:08+00:00
1a02f2541c9de046,The future of finance is digital. Are your skills?,New skills for a rapidly changing industry. ‌ ‌ ‌ ‌ ‌ ‌ ‌ ‌ ‌ ‌ ‌ ‌ ‌ ‌ ‌ ‌ ‌ ‌ ‌ ‌ ‌ ‌ ‌ ‌ ‌ ‌ ‌ ‌ ‌ ‌ ‌ ‌ ‌ ‌ ‌ ‌ ‌ ‌ ‌ ‌ ‌ ‌ ‌ ‌ ‌ ‌ ‌ ‌ ‌ ‌ ‌ ‌ ‌ ‌ ‌ ‌ ‌ ‌ ‌ ‌ ‌ ‌ ‌ ‌ ‌ ‌ ‌ ‌ ‌ ‌ ‌ ‌ ‌ ‌ ‌ ‌ ‌ ‌ ‌,ham,2026-08-23T15:02:43+00:00
1a02ef0024b6aee5,🚨This Is What Moves NQ,The same information institutions use can change how you read the market. ͏ ͏ ͏ ͏ ͏ ͏ ͏ ͏ ͏ ͏ ͏ ͏ ͏ ͏ ͏ ͏ ͏ ͏ ͏ ͏ ͏ ͏ ͏ ͏ ͏ ͏ ͏ ͏ ͏ ͏ ͏ ͏ ͏ ͏ ͏ ͏ ͏ ͏ ͏ ͏ ͏ ͏ ͏ ͏ ͏ ͏ ͏ ͏ ͏ ͏ ͏ ͏ ͏ ͏ ͏ ͏ ͏ ͏ ͏ ͏ ͏ ͏ ͏ ͏,ham,2026-08-23T14:04:34+00:00
1a02e748e2f509c2,WEEK - 16,🚨 The AI race just went political. The US wants the world to pick a side… ͏ ͏ ͏ ͏ ͏ ͏ ͏ ͏ ͏ ͏ ͏ ͏ ͏ ͏ ͏ ͏ ͏ ͏ ͏ ͏ ͏ ͏ ͏ ͏ ͏ ͏ ͏ ͏ ͏ ͏ ͏ ͏ ͏ ͏ ͏ ͏ ͏ ͏ ͏ ͏ ͏ ͏ ͏ ͏ ͏ ͏ ͏ ͏ ͏ ͏ ͏ ͏ ͏ ͏ ͏ ͏ ͏ ͏ ͏ ͏ ͏ ͏ ͏ ͏,ham,2026-08-23T11:49:45+00:00
1a02e70d266d0ce7,WEEK - 16,"Here&#39;s your fully researched, hallucination-free edition for Aug 16–23, 2026 —… ͏ ͏ ͏ ͏ ͏ ͏ ͏ ͏ ͏ ͏ ͏ ͏ ͏ ͏ ͏ ͏ ͏ ͏ ͏ ͏ ͏ ͏ ͏ ͏ ͏ ͏ ͏ ͏ ͏ ͏ ͏ ͏ ͏ ͏ ͏ ͏ ͏ ͏ ͏ ͏ ͏ ͏ ͏ ͏ ͏ ͏ ͏ ͏ ͏ ͏ ͏ ͏ ͏ ͏ ͏ ͏ ͏ ͏ ͏",ham,2026-08-23T11:45:40+00:00
1a02e0bd10d1ee7d,deploy failed for IPODesk,Render We encountered an error during the deploy process for IPODesk. This means your deploy didn&#39;t complete successfully and your latest changes may not be live. Commit: feat: implement,ham,2026-08-23T09:55:21+00:00
1a02dfc41e812748,[Access Request] paldhaduk7-png requested access to ipo-desk-pmiuf9ggl-khushal910s-projects.vercel.app,"Access request Hello, khushal910. paldhaduk7@gmail.com wants access to a URL in ipo-desk: ipo-desk-pmiuf9ggl-khushal910s-projects.vercel.app If approved, they&#39;ll see deployments served at this URL",ham,2026-08-23T09:38:20+00:00
1a02ded6af6487d6,Failed deployment from paldhaduk7-png,"paldhaduk7-png attempted to deploy a commit to khushal910&#39;s projects on Vercel through GitHub, but they&#39;re not a member of the team. To resolve this: Upgrade to Pro and add them as a",ham,2026-08-23T09:22:08+00:00
1a02dd1b8b6e1d64,Your Smart Transfer Facility has been activated!,"Smart Transfer Activated Dear Khushal, Your Smart Transfer Facility has been activated on Dhan. You can now transfer funds to Dhan via IMPS / NEFT / RTGS. Please note that zero charges are levied on",ham,2026-08-23T08:51:53+00:00
1a02d604c80ca35e,Personal Branding 101 #01,I Audited My Own Personal Brand. Here&#39;s What I Found. I&#39;ve spent a lot of time… ͏ ͏ ͏ ͏ ͏ ͏ ͏ ͏ ͏ ͏ ͏ ͏ ͏ ͏ ͏ ͏ ͏ ͏ ͏ ͏ ͏ ͏ ͏ ͏ ͏ ͏ ͏ ͏ ͏ ͏ ͏ ͏ ͏ ͏ ͏ ͏ ͏ ͏ ͏ ͏ ͏ ͏ ͏ ͏ ͏ ͏ ͏ ͏ ͏ ͏ ͏ ͏ ͏ ͏ ͏ ͏ ͏,ham,2026-08-23T06:48:01+00:00
1a02d5119482d1c4,Personal Branding 101 #01,I Audited My Own Personal Brand. Here&#39;s What I Found. I&#39;ve spent a lot of time… ͏ ͏ ͏ ͏ ͏ ͏ ͏ ͏ ͏ ͏ ͏ ͏ ͏ ͏ ͏ ͏ ͏ ͏ ͏ ͏ ͏ ͏ ͏ ͏ ͏ ͏ ͏ ͏ ͏ ͏ ͏ ͏ ͏ ͏ ͏ ͏ ͏ ͏ ͏ ͏ ͏ ͏ ͏ ͏ ͏ ͏ ͏ ͏ ͏ ͏ ͏ ͏ ͏ ͏ ͏ ͏ ͏,ham,2026-08-23T06:31:24+00:00
1a02d1693b6fa6c8,"I am 1st year MBBS student and I am 25 years old, I have been married for six months ....","I am 1st year MBBS student and I am 25 years old, I have been married for six months . problem is when I complete MBBS I am 31 years old so my family and in-laws do not force me but advise me … Top",spam,2026-08-23T05:27:27+00:00
1a02cac93a8344dc,build failed for IPODesk,Render We encountered an error during the build process for IPODesk. This means your build didn&#39;t complete successfully and your latest changes may not be live. Reason: &quot;Exited with status 1,ham,2026-08-23T03:31:41+00:00
1a02caa2c09ea0d8,build failed for IPODesk,Render We encountered an error during the build process for IPODesk. This means your build didn&#39;t complete successfully and your latest changes may not be live. Reason: &quot;Exited with status 1,ham,2026-08-23T03:29:04+00:00
1a02ca2e8938cb24,Machine Learning Engineer at Coinbase,Coinbase Machine Learning Engineer: Ready to do the most impactful work of your… ͏ ͏ ͏ ͏ ͏ ͏ ͏ ͏ ͏ ͏ ͏ ͏ ͏ ͏ ͏ ͏ ͏ ͏ ͏ ͏ ͏ ͏ ͏ ͏ ͏ ͏ ͏ ͏ ͏ ͏ ͏ ͏ ͏ ͏ ͏ ͏ ͏ ͏ ͏ ͏ ͏ ͏ ͏ ͏ ͏ ͏ ͏ ͏ ͏ ͏ ͏ ͏ ͏ ͏ ͏ ͏ ͏ ͏ ͏ ͏,ham,2026-08-23T03:21:08+00:00
1a02c4657e72e198,How a 22-Year-Old College Student with Zero Coding Experience Built a $125k Peptide App in 80 Days | Yuma Ueno,Khushalsatani Stories for Khushalsatani @khushalsatani009·Become a member Medium daily digest Today&#39;s highlights Yuma Ueno Yuma Ueno How a 22-Year-Old College Student with Zero Coding Experience,ham,2026-08-23T01:40:00+00:00
1a02c1efeda4aa2a,Costco CEO didn’t care about analysts’ words,All you need to know about the day ‌ ‌ ‌ ‌ ‌ ‌ ‌ ‌ ‌ ‌ ‌ ‌ ‌ ‌ ‌ ‌ ‌ ‌ ‌ ‌ ‌ ‌ ‌ ‌ ‌ ‌ ‌ ‌ ‌ ‌ ‌ ‌ ‌ ‌ ‌ ‌ ‌ ‌ ‌ ‌ ‌ ‌ ‌ ‌ ‌ ‌ ‌ ‌ ‌ ‌ The week that was and much more. Groww Digest Weekly 23 August,ham,2026-08-23T00:57:03+00:00
1a02a8e52431ad08,You shared some Google Account data with manus.im,Keep track of your Google Account data khushalsatani009@gmail.com You&#39;re receiving this email because you used Sign in with Google to sign in to manus.im on 22 August at 23:09. This email,ham,2026-08-22T17:39:25+00:00
1a02a8731557a462,"Elena Calvillo (Prompt-Led Product) ""AI tools report success without verifying anything happened""","👋 Hi there, welcome to the AI Central. Click here to join our 300000 readers… ͏ ͏ ͏ ͏ ͏ ͏ ͏ ͏ ͏ ͏ ͏ ͏ ͏ ͏ ͏ ͏ ͏ ͏ ͏ ͏ ͏ ͏ ͏ ͏ ͏ ͏ ͏ ͏ ͏ ͏ ͏ ͏ ͏ ͏ ͏ ͏ ͏ ͏ ͏ ͏ ͏ ͏ ͏ ͏ ͏ ͏ ͏ ͏ ͏ ͏ ͏ ͏ ͏ ͏ ͏ ͏ ͏ ͏ ͏ ͏ ͏ ͏",ham,2026-08-22T17:31:37+00:00
1a02a6dc6b9e29c0,Experiment with Atlas in your own environment,"Grow your Atlas skills without impacting your team&#39;s work. Hi khushal, As part of an organization on MongoDB Atlas, you&#39;re already set up for collaboration—but have you considered creating a",ham,2026-08-22T17:03:51+00:00
1a02a6d491d79661,Alert - IPODesk - 2026-08-22T17:03Z,ORGANIZATION pal&#39;s Org - 2026-04-22 PROJECT IPODesk User joined the project khushalsatani009@gmail.com Alert Details CREATED 2026/08/22 17:03 GMT SEVERITY INFO INFO Manage Alert Settings This,ham,2026-08-22T17:03:20+00:00
1a02a6c7ae803ea4,Invitation to MongoDB Cloud: pal's Org - 2026-04-22,"You have been invited by paldhaduk7@gmail.com to join an organization on MongoDB Atlas. Organization Name: pal&#39;s Org - 2026-04-22 By joining, your name and email address will be visible to other",ham,2026-08-22T17:02:27+00:00
1a02a468a063f3d4,CONGRATULATIONS MEGHA 🥳🎊🎉,Congratulations Megha on hitting the milestone of 50 Followers. This is truly an achievement worth celebrating and this was certainly long time due. I met you on December 12th and instantly … Top,spam,2026-08-22T16:21:00+00:00
1a02a12a7c9f171f,Your Discord Login Link has Arrived!,"Hey satani_khushal_17270, Click the link below to log in to your Discord account. This link is valid for 10 minutes. If you didn&#39;t try to log in to your account or request this email, there&#39;s",ham,2026-08-22T15:24:19+00:00
1a029fa23c11ed3c,mehtabhavya mentioned you in Odoo x LDCE Hackathon'26 - MEBH,You have 1 new message #general (Odoo x LDCE Hackathon&#39;26 - MEBH) View messages Need help? Contact our support team or hit us up on X @discord. Want to give us feedback? Let us know what you think,ham,2026-08-22T14:57:31+00:00
1a029cc58ae7e4d7,Announcement on DeepSeek V4 API new peak/off-peak billing rules,"Dear DeepSeek API user, Effective 00:00 (Beijing Time) on Sunday, August 23, 2026, we will adjust our peak/off-peak billing rules: Weekdays (Monday to Friday, Beijing Time): The existing peak/off-peak",ham,2026-08-22T14:04:53+00:00
1a028a2e426477c1,Welcome to Supabase,"Welcome to Supabase, the Postgres development platform. ‌​‍‎‏﻿ ‌​‍‎‏﻿ ‌​‍‎‏﻿ ‌​‍‎‏﻿ ‌​‍‎‏﻿ ‌​‍‎‏﻿ ‌​‍‎‏﻿ ‌​‍‎‏﻿ ‌​‍‎‏﻿ ‌​‍‎‏﻿ ‌​‍‎‏﻿ ‌​‍‎‏﻿ ‌​‍‎‏﻿ ‌​‍‎‏﻿ ‌​‍‎‏﻿ ‌​‍‎‏﻿ ‌​‍‎‏﻿ ‌​‍‎‏﻿ ‌​‍‎‏﻿ ‌​‍‎‏﻿ ‌​‍‎‏",ham,2026-08-22T08:42:38+00:00
1a028a2d888fbc82,[GitHub] A third-party OAuth application has been added to your account,Hey khushal910! A third-party OAuth application (Supabase) with user:email scopes was recently authorized to access your account. Visit https://github.com/settings/connections/applications/,ham,2026-08-22T08:42:35+00:00
1a028805ba94db00,Don’t miss conversations in Generative AI,View recommended posts from Generative AI ͏ ͏ ͏ ͏ ͏ ͏ ͏ ͏ ͏ ͏ ͏ ͏ ͏ ͏ ͏ ͏ ͏ ͏ ͏ ͏ ͏ ͏ ͏ ͏ ͏ ͏ ͏ ͏ ͏ ͏ ͏ ͏ ͏ ͏ ͏ ͏ ͏ ͏ ͏ ͏ ͏ ͏ ͏ ͏ ͏ ͏ ͏ ͏ ͏ ͏ ͏ ͏ ͏ ͏ ͏ ͏ ͏ ͏ ͏ ͏ ͏ ͏ ͏ ͏ ͏ ͏ ͏ ͏ ͏ ͏ ͏ ͏ ͏ ͏ ͏ ͏ ͏ ͏ ͏ ͏,ham,2026-08-22T08:04:55+00:00
1a027f12f59abfbe,Funds/Securities Balance,"Dear Investor, With reference to NSE circulars NSE/INSP/46704 dated December 17, 2020, and NSE/INSP/55039 dated December 28, 2022, Trading members are required to upload clients&#39; securities balance",spam,2026-08-22T05:28:32+00:00
1a027efa042c2817,I'm a married woman. My marriage is perfect. I have a good husband and a lovely daught...,I&#39;m a married woman. My marriage is perfect. I have a good husband and a lovely daughter. Then I met this guy. He doesn&#39;t make as much money as my husband. He is much older than my husband. He…,spam,2026-08-22T05:26:50+00:00
1a027ea6a77efa37,Machine Learning Engineer at Norstella,"Norstella Machine Learning Engineer: DescriptionAbout NorstellaAt Norstella, our… ͏ ͏ ͏ ͏ ͏ ͏ ͏ ͏ ͏ ͏ ͏ ͏ ͏ ͏ ͏ ͏ ͏ ͏ ͏ ͏ ͏ ͏ ͏ ͏ ͏ ͏ ͏ ͏ ͏ ͏ ͏ ͏ ͏ ͏ ͏ ͏ ͏ ͏ ͏ ͏ ͏ ͏ ͏ ͏ ͏ ͏ ͏ ͏ ͏ ͏ ͏ ͏ ͏ ͏ ͏ ͏ ͏ ͏ ͏ ͏",ham,2026-08-22T05:21:09+00:00
1a0277c86c1e89b6,Machine Learning Engineer at Norstella,"Norstella Machine Learning Engineer: DescriptionAbout NorstellaAt Norstella, our… ͏ ͏ ͏ ͏ ͏ ͏ ͏ ͏ ͏ ͏ ͏ ͏ ͏ ͏ ͏ ͏ ͏ ͏ ͏ ͏ ͏ ͏ ͏ ͏ ͏ ͏ ͏ ͏ ͏ ͏ ͏ ͏ ͏ ͏ ͏ ͏ ͏ ͏ ͏ ͏ ͏ ͏ ͏ ͏ ͏ ͏ ͏ ͏ ͏ ͏ ͏ ͏ ͏ ͏ ͏ ͏ ͏ ͏ ͏ ͏",ham,2026-08-22T03:21:07+00:00
1a02760272c9ca93,divyjetani invited you to divyjetani/ODOOxLDCE,GitHub home @divyjetani has invited you to collaborate on the divyjetani/ODOOxLDCE repository You can accept or decline this invitation. You can also visit @divyjetani to learn a bit more about them.,ham,2026-08-22T02:50:07+00:00
1a02732c1a7271b5,Cross-Validation: Beyond Train/Test Split,A model scores 94% accuracy on your test set. You celebrate. But what if that… ͏ ͏ ͏ ͏ ͏ ͏ ͏ ͏ ͏ ͏ ͏ ͏ ͏ ͏ ͏ ͏ ͏ ͏ ͏ ͏ ͏ ͏ ͏ ͏ ͏ ͏ ͏ ͏ ͏ ͏ ͏ ͏ ͏ ͏ ͏ ͏ ͏ ͏ ͏ ͏ ͏ ͏ ͏ ͏ ͏ ͏ ͏ ͏ ͏ ͏ ͏ ͏ ͏ ͏ ͏ ͏ ͏ ͏ ͏ ͏ ͏,ham,2026-08-22T02:00:32+00:00
1a0271ffab467531,"The Complete Roadmap to 3D Deep Learning on Point Clouds | Florent Poux, Ph.D. in Data Science Collective","Khushalsatani Stories for Khushalsatani @khushalsatani009·Become a member Medium daily digest Today&#39;s highlights Florent Poux, Ph.D. Florent Poux, Ph.D.inData Science Collective The Complete",ham,2026-08-22T01:40:00+00:00
1a0264da335a928c,Important Notice: Temporary Leverage Reduction on Trading Accounts,Mazi Finance Dear User Please be informed that leverage across selected trading instruments will be temporarily reduced due to anticipated high market volatility around market close. Please Note the,spam,2026-08-21T16:16:56+00:00
1a02605cd0a5c925,Design prompts fail on one missing noun,"👋 Hi there, welcome to the AI Central ➡️ Sign up here to the free-forever… ͏ ͏ ͏ ͏ ͏ ͏ ͏ ͏ ͏ ͏ ͏ ͏ ͏ ͏ ͏ ͏ ͏ ͏ ͏ ͏ ͏ ͏ ͏ ͏ ͏ ͏ ͏ ͏ ͏ ͏ ͏ ͏ ͏ ͏ ͏ ͏ ͏ ͏ ͏ ͏ ͏ ͏ ͏ ͏ ͏ ͏ ͏ ͏ ͏ ͏ ͏ ͏ ͏ ͏ ͏ ͏ ͏ ͏ ͏ ͏ ͏ ͏ ͏",ham,2026-08-21T20:31:49+00:00
1a025a66509bd873,Reminder of our Terms of Service and Privacy Policy,"Review Meta&#39;s Terms of Service, Privacy Policy, and AI Terms of Service as required by India&#39;s Information Technology Rules. ͏‌ ͏‌ ͏‌ ͏‌ ͏‌ ͏‌ ͏‌ ͏‌ ͏‌ ͏‌ ͏‌ ͏‌ ͏‌ ͏‌ ͏‌ ͏‌ ͏‌ ͏‌ ͏‌ ͏‌ ͏‌ ͏‌ ͏‌",ham,2026-08-21T18:47:23+00:00
1a025906276aca18,The AI Engineering Skills Map In Detail — Building and Deploying AI Applications,"Anthropic&#39;s Watermarks, Grok 4.6 Surges, Qwen&#39;s Open Weights, Better Corrections for Speech Recognition ͏ ͏ ͏ ͏ ͏ ͏ ͏ ͏ ͏ ͏ ͏ ͏ ͏ ͏ ͏ ͏ ͏ ͏ ͏ ͏ ͏ ͏ ͏ ͏ ͏ ͏ ͏ ͏ ͏ ͏ ͏ ͏ ͏ ͏ ͏ ͏ ͏ ͏ ͏ ͏ ͏ ͏ ͏ ͏ ͏",ham,2026-08-21T18:22:50+00:00
1a0256aaa509b3fa,Update for you: 1 new notification,A lot has happened on Facebook since you last logged in. Here are some notifications you&#39;ve missed from your friends. Khu Satani Notifications 1 new notification ‌ ‌ ‌ ‌ ‌ ‌ ‌ ‌ ‌ ‌ ‌ ‌ ‌ ‌ ‌ ‌ ‌ ‌,ham,2026-08-21T17:42:19+00:00
1a02561421ff3f74,"khusatani, see deysiortega4040, k9_kurdi and more in your feed","New people to discover Suggested accounts based on your interests: deysiortega4040, k9_kurdi, and 4 others. Open Instagram Suggested for you See all Jason Derek deysiortega4040 View profile سەگی کوردی",ham,2026-08-21T17:31:58+00:00
1a025452a73cd67a,Here's what separates Claude users vs. Claude architects,3 calls that decide whether your Claude system survives production. ͏ ͏ ͏ ͏ ͏ ͏ ͏ ͏ ͏ ͏ ͏ ͏ ͏ ͏ ͏ ͏ ͏ ͏ ͏ ͏ ͏ ͏ ͏ ͏ ͏ ͏ ͏ ͏ ͏ ͏ ͏ ͏ ͏ ͏ ͏ ͏ ͏ ͏ ͏ ͏ ͏ ͏ ͏ ͏ ͏ ͏ ͏ ͏ ͏ ͏ ͏ ͏ ͏ ͏ ͏ ͏ ͏ ͏ ͏ ͏ ͏ ͏ ͏ ͏ ͏ ͏ ͏,ham,2026-08-21T17:01:23+00:00
1a02523fbf774fa8,Connect your tools,Keep work moving from edit to review. ﻿͏ ﻿͏ ﻿͏ ﻿͏ ﻿͏ ﻿͏ ﻿͏ ﻿͏ ﻿͏ ﻿͏ ﻿͏ ﻿͏ ﻿͏ ﻿͏ ﻿͏ ﻿͏ ﻿͏ ﻿͏ ﻿͏ ﻿͏ ﻿͏ ﻿͏ ﻿͏ ﻿͏ ﻿͏ ﻿͏ ﻿͏ ﻿͏ ﻿͏ ﻿͏ ﻿͏ ﻿͏ ﻿͏ ﻿͏ ﻿͏ ﻿͏ ﻿͏ ﻿͏ ﻿͏ ﻿͏ ﻿͏ ﻿͏ ﻿͏ ﻿͏ ﻿͏ ﻿͏ ﻿͏ ﻿͏ ﻿͏ ﻿͏ ﻿͏ ﻿͏ ﻿͏ ﻿͏ ﻿,ham,2026-08-21T16:25:09+00:00
1a02523d4b4fef34,"Hi, I am a Hindu brahman girl and since childhood been very religious and did a lot of...","Hi, I am a Hindu brahman girl and since childhood been very religious and did a lot of puja path (might have helped somehow subconsciously) but last year I went to vippassana and since then I … Top",spam,2026-08-21T16:24:59+00:00
1a024f9f8a890b7f,"Active traders fall 20%, PMS’ AUM and client base rise in July, & more - Groww Digest",All you need to know about the day ‌ ‌ ‌ ‌ ‌ ‌ ‌ ‌ ‌ ‌ ‌ ‌ ‌ ‌ ‌ ‌ ‌ ‌ ‌ ‌ ‌ ‌ ‌ ‌ ‌ ‌ ‌ ‌ ‌ ‌ ‌ ‌ ‌ ‌ ‌ ‌ ‌ ‌ ‌ ‌ ‌ ‌ ‌ ‌ ‌ ‌ ‌ ‌ ‌ ‌ Groww Digest 21 August 2026 Sensex 77540.83 ▲ 0.00% Nifty 24252.00,ham,2026-08-21T15:39:15+00:00
1a024abe14ed4f80,NSE - Public issue - Bidding information,"Dear TGMXXXXX5C, With reference to SEBI circular ref no.CIR/CFD/POLICYCELL/11/2015 dated November 10, 2015, the SMS and email alerts facility has been provided for ease and convenience of the investors",ham,2026-08-21T14:13:57+00:00
1a024834a1a8543f,Anthropic wants the biggest IPO ever,"Welcome back! Today: a $2 trillion number nobody will confirm, 100 billion new… ͏ ͏ ͏ ͏ ͏ ͏ ͏ ͏ ͏ ͏ ͏ ͏ ͏ ͏ ͏ ͏ ͏ ͏ ͏ ͏ ͏ ͏ ͏ ͏ ͏ ͏ ͏ ͏ ͏ ͏ ͏ ͏ ͏ ͏ ͏ ͏ ͏ ͏ ͏ ͏ ͏ ͏ ͏ ͏ ͏ ͏ ͏ ͏ ͏ ͏ ͏ ͏ ͏ ͏ ͏ ͏ ͏ ͏ ͏ ͏ ͏",ham,2026-08-21T13:29:38+00:00
1a02448e83feee7a,Production Ready Enterprise AI agent; AI Coding Agent Harness.,Most projects hit the same wall: The demo works. Production doesn&#39;t. A team… ͏ ͏ ͏ ͏ ͏ ͏ ͏ ͏ ͏ ͏ ͏ ͏ ͏ ͏ ͏ ͏ ͏ ͏ ͏ ͏ ͏ ͏ ͏ ͏ ͏ ͏ ͏ ͏ ͏ ͏ ͏ ͏ ͏ ͏ ͏ ͏ ͏ ͏ ͏ ͏ ͏ ͏ ͏ ͏ ͏ ͏ ͏ ͏ ͏ ͏ ͏ ͏ ͏ ͏ ͏ ͏ ͏ ͏ ͏ ͏,ham,2026-08-21T12:25:52+00:00
1a023eff70598b8a,Secure AI Coding Assistants Before Risk Reaches Production,AI lets teams ship code faster than ever. The same acceleration applies to… ͏ ͏ ͏ ͏ ͏ ͏ ͏ ͏ ͏ ͏ ͏ ͏ ͏ ͏ ͏ ͏ ͏ ͏ ͏ ͏ ͏ ͏ ͏ ͏ ͏ ͏ ͏ ͏ ͏ ͏ ͏ ͏ ͏ ͏ ͏ ͏ ͏ ͏ ͏ ͏ ͏ ͏ ͏ ͏ ͏ ͏ ͏ ͏ ͏ ͏ ͏ ͏ ͏ ͏ ͏ ͏ ͏ ͏ ͏ ͏ ͏ ͏ ͏,ham,2026-08-21T10:48:43+00:00
1a0237b055788892,"khushal, Jobs with no degree requirement and salary upto Rs 25,000 per month. Apply now!",Fresh roles are filling fast — check and apply now! naukri.com Get app Jobs that are hiring right now No experience. No degree. Just apply. Work from Home/ Remote View jobs Data Entry/Back Office View,ham,2026-08-21T08:40:49+00:00
1a0235a066203975,Don’t miss conversations in JavaScript,View recommended posts from JavaScript ͏ ͏ ͏ ͏ ͏ ͏ ͏ ͏ ͏ ͏ ͏ ͏ ͏ ͏ ͏ ͏ ͏ ͏ ͏ ͏ ͏ ͏ ͏ ͏ ͏ ͏ ͏ ͏ ͏ ͏ ͏ ͏ ͏ ͏ ͏ ͏ ͏ ͏ ͏ ͏ ͏ ͏ ͏ ͏ ͏ ͏ ͏ ͏ ͏ ͏ ͏ ͏ ͏ ͏ ͏ ͏ ͏ ͏ ͏ ͏ ͏ ͏ ͏ ͏ ͏ ͏ ͏ ͏ ͏ ͏ ͏ ͏ ͏ ͏ ͏ ͏ ͏ ͏ ͏ ͏ ͏,ham,2026-08-21T08:04:57+00:00
1a0234dd9e5edf10,I have an offer from TCS 28 LPA and from HSBC 32 LPA. Where should I join?,First let me congratulate you for having these offers. Let me give insight about TCS so you it will help you to decide whether to join TCS or HSBC. 1. Notice Period - TCS has 3 months of notic… Top,spam,2026-08-21T07:51:39+00:00
1a02342d3765dd28,"khushal, Gaja Alternative closes today",3 hours left. Gaja Alternative · 7.48× subscribed. Bidding closes at 5:00 PM. ‌ ‌ ‌ ‌ ‌ ‌ ‌ ‌ ‌ ‌ α THE IPO DESK CLOSES TODAY Hi khushal — 3 hours left. Bidding for 1 Mainboard IPO closes at 5:00 PM.,ham,2026-08-21T07:39:35+00:00
1a0230b68675b505,Level up your docs with visuals,Do it easily with Canva Docs ͏ ‌ ﻿ ͏ ‌ ﻿ ͏ ‌ ﻿ ͏ ‌ ﻿ ͏ ‌ ﻿ ͏ ‌ ﻿ ͏ ‌ ﻿ ͏ ‌ ﻿ ͏ ‌ ﻿ ͏ ‌ ﻿ ͏ ‌ ﻿ ͏ ‌ ﻿ ͏ ‌ ﻿ ͏ ‌ ﻿ ͏ ‌ ﻿ ͏ ‌ ﻿ ͏ ‌ ﻿ ͏ ‌ ﻿ ͏ ‌ ﻿ ͏ ‌ ﻿ ͏ ‌ ﻿ ͏ ‌ ﻿ ͏ ‌ ﻿ ͏ ‌ ﻿ ͏ ‌ ﻿ ͏ ‌ ﻿ ͏ ‌ ﻿ ͏ ‌ ﻿ ͏ ‌,ham,2026-08-21T06:39:04+00:00
1a022e1082d9bcbc,Here's everything new on Groww,The latest updates have arrived ‌ ‌ ‌ ‌ ‌ ‌ ‌ ‌ ‌ ‌ ‌ ‌ ‌ ‌ ‌ ‌ ‌ ‌ ‌ ‌ ‌ ‌ ‌ ‌ ‌ ‌ ‌ ‌ ‌ ‌ ‌ ‌ ‌ ‌ ‌ ‌ ‌ ‌ ‌ ‌ ‌ ‌ ‌ ‌ ‌ ‌ ‌ ‌ ‌ ‌ Super fresh on Groww this month Here&#39;s everything we designed to,ham,2026-08-21T05:52:47+00:00
1a022ba7757f1ff8,Meet your always-on AI agent in Gemini,Your Google AI Pro plan gives you access ͏ ͏ ͏ ͏ ͏ ͏ ͏ ͏ ͏ ͏ ͏ ͏ ͏ ͏ ͏ ͏ ͏ ͏ ͏ ͏ ͏ ͏ ͏ ͏ ͏ ͏ ͏ ͏ ͏ ͏ ͏ ͏ ͏ ͏ ͏ ͏ ͏ ͏ ͏ ͏ ͏ ͏ ͏ ͏ ͏ ͏ ͏ ͏ ͏ ͏ ͏ ͏ ͏ ͏ ͏ ͏ ͏ ͏ ͏ ͏ ͏ ͏ ͏ ͏ ͏ ͏ ͏ ͏ ͏ ͏ ͏ ͏ ͏ ͏ ͏ ͏ ͏ ͏ ͏ ͏,ham,2026-08-21T05:10:39+00:00
1a02281a143f02c7,Your Personalized Developer News from NVIDIA,Read the latest tutorials and news curated for you. ‌ ‌ ‌ ‌ ‌ ‌ ‌ ‌ ‌ ‌ ‌ ‌ ‌ ‌ ‌ ‌ ‌ ‌ ‌ ‌ ‌ ‌ ‌ ‌ ‌ ‌ ‌ ‌ ‌ ‌ ‌ ‌ ‌ ‌ ‌ ‌ ‌ ‌ ‌ ‌ ‌ ‌ ‌ ‌ ‌ ‌ ‌ ‌ ‌ ‌ ‌ ‌ ‌ ‌ ‌ ‌ ‌ ‌ ‌ ‌ ‌ ‌ ‌ ‌ ‌ ‌ ‌ ‌ ‌ ‌ ‌ ‌ ‌ ‌ ‌,ham,2026-08-21T04:08:35+00:00
1a022690c92cd585,Lalithaa Jewellery Mart Limited - IPO - Allotment Advice cum Unblocking Intimation,"Dear Investor, Greetings!! This is with reference to the application made by you in the initial public offering Lalithaa Jewellery Mart Limited - IPO (&quot;Company&quot; or &quot;Issuer&quot;). Please",ham,2026-08-21T03:41:44+00:00
1a0225633ba8b434,AI/ML Engineer at Invi Grid Inc.,Invi Grid Inc. AI/ML Engineer: Join Invi Grid to help build a game-changing… ͏ ͏ ͏ ͏ ͏ ͏ ͏ ͏ ͏ ͏ ͏ ͏ ͏ ͏ ͏ ͏ ͏ ͏ ͏ ͏ ͏ ͏ ͏ ͏ ͏ ͏ ͏ ͏ ͏ ͏ ͏ ͏ ͏ ͏ ͏ ͏ ͏ ͏ ͏ ͏ ͏ ͏ ͏ ͏ ͏ ͏ ͏ ͏ ͏ ͏ ͏ ͏ ͏ ͏ ͏ ͏ ͏ ͏ ͏ ͏ ͏ ͏,ham,2026-08-21T03:21:09+00:00
1a021f9a5ed49255,Why are lobsters boiled alive? | Giuseppe Frisella,Khushalsatani Stories for Khushalsatani @khushalsatani009·Become a member Medium daily digest Today&#39;s highlights Giuseppe Frisella Giuseppe Frisella Why are lobsters boiled alive? Why are lobsters,ham,2026-08-21T01:40:00+00:00
1a021d6236e66d31,AI that you can actually use,Explore your options with Databricks ‍͏ ͏ ‍͏ ͏ ‍͏ ͏ ‍͏ ͏ ‍͏ ͏ ‍͏ ͏ ‍͏ ͏ ‍͏ ͏ ‍͏ ͏ ‍͏ ͏ ‍͏ ͏ ‍͏ ͏ ‍͏ ͏ ‍͏ ͏ ‍͏ ͏ ‍͏ ͏ ‍͏ ͏ ‍͏ ͏ ‍͏ ͏ ‍͏ ͏ ‍͏ ͏ ‍͏ ͏ ‍͏ ͏ ‍͏ ͏ ‍͏ ͏ ‍͏ ͏ ‍͏ ͏ ‍͏ ͏ ‍͏ ͏ ‍͏ ͏ ‍͏ ͏ ‍͏ ͏ ‍͏ ͏,ham,2026-08-21T01:01:14+00:00
1a020f17a91d3d6d,Take 40% off the new GoCharting,"CME futures depth, real-time US quotes, free MCX, prediction markets. 40% off annual. ‌ ‌ ‌ ‌ ‌ ‌ ‌ ‌ ‌ ‌ ‌ ‌ GoCharting A new GoCharting - and 40% off all of it We have shipped a great deal this year:",ham,2026-08-20T20:51:31+00:00
1a020deda2292f76,AI does not discover you. It picks from what already ranks,"👋 Hi there, welcome to the AI Central ➡️ Sign up here to the free-forever… ͏ ͏ ͏ ͏ ͏ ͏ ͏ ͏ ͏ ͏ ͏ ͏ ͏ ͏ ͏ ͏ ͏ ͏ ͏ ͏ ͏ ͏ ͏ ͏ ͏ ͏ ͏ ͏ ͏ ͏ ͏ ͏ ͏ ͏ ͏ ͏ ͏ ͏ ͏ ͏ ͏ ͏ ͏ ͏ ͏ ͏ ͏ ͏ ͏ ͏ ͏ ͏ ͏ ͏ ͏ ͏ ͏ ͏ ͏ ͏ ͏ ͏ ͏",ham,2026-08-20T20:31:10+00:00
1a020c0b6fea4f33,Event: Odoo x LDCE Ahmedabad Hackathon '26,"Hello participant, Get ready for the Odoo x LDCE Ahmedabad Hackathon &#39;26 — Virtual Round! 1) Follow the timeline (mandatory) Please follow the timeline displayed on your hackathon screen. You can",ham,2026-08-20T19:58:13+00:00
1a02016489de6f93,Newly updated course: AI skills for higher education,Facilitate inclusive learning with AI tools. ‌ ‌ ‌ ‌ ‌ ‌ ‌ ‌ ‌ ‌ ‌ ‌ ‌ ‌ ‌ ‌ ‌ ‌ ‌ ‌ ‌ ‌ ‌ ‌ ‌ ‌ ‌ ‌ ‌ ‌ ‌ ‌ ‌ ‌ ‌ ‌ ‌ ‌ ‌ ‌ ‌ ‌ ‌ ‌ ‌ ‌ ‌ ‌ ‌ ‌ ‌ ‌ ‌ ‌ ‌ ‌ ‌ ‌ ‌ ‌ ‌ ‌ ‌ ‌ ‌ ‌ ‌ ‌ ‌ ‌ ‌ ‌ ‌ ‌ ‌ ‌ ‌ ‌,ham,2026-08-20T16:48:00+00:00
1a0200bfbb015bdf,Day Zero at WeAreDevelopers World Congress is for building,"September 23 is workshop day at WeAreDevelopers, co-hosted by Docker. Bring your laptop. Docker x WAD docker run docker/next Talks are great. Coding is better. Join Docker at WeAreDevelopers World",ham,2026-08-20T16:40:49+00:00
1a02000c55510d73,Complete Your Application – Yuva Yodha Energy Tech Hackathon by Schneider Electric,"Hi khushal satani, You have started your application for Yuva Yodha Energy Tech Hackathon by Schneider Electric. Join innovators, engineers, designers, and problem-solvers from across India to develop",ham,2026-08-20T16:28:35+00:00
1a020000e1dc7e4a,You shared some Google Account data with Younoodle,Keep track of your Google Account data khushalsatani009@gmail.com You&#39;re receiving this email because you used Sign in with Google to sign in to Younoodle on 20 August at 21:57. This email,ham,2026-08-20T16:27:49+00:00
1a01ffefed3f886b,Why is TCS sending offer letters without an interview?,"Because due to WFH ,the exisiting employees who have experience of 4+ years are resigning and switching to other companies for hike . The attrition rate is 15 % which,means 15 people out of 100… Top",spam,2026-08-20T16:26:39+00:00
1a01ffcc221e08e2,This might change how you work every day,Mounted Storage and Frame.io Drive are ready for you. ﻿͏ ﻿͏ ﻿͏ ﻿͏ ﻿͏ ﻿͏ ﻿͏ ﻿͏ ﻿͏ ﻿͏ ﻿͏ ﻿͏ ﻿͏ ﻿͏ ﻿͏ ﻿͏ ﻿͏ ﻿͏ ﻿͏ ﻿͏ ﻿͏ ﻿͏ ﻿͏ ﻿͏ ﻿͏ ﻿͏ ﻿͏ ﻿͏ ﻿͏ ﻿͏ ﻿͏ ﻿͏ ﻿͏ ﻿͏ ﻿͏ ﻿͏ ﻿͏ ﻿͏ ﻿͏ ﻿͏ ﻿͏ ﻿͏ ﻿͏ ﻿͏ ﻿͏ ﻿͏ ﻿͏ ﻿͏ ﻿͏,ham,2026-08-20T16:24:12+00:00
1a01ff9c11be7d2e,"LIC gets approval to raise stake in HDFC Bank, SEBI bars 2 entities for CAS manipulation, & more - Groww Digest",All you need to know about the day ‌ ‌ ‌ ‌ ‌ ‌ ‌ ‌ ‌ ‌ ‌ ‌ ‌ ‌ ‌ ‌ ‌ ‌ ‌ ‌ ‌ ‌ ‌ ‌ ‌ ‌ ‌ ‌ ‌ ‌ ‌ ‌ ‌ ‌ ‌ ‌ ‌ ‌ ‌ ‌ ‌ ‌ ‌ ‌ ‌ ‌ ‌ ‌ ‌ ‌ Groww Digest 20 August 2026 Sensex 77537.72 ▲ 0.82% Nifty 24231.85,ham,2026-08-20T16:20:55+00:00
1a01f8187c3ec8cd,AI Chat for Search has been officially discontinued — Thank you,"All data has been deleted. Thank you for being with us. ‌ ‌ ‌ ‌ ‌ ‌ ‌ ‌ AI Chat for Search AI Chat for Search has been officially discontinued Dear User, As of today, AI Chat for Search has been",spam,2026-08-20T02:57:36+00:00
1a01f7dee6b41cbd,🚨He Turned $100K Into $6M,John Henderson explains why his biggest years came from a few trades that mattered. ͏ ͏ ͏ ͏ ͏ ͏ ͏ ͏ ͏ ͏ ͏ ͏ ͏ ͏ ͏ ͏ ͏ ͏ ͏ ͏ ͏ ͏ ͏ ͏ ͏ ͏ ͏ ͏ ͏ ͏ ͏ ͏ ͏ ͏ ͏ ͏ ͏ ͏ ͏ ͏ ͏ ͏ ͏ ͏ ͏ ͏ ͏ ͏ ͏ ͏ ͏ ͏ ͏ ͏ ͏ ͏ ͏ ͏ ͏,ham,2026-08-20T14:05:40+00:00
1a01f38c26d2086d,Scaling quantum with modular cooling,"Historically, quantum computers have been housed in isolated, cylindrical… ͏ ͏ ͏ ͏ ͏ ͏ ͏ ͏ ͏ ͏ ͏ ͏ ͏ ͏ ͏ ͏ ͏ ͏ ͏ ͏ ͏ ͏ ͏ ͏ ͏ ͏ ͏ ͏ ͏ ͏ ͏ ͏ ͏ ͏ ͏ ͏ ͏ ͏ ͏ ͏ ͏ ͏ ͏ ͏ ͏ ͏ ͏ ͏ ͏ ͏ ͏ ͏ ͏ ͏ ͏ ͏ ͏ ͏ ͏ ͏ ͏ ͏ ͏",ham,2026-08-20T12:50:08+00:00
1a01f1c338845bd8,"Augmont Enterprises IPO, now open to pre-apply","Check complete details of the IPO ‌ ‌ ‌ ‌ ‌ ‌ ‌ ‌ ‌ ‌ ‌ ‌ ‌ ‌ ‌ ‌ ‌ ‌ ‌ ‌ ‌ ‌ ‌ ‌ ‌ ‌ ‌ ‌ ‌ ‌ ‌ ‌ ‌ ‌ ‌ ‌ ‌ ‌ ‌ ‌ ‌ ‌ ‌ ‌ ‌ ‌ ‌ ‌ ‌ ‌ Augmont Enterprises IPO Pre-apply, now open It is an gold and",ham,2026-08-20T12:18:56+00:00
1a01f0f747c5c06e,Could Smart Technology Transform Your Kitchen?,What if you could reduce costs while improving efficiency and customer… ͏ ͏ ͏ ͏ ͏ ͏ ͏ ͏ ͏ ͏ ͏ ͏ ͏ ͏ ͏ ͏ ͏ ͏ ͏ ͏ ͏ ͏ ͏ ͏ ͏ ͏ ͏ ͏ ͏ ͏ ͏ ͏ ͏ ͏ ͏ ͏ ͏ ͏ ͏ ͏ ͏ ͏ ͏ ͏ ͏ ͏ ͏ ͏ ͏ ͏ ͏ ͏ ͏ ͏ ͏ ͏ ͏ ͏ ͏ ͏ ͏ ͏ ͏ ͏ ͏,ham,2026-08-20T12:05:01+00:00
1a01f01bb49bbfae,Stripe paid OpenRouter $8B for what most AI engineers never learn,"Hi Khu, Stripe just made the biggest acquisition in its history. And it did not buy an AI model. It did not buy a GPU company. It did not buy the team building the next Claude, GPT, or Gemini. It",ham,2026-08-20T11:50:00+00:00
1a01ef9e45238106,Stripe paid OpenRouter $8B for what most AI engineers never learn,"Hi Khu, Stripe just made the biggest acquisition in its history. And it did not buy an AI model. It did not buy a GPU company. It did not buy the team building the next Claude, GPT, or Gemini. It",ham,2026-08-20T11:41:27+00:00
1a01e9230b8c15eb,Last Chance To Register: AI x Testing Bootcamp by BrowserStack This Saturday,"Hi there, This is your last chance to register for the AI x Testing Bootcamp by BrowserStack ,… AI X Testing Bootcamp By BrowserStack Aug 22, 9:30 AM GMT+5:30 · Aziro (formerly MSys Technologies) Last",ham,2026-08-20T09:48:11+00:00
1a01e820a2b936b6,Post-Merger ERP Integration: Why ReBAC Mapping Comes First,"When two manufacturers merge their ERP estates, the access control work almost… ͏ ͏ ͏ ͏ ͏ ͏ ͏ ͏ ͏ ͏ ͏ ͏ ͏ ͏ ͏ ͏ ͏ ͏ ͏ ͏ ͏ ͏ ͏ ͏ ͏ ͏ ͏ ͏ ͏ ͏ ͏ ͏ ͏ ͏ ͏ ͏ ͏ ͏ ͏ ͏ ͏ ͏ ͏ ͏ ͏ ͏ ͏ ͏ ͏ ͏ ͏ ͏ ͏ ͏ ͏ ͏ ͏ ͏ ͏ ͏ ͏",ham,2026-08-20T09:30:34+00:00
1a01e81dd543320b,8 signs of WEAK men,"1. He can&#39;t sit alone for 5 min Man in this generation can&#39;t sit alone in a room, For just 5 minutes because of distractions. They need constant dopamine hits, To feel good and never want to …",spam,2026-08-20T09:30:20+00:00
1a01e492553a042f,The holiday side project that became the world's favorite language,"By Thomas Thorsell-Arntsen In December 1989, a Dutch programmer named Guido van… ͏ ͏ ͏ ͏ ͏ ͏ ͏ ͏ ͏ ͏ ͏ ͏ ͏ ͏ ͏ ͏ ͏ ͏ ͏ ͏ ͏ ͏ ͏ ͏ ͏ ͏ ͏ ͏ ͏ ͏ ͏ ͏ ͏ ͏ ͏ ͏ ͏ ͏ ͏ ͏ ͏ ͏ ͏ ͏ ͏ ͏ ͏ ͏ ͏ ͏ ͏ ͏ ͏ ͏ ͏ ͏ ͏ ͏ ͏ ͏",ham,2026-08-20T08:28:25+00:00
1a01e3ad2cba35f7,Your Profile is not visible to recruiters,Your Profile is not active yet. You will not be able to apply to jobs and recruiters will not be able to contact you. Add missing details in your profile and become visible to recruiters now! naukri.,ham,2026-08-20T08:12:37+00:00
1a01e33aaeb0d6a0,Invi Grid Inc. is hiring for a AI/ML role,Discover roles that match your interests ͏ ͏ ͏ ͏ ͏ ͏ ͏ ͏ ͏ ͏ ͏ ͏ ͏ ͏ ͏ ͏ ͏ ͏ ͏ ͏ ͏ ͏ ͏ ͏ ͏ ͏ ͏ ͏ ͏ ͏ ͏ ͏ ͏ ͏ ͏ ͏ ͏ ͏ ͏ ͏ ͏ ͏ ͏ ͏ ͏ ͏ ͏ ͏ ͏ ͏ ͏ ͏ ͏ ͏ ͏ ͏ ͏ ͏ ͏ ͏ ͏ ͏ ͏ ͏ ͏ ͏ ͏ ͏ ͏ ͏ ͏ ͏ ͏ ͏ ͏ ͏ ͏ ͏ ͏ ͏,ham,2026-08-20T08:04:57+00:00
1a01e33a8f3f8668,Don’t miss conversations in Information Technology (IT) Professionals 🟥,View recommended posts from Information Technology (IT) Professionals 🟥 ͏ ͏ ͏ ͏ ͏ ͏ ͏ ͏ ͏ ͏ ͏ ͏ ͏ ͏ ͏ ͏ ͏ ͏ ͏ ͏ ͏ ͏ ͏ ͏ ͏ ͏ ͏ ͏ ͏ ͏ ͏ ͏ ͏ ͏ ͏ ͏ ͏ ͏ ͏ ͏ ͏ ͏ ͏ ͏ ͏ ͏ ͏ ͏ ͏ ͏ ͏ ͏ ͏ ͏ ͏ ͏ ͏ ͏ ͏ ͏ ͏ ͏ ͏ ͏ ͏,ham,2026-08-20T08:04:56+00:00
1a01e1c988260db5,"khushal, 2 IPOs close today at 5:00 PM",3 hours left. Sunshine Pictures · 45.13× subscribed. Shankesh Jewellers · 1.44× subscribed. Bidding closes at 5:00 PM. ‌ ‌ ‌ ‌ ‌ ‌ ‌ ‌ ‌ ‌ α THE IPO DESK CLOSES TODAY Hi khushal — 3 hours left. Bidding,ham,2026-08-20T07:39:44+00:00
1a01e1462d46498c,Tired of confusing AI buzzwords? Here is a simple breakdown.,"Get a clear, beginner-friendly path to building smart digital assistants ͏ ‌ ﻿ ͏ ‌ ﻿ ͏ ‌ ﻿ ͏ ‌ ﻿ ͏ ‌ ﻿ ͏ ‌ ﻿ ͏ ‌ ﻿ ͏ ‌ ﻿ ͏ ‌ ﻿ ͏ ‌ ﻿ ͏ ‌ ﻿ ͏ ‌ ﻿ ͏ ‌ ﻿ ͏ ‌ ﻿ ͏ ‌ ﻿ ͏ ‌ ﻿ ͏ ‌ ﻿ ͏ ‌ ﻿ ͏ ‌ ﻿ ͏ ‌ ﻿ ͏ ‌ ﻿ ͏",ham,2026-08-20T07:30:19+00:00
1a01d2fd3296c527,Machine Learning Engineer(Remote and contract) at TechLeno Pvt. Ltd,TechLeno Pvt. Ltd Machine Learning Engineer(Remote and contract): Machine Learning EngineerExperience:5-8… ͏ ͏ ͏ ͏ ͏ ͏ ͏ ͏ ͏ ͏ ͏ ͏ ͏ ͏ ͏ ͏ ͏ ͏ ͏ ͏ ͏ ͏ ͏ ͏ ͏ ͏ ͏ ͏ ͏ ͏ ͏ ͏ ͏ ͏ ͏ ͏ ͏ ͏ ͏ ͏ ͏ ͏ ͏ ͏ ͏ ͏ ͏,ham,2026-08-20T03:21:08+00:00
1a01cd340285d60c,Carl Jung Warned: There Are Only Four Things to Worry About In Life | Andy Murphy,Khushalsatani Stories for Khushalsatani @khushalsatani009·Become a member Medium daily digest Today&#39;s highlights Andy Murphy Andy Murphy Carl Jung Warned: There Are Only Four Things to Worry About,ham,2026-08-20T01:40:00+00:00
1a01cbceef617125,"Small bugs, big breakthroughs","What do humans and cows have in common? Among other things, we&#39;re both victims… ͏ ͏ ͏ ͏ ͏ ͏ ͏ ͏ ͏ ͏ ͏ ͏ ͏ ͏ ͏ ͏ ͏ ͏ ͏ ͏ ͏ ͏ ͏ ͏ ͏ ͏ ͏ ͏ ͏ ͏ ͏ ͏ ͏ ͏ ͏ ͏ ͏ ͏ ͏ ͏ ͏ ͏ ͏ ͏ ͏ ͏ ͏ ͏ ͏ ͏ ͏ ͏ ͏ ͏ ͏ ͏ ͏ ͏ ͏",ham,2026-08-20T01:15:38+00:00
1a01bbb8be828dcc,"Build one agent, not seven","👋 Hi there, welcome to the AI Central ➡️ Sign up here to the free-forever… ͏ ͏ ͏ ͏ ͏ ͏ ͏ ͏ ͏ ͏ ͏ ͏ ͏ ͏ ͏ ͏ ͏ ͏ ͏ ͏ ͏ ͏ ͏ ͏ ͏ ͏ ͏ ͏ ͏ ͏ ͏ ͏ ͏ ͏ ͏ ͏ ͏ ͏ ͏ ͏ ͏ ͏ ͏ ͏ ͏ ͏ ͏ ͏ ͏ ͏ ͏ ͏ ͏ ͏ ͏ ͏ ͏ ͏ ͏ ͏ ͏ ͏ ͏",ham,2026-08-19T20:34:30+00:00
1a01ba37344bf51b,Grok 4.6 and Gemini 3.7 now in Cosmos,Discover faster reasoning and improved coding performance with our latest model additions. ͏ ͏ ͏ ͏ ͏ ͏ ͏ ͏ ͏ ͏ ͏ ͏ ͏ ͏ ͏ ͏ ͏ ͏ ͏ ͏ ͏ ͏ ͏ ͏ ͏ ͏ ͏ ͏ ͏ ͏ ͏ ͏ ͏ ͏ ͏ ͏ ͏ ͏ ͏ ͏ ͏ ͏ ͏ ͏ ͏ ͏ ͏ ͏ ͏ ͏ ͏ ͏ ͏ ͏ ͏,spam,2026-08-19T20:08:08+00:00
1a01b5e3337fa592,"khushal, build new skills and unlock more career opportunities",Explore our new top courses and programs! ‌ ‌ ‌ ‌ ‌ ‌ ‌ ‌ ‌ ‌ ‌ ‌ ‌ ‌ ‌ ‌ ‌ ‌ ‌ ‌ ‌ ‌ ‌ ‌ ‌ ‌ ‌ ‌ ‌ ‌ ‌ ‌ ‌ ‌ ‌ ‌ ‌ ‌ ‌ ‌ ‌ ‌ ‌ ‌ ‌ ‌ ‌ ‌ ‌ ‌ ‌ ‌ ‌ ‌ ‌ ‌ ‌ ‌ ‌ ‌ ‌ ‌ ‌ ‌ ‌ ‌ ‌ ‌ ‌ ‌ ‌ ‌ ‌ ‌ ‌ ‌ ‌ ‌ ‌ ‌,ham,2026-08-19T18:52:31+00:00
1a01b00bbf63cc78,Request #29044871: How would you rate the support you received?,"## In replies all text above this line is added to the ticket ## Hello unified_acct_US0def72adae5903e50648413bee2ae504, We&#39;d love to hear what you think of our customer support on this ticket.",ham,2026-08-19T17:10:27+00:00
1a01aeccc4967016,"Crude oil imports up 41%,  Shiprocket's 35% listing gains, & more - Groww Digest",All you need to know about the day ‌ ‌ ‌ ‌ ‌ ‌ ‌ ‌ ‌ ‌ ‌ ‌ ‌ ‌ ‌ ‌ ‌ ‌ ‌ ‌ ‌ ‌ ‌ ‌ ‌ ‌ ‌ ‌ ‌ ‌ ‌ ‌ ‌ ‌ ‌ ‌ ‌ ‌ ‌ ‌ ‌ ‌ ‌ ‌ ‌ ‌ ‌ ‌ ‌ ‌ Groww Digest 19 August 2026 Sensex 76909.68 ▼ 0.42% Nifty 24078.30,ham,2026-08-19T16:48:40+00:00
1a01ad53e86d7cb6,I am 53yrs married woman with two major sons studying in Universities. My husband is a...,I am 53yrs married woman with two major sons studying in Universities. My husband is an NRI. We have been married for exactly 25years. We both are of same age . I was raised in Mumbai whereas … Top,spam,2026-08-19T16:22:57+00:00
1a01aa5ede131b77,Your free plan got better: 10 runs a day,"Your free plan got better. When you last used CodeGPT, running out of credits meant you were done. That&#39;s changed: the free plan now includes 10 agent runs every day. They reset each midnight, no",ham,2026-08-19T15:31:15+00:00
1a01a7c82a07ab9b,Reminder: Information Technology Rules,You are receiving a transactional email message from LinkedIn as required by law. ͏ ͏ ͏ ͏ ͏ ͏ ͏ ͏ ͏ ͏ ͏ ͏ ͏ ͏ ͏ ͏ ͏ ͏ ͏ ͏ ͏ ͏ ͏ ͏ ͏ ͏ ͏ ͏ ͏ ͏ ͏ ͏ ͏ ͏ ͏ ͏ ͏ ͏ ͏ ͏ ͏ ͏ ͏ ͏ ͏ ͏ ͏ ͏ ͏ ͏ ͏ ͏ ͏ ͏ ͏ ͏ ͏ ͏ ͏ ͏,ham,2026-08-19T14:46:02+00:00
1a01a730e373363c,NSE - Public issue - Bidding information,"Dear TGMXXXXX5C, With reference to SEBI circular ref no.CIR/CFD/POLICYCELL/11/2015 dated November 10, 2015, the SMS and email alerts facility has been provided for ease and convenience of the investors",ham,2026-08-19T14:35:42+00:00
1a01a567011752b1,The Factory Manager’s Biggest Enemy,The Factory Manager&#39;s Biggest Enemy Isn&#39;t Always Downtime. It&#39;s Waiting… ͏ ͏ ͏ ͏ ͏ ͏ ͏ ͏ ͏ ͏ ͏ ͏ ͏ ͏ ͏ ͏ ͏ ͏ ͏ ͏ ͏ ͏ ͏ ͏ ͏ ͏ ͏ ͏ ͏ ͏ ͏ ͏ ͏ ͏ ͏ ͏ ͏ ͏ ͏ ͏ ͏ ͏ ͏ ͏ ͏ ͏ ͏ ͏ ͏ ͏ ͏ ͏ ͏ ͏ ͏ ͏ ͏ ͏,ham,2026-08-19T14:04:27+00:00
1a01a356cce5e8d6,SpaceX’s Cursor just killed GitHub,"Welcome back! Today: Cursor launching a GitHub rival mid-outage, how few… ͏ ͏ ͏ ͏ ͏ ͏ ͏ ͏ ͏ ͏ ͏ ͏ ͏ ͏ ͏ ͏ ͏ ͏ ͏ ͏ ͏ ͏ ͏ ͏ ͏ ͏ ͏ ͏ ͏ ͏ ͏ ͏ ͏ ͏ ͏ ͏ ͏ ͏ ͏ ͏ ͏ ͏ ͏ ͏ ͏ ͏ ͏ ͏ ͏ ͏ ͏ ͏ ͏ ͏ ͏ ͏ ͏ ͏ ͏ ͏ ͏ ͏ ͏ ͏",ham,2026-08-19T13:28:23+00:00
1a01a0d9784bb76f,"Your coding agent said ""done."" It wasn't","98 seconds from Ayush on why that happens Hi khu, You ask your coding agent to build one thing: escalate angry customers to a human. It works for a bit. It tells you “done”. The escalation is handled.",ham,2026-08-19T12:44:52+00:00
1a01a0d44172b618,"Your coding agent said ""done."" It wasn't","98 seconds from Ayush on why that happens Hi khu, You ask your coding agent to build one thing: escalate angry customers to a human. It works for a bit. It tells you “done”. The escalation is handled.",ham,2026-08-19T12:44:31+00:00
1a019bad147088d9,Master Modern Incident Response with SANS FOR508,Learn the AI-powered workflows that complement advanced DFIR skills The most… ͏ ͏ ͏ ͏ ͏ ͏ ͏ ͏ ͏ ͏ ͏ ͏ ͏ ͏ ͏ ͏ ͏ ͏ ͏ ͏ ͏ ͏ ͏ ͏ ͏ ͏ ͏ ͏ ͏ ͏ ͏ ͏ ͏ ͏ ͏ ͏ ͏ ͏ ͏ ͏ ͏ ͏ ͏ ͏ ͏ ͏ ͏ ͏ ͏ ͏ ͏ ͏ ͏ ͏ ͏ ͏ ͏ ͏ ͏ ͏ ͏ ͏,ham,2026-08-19T11:14:28+00:00
1a019525c77a939c,"Hi, I am a 36 year old pregnant. Currently my spouse and myself are living in Bangalor...","Hi, I am a 36 year old pregnant. Currently my spouse and myself are living in Bangalore with a monthly income of 2L/m &amp; 25k/m(software tester) respectively. My husband is not interested in eit… Top",ham,2026-08-19T09:20:22+00:00
1a018f6215f161b2,"khushal, 2 IPOs close today at 5:00 PM",3 hours left. Lalithaa Jewellery · 13.45× subscribed. Horizon Industrial · 0.35× subscribed. Bidding closes at 5:00 PM. ‌ ‌ ‌ ‌ ‌ ‌ ‌ ‌ ‌ ‌ α THE IPO DESK CLOSES TODAY Hi khushal — 3 hours left.,ham,2026-08-19T07:39:38+00:00
1a018775a91c8968,Software Engineer at GoodSpace AI,GoodSpace AI Software Engineer: Job Title: Software EngineerExperience: 0–3… ͏ ͏ ͏ ͏ ͏ ͏ ͏ ͏ ͏ ͏ ͏ ͏ ͏ ͏ ͏ ͏ ͏ ͏ ͏ ͏ ͏ ͏ ͏ ͏ ͏ ͏ ͏ ͏ ͏ ͏ ͏ ͏ ͏ ͏ ͏ ͏ ͏ ͏ ͏ ͏ ͏ ͏ ͏ ͏ ͏ ͏ ͏ ͏ ͏ ͏ ͏ ͏ ͏ ͏ ͏ ͏ ͏ ͏ ͏ ͏ ͏ ͏,ham,2026-08-19T05:21:09+00:00
1a0186979e747327,IPOs to watch this week!,Stay updated with all IPO details ‌ ‌ ‌ ‌ ‌ ‌ ‌ ‌ ‌ ‌ ‌ ‌ ‌ ‌ ‌ ‌ ‌ ‌ ‌ ‌ ‌ ‌ ‌ ‌ ‌ ‌ ‌ ‌ ‌ ‌ ‌ ‌ ‌ ‌ ‌ ‌ ‌ ‌ ‌ ‌ ‌ ‌ ‌ ‌ ‌ ‌ ‌ ‌ ‌ ‌ IPOs open to apply Sunshine Pictures They are a media company,ham,2026-08-19T05:05:59+00:00
1a018097005c6205,Machine Learning Engineer at Flexiple,Flexiple Machine Learning Engineer: Machine Learning EngineerA US-headquartered… ͏ ͏ ͏ ͏ ͏ ͏ ͏ ͏ ͏ ͏ ͏ ͏ ͏ ͏ ͏ ͏ ͏ ͏ ͏ ͏ ͏ ͏ ͏ ͏ ͏ ͏ ͏ ͏ ͏ ͏ ͏ ͏ ͏ ͏ ͏ ͏ ͏ ͏ ͏ ͏ ͏ ͏ ͏ ͏ ͏ ͏ ͏ ͏ ͏ ͏ ͏ ͏ ͏ ͏ ͏ ͏ ͏ ͏ ͏ ͏,ham,2026-08-19T03:21:06+00:00
1a0444a0bfc57ab1,[khushal910/MailSentry] PR run failed: MailSentry Continuous Integration (CI) - Fix (8492300),[khushal910/MailSentry] MailSentry Continuous Integration (CI) workflow run MailSentry Continuous Integration (CI): Some jobs were not successful View workflow run Status Job Annotations MailSentry,ham,2026-08-27T17:34:57+00:00
1a044492c3dd3a05,Re: [khushal910/MailSentry] Fix (PR #80),"coderabbitai[bot] left a comment (khushal910/MailSentry#80) Note Currently processing new changes in this PR. This may take a few minutes, please wait... ⚙️ Run configuration Configuration used:",ham,2026-08-27T17:34:01+00:00
1a04449187c03f9c,Re: [khushal910/MailSentry] Fix (PR #80),vercel[bot] left a comment (khushal910/MailSentry#80) The latest updates on your projects. Learn more about Vercel for GitHub. Project Deployment Actions Updated (UTC) mailsentry Ready Ready Preview,ham,2026-08-27T17:33:56+00:00
1a044490e9641f23,Re: [khushal910/MailSentry] Fix (PR #80),"@Copilot commented on this pull request. Copilot was unable to review this pull request because the user who requested the review has reached their quota limit. — Reply to this email directly, view it",ham,2026-08-27T17:33:53+00:00
1a04410b24edd315,RTI REPLY :— CGL 2022 APPLIED — 33 Lakh APPEARED — 16 Lakh only VACANCY — 37000 Very l...,RTI REPLY :— CGL 2022 APPLIED — 33 Lakh APPEARED — 16 Lakh only VACANCY — 37000 Very low attendance considering the no. Of vacancy this time. Good chance of getting a job Work hard for Tier —2… Top,spam,2026-08-27T16:32:19+00:00
1a043f1570d77c5d,"Bajaj Finance’s Rs 5,000 crore NCDs, Hindalco’s 30,000-tonne aluminium plant, & more - Groww Digest",All you need to know about the day ‌ ‌ ‌ ‌ ‌ ‌ ‌ ‌ ‌ ‌ ‌ ‌ ‌ ‌ ‌ ‌ ‌ ‌ ‌ ‌ ‌ ‌ ‌ ‌ ‌ ‌ ‌ ‌ ‌ ‌ ‌ ‌ ‌ ‌ ‌ ‌ ‌ ‌ ‌ ‌ ‌ ‌ ‌ ‌ ‌ ‌ ‌ ‌ ‌ ‌ Groww Digest 27 August 2026 Sensex 76933.59 ▼ 0.70% Nifty 24090.85,ham,2026-08-27T15:58:04+00:00
1a0438c7602b86b6,🚨Making Money Is The Easy Part,Connor Bates explains why making money is only half the job. ͏ ͏ ͏ ͏ ͏ ͏ ͏ ͏ ͏ ͏ ͏ ͏ ͏ ͏ ͏ ͏ ͏ ͏ ͏ ͏ ͏ ͏ ͏ ͏ ͏ ͏ ͏ ͏ ͏ ͏ ͏ ͏ ͏ ͏ ͏ ͏ ͏ ͏ ͏ ͏ ͏ ͏ ͏ ͏ ͏ ͏ ͏ ͏ ͏ ͏ ͏ ͏ ͏ ͏ ͏ ͏ ͏ ͏ ͏ ͏ ͏ ͏ ͏ ͏ ͏ ͏ ͏ ͏ ͏ ͏,ham,2026-08-27T14:07:53+00:00
1a04376adb60a29f,"HDFC Bank hits 52-week low, FMCG stocks fall after Nepal flash floods & more",NIFTY PSU Bank (-0.9%) and NIFTY Media (-0.8%) were the top sectoral losers ﻿ ͏ ﻿ ͏ ﻿ ͏ ﻿ ͏ ﻿ ͏ ﻿ ͏ ﻿ ͏ ﻿ ͏ ﻿ ͏ ﻿ ͏ ﻿ ͏ ﻿ ͏ ﻿ ͏ ﻿ ͏ ﻿ ͏ ﻿ ͏ ﻿ ͏ ﻿ ͏ ﻿ ͏ ﻿ ͏ ﻿ ͏ ﻿ ͏ ﻿ ͏ ﻿ ͏ ﻿ ͏ ﻿ ͏ ﻿ ͏ ﻿ ͏ ﻿ ͏ ﻿ ͏ ﻿ ͏ ﻿,ham,2026-08-27T13:44:03+00:00
1a0432f81c4ac175,Your application to borrow from slice is waitlisted,"Hi KHUSHAL JITESHBHAI, Thank you for your interest to borrow from slice. We have carefully reviewed your application. Unfortunately, it could not be approved this time. We request you to reapply in 3",spam,2026-08-27T12:26:20+00:00
1a04326ee6eda379,Virtual Round Result: Odoo x LDCE Ahmedabad Hackathon 26,"Dear Participants, Greetings from the Odoo Hackathon Team! The results of the Virtual Round for the Odoo x LDCE Ahmedabad Hackathon 2026 is live! You can also log in to the same hackathon registration",ham,2026-08-27T12:16:58+00:00
1a042fcdac74bedc,Your CRIF Consumer Credit Score through NORTH EAST SMALL FIN,"Dear KHUSHAL JITESHBHAI SATANI, Congratulations! on taking the right step towards being financially fit by accessing your CRIF Credit Report. You are receiving this email as you have requested Your",ham,2026-08-27T11:31:02+00:00
1a042fcaec30fdc4,Scheduled system upgrade on 28th August 2026,"slice Dear customer, To ensure a smooth banking experience, we will be carrying out scheduled upgrade of our systems that may temporarily affect payments via the slice app. The upgrade is scheduled for",spam,2026-08-27T11:30:50+00:00
1a042dc6492b0271,Received ₹447 in your slice account,"Hi KHUSHAL JITESHBHAI, You have received ₹447 via UPI in your slice bank account xx5611. Avl. Bal. ₹726.06 Transaction date 27-Aug-26 From flipkart RRN 201264592396 Best, Team slice Digital safety tips",spam,2026-08-27T10:55:34+00:00
1a042a2b453d118d,Your Profile is not visible to recruiters,Your Profile is not active yet. You will not be able to apply to jobs and recruiters will not be able to contact you. Add missing details in your profile and become visible to recruiters now! naukri.,ham,2026-08-27T09:52:32+00:00
1a0425f84124b9cd,🚀 Introducing intelligent transcription with Gemini 3.5 Transcribe,Try in Gemini API ‍͏ ͏ ‍͏ ͏ ‍͏ ͏ ‍͏ ͏ ‍͏ ͏ ‍͏ ͏ ‍͏ ͏ ‍͏ ͏ ‍͏ ͏ ‍͏ ͏ ‍͏ ͏ ‍͏ ͏ ‍͏ ͏ ‍͏ ͏ ‍͏ ͏ ‍͏ ͏ ‍͏ ͏ ‍͏ ͏ ‍͏ ͏ ‍͏ ͏ ‍͏ ͏ ‍͏ ͏ ‍͏ ͏ ‍͏ ͏ ‍͏ ͏ ‍͏ ͏ ‍͏ ͏ ‍͏ ͏ ‍͏ ͏ ‍͏ ͏ ‍͏ ͏ ‍͏ ͏ ‍͏ ͏ ‍͏ ͏ ‍͏ ͏ ‍͏ ͏ ‍͏,ham,2026-08-27T08:39:10+00:00
1a04240361a23f49,Don’t miss conversations in AI & Machine Learning Community (moderated),View recommended posts from AI &amp; Machine Learning Community (moderated) ͏ ͏ ͏ ͏ ͏ ͏ ͏ ͏ ͏ ͏ ͏ ͏ ͏ ͏ ͏ ͏ ͏ ͏ ͏ ͏ ͏ ͏ ͏ ͏ ͏ ͏ ͏ ͏ ͏ ͏ ͏ ͏ ͏ ͏ ͏ ͏ ͏ ͏ ͏ ͏ ͏ ͏ ͏ ͏ ͏ ͏ ͏ ͏ ͏ ͏ ͏ ͏ ͏ ͏ ͏ ͏ ͏ ͏ ͏ ͏ ͏ ͏ ͏,ham,2026-08-27T08:04:59+00:00
1a0424029953e5e8,Invi Grid Inc. is hiring for a AI/ML role,Discover roles that match your interests ͏ ͏ ͏ ͏ ͏ ͏ ͏ ͏ ͏ ͏ ͏ ͏ ͏ ͏ ͏ ͏ ͏ ͏ ͏ ͏ ͏ ͏ ͏ ͏ ͏ ͏ ͏ ͏ ͏ ͏ ͏ ͏ ͏ ͏ ͏ ͏ ͏ ͏ ͏ ͏ ͏ ͏ ͏ ͏ ͏ ͏ ͏ ͏ ͏ ͏ ͏ ͏ ͏ ͏ ͏ ͏ ͏ ͏ ͏ ͏ ͏ ͏ ͏ ͏ ͏ ͏ ͏ ͏ ͏ ͏ ͏ ͏ ͏ ͏ ͏ ͏ ͏ ͏ ͏ ͏,ham,2026-08-27T08:04:55+00:00
1a0422935fa36f2c,"khushal, 3 IPOs close today at 5:00 PM",3 hours left. Hy-Tech Engineers · 121.36× subscribed. Symbiotec Pharmalab · 16.6× subscribed. Bidding closes at 5:00 PM. ‌ ‌ ‌ ‌ ‌ ‌ ‌ ‌ ‌ ‌ α THE IPO DESK CLOSES TODAY Hi khushal — 3 hours left.,ham,2026-08-27T07:39:51+00:00
1a0420dd2b8115cb,"khushal, Jobs with no degree requirement and salary upto Rs 25,000 per month. Apply now!",Fresh roles are filling fast — check and apply now! naukri.com Get app Jobs that are hiring right now No experience. No degree. Just apply. Work from Home/ Remote View jobs Data Entry/Back Office View,ham,2026-08-27T07:09:55+00:00
1a041e24c23f8df0,"Build your first email in minutes with Brevo Aura, your AI assistant","Work smarter, not harder‌ ‌ ‌ ‌ ‌ ‌ ‌ ‌ ‌ ‌ ‌ ‌ ‌ ‌ ‌ ‌ ‌ ‌ ‌ ‌ ‌ ‌ ‌ ‌ ‌ ‌ ‌ ‌ ‌ ‌ ‌ ‌ ‌ ‌ ‌ ‌ ‌ ‌ ‌ ‌ ‌ ‌ ‌ ‌ ‌ ‌ ‌ ‌ ‌ ‌ ‌ ‌ ‌ ‌ ‌ ‌ ‌ ‌ ‌ ‌ ‌ ‌ ‌ ‌ ‌ ‌ ‌ ‌ ‌ ‌ ‌ ‌ ‌ ‌ ‌ ‌ ‌ ‌ ‌ ‌ ‌ ‌ ‌ ‌ ‌ ‌ ‌ ‌ ‌",ham,2026-08-27T06:22:23+00:00
1a041d650e4f8135,Celebrating one million nonprofits with you 💙,See how you&#39;re contributing to Canva Nonprofits ͏ ‌ ﻿ ͏ ‌ ﻿ ͏ ‌ ﻿ ͏ ‌ ﻿ ͏ ‌ ﻿ ͏ ‌ ﻿ ͏ ‌ ﻿ ͏ ‌ ﻿ ͏ ‌ ﻿ ͏ ‌ ﻿ ͏ ‌ ﻿ ͏ ‌ ﻿ ͏ ‌ ﻿ ͏ ‌ ﻿ ͏ ‌ ﻿ ͏ ‌ ﻿ ͏ ‌ ﻿ ͏ ‌ ﻿ ͏ ‌ ﻿ ͏ ‌ ﻿ ͏ ‌ ﻿ ͏ ‌ ﻿ ͏ ‌ ﻿ ͏ ‌ ﻿ ͏ ‌ ﻿,ham,2026-08-27T06:09:17+00:00
1a041b486ff5c813,Equip Your HORECA Business For Success,"The café and coffee scene across MENA is booming, with new concepts, evolving… ͏ ͏ ͏ ͏ ͏ ͏ ͏ ͏ ͏ ͏ ͏ ͏ ͏ ͏ ͏ ͏ ͏ ͏ ͏ ͏ ͏ ͏ ͏ ͏ ͏ ͏ ͏ ͏ ͏ ͏ ͏ ͏ ͏ ͏ ͏ ͏ ͏ ͏ ͏ ͏ ͏ ͏ ͏ ͏ ͏ ͏ ͏ ͏ ͏ ͏ ͏ ͏ ͏ ͏ ͏ ͏ ͏ ͏ ͏ ͏ ͏",ham,2026-08-27T05:32:24+00:00
1a041b0f62c6980f,"If x + y = 10 and x² + y² = 58, what is the exact value of xy ?",Short Way (because of people complaining in the comments): [math]x+y = 10[/math] and [math]x^2 + y^2 = 58[/math] Square both sides of the first equation: [math](x+y)^2 = 10^2[/math] [math]x^… Top,spam,2026-08-27T05:28:31+00:00
1a041ac555813ed0,Trade With 4 Special Order Types,"Hi There 👋 As a trader, you&#39;ll have various ways you wish to place your orders. On SENSEX expiry where things move fast, you may want to place large order quantities at a time, or you may wish to",ham,2026-08-27T05:23:27+00:00
1a0418b00d63a98e,build failed for IPODesk-frontend,Render We encountered an error during the build process for IPODesk-frontend. This means your build didn&#39;t complete successfully and your latest changes may not be live. Reason: &quot;Exited with,ham,2026-08-27T04:47:02+00:00
1a0418aaa0c18f18,build failed for IPODesk-frontend,Render We encountered an error during the build process for IPODesk-frontend. This means your build didn&#39;t complete successfully and your latest changes may not be live. Reason: &quot;Exited with,ham,2026-08-27T04:46:41+00:00
1a0418493fc878e1,build failed for IPODesk-frontend,Render We encountered an error during the build process for IPODesk-frontend. This means your build didn&#39;t complete successfully and your latest changes may not be live. Reason: &quot;Exited with,ham,2026-08-27T04:40:02+00:00
1a041801d8df9314,Failed deployment from khushal910,"khushal910 attempted to deploy a commit to khushal910&#39;s projects on Vercel through GitHub, but they&#39;re not a member of the team. To resolve this: Upgrade to Pro and add them as a collaborator",ham,2026-08-27T04:35:09+00:00
1a0413c5a7088f00,Machine Learning (AI) Engineer (Hybrid) at Quik Hire Staffing,Quik Hire Staffing Machine Learning (AI) Engineer (Hybrid): Role: Machine Learning (AI) Engineer… ͏ ͏ ͏ ͏ ͏ ͏ ͏ ͏ ͏ ͏ ͏ ͏ ͏ ͏ ͏ ͏ ͏ ͏ ͏ ͏ ͏ ͏ ͏ ͏ ͏ ͏ ͏ ͏ ͏ ͏ ͏ ͏ ͏ ͏ ͏ ͏ ͏ ͏ ͏ ͏ ͏ ͏ ͏ ͏ ͏ ͏ ͏ ͏ ͏ ͏ ͏ ͏,ham,2026-08-27T03:21:09+00:00
1a040dfcd7fd71d5,"Andrej Karpathy Asked for a Tool. 48 Hours Later, Graphify Went Viral. | Sumit Pandey in Towards Deep Learning",Khushalsatani Stories for Khushalsatani @khushalsatani009·Become a member Medium daily digest Today&#39;s highlights Sumit Pandey Sumit PandeyinTowards Deep Learning Andrej Karpathy Asked for a Tool.,ham,2026-08-27T01:40:00+00:00
1a03fba92e896e78,Your coding agent keeps solving the same problem,Turn agent traces into reusable skills and build a code knowledge graph for smarter retrieval. ͏ ͏ ͏ ͏ ͏ ͏ ͏ ͏ ͏ ͏ ͏ ͏ ͏ ͏ ͏ ͏ ͏ ͏ ͏ ͏ ͏ ͏ ͏ ͏ ͏ ͏ ͏ ͏ ͏ ͏ ͏ ͏ ͏ ͏ ͏ ͏ ͏ ͏ ͏ ͏ ͏ ͏ ͏ ͏ ͏ ͏ ͏ ͏ ͏ ͏ ͏ ͏ ͏,ham,2026-08-26T20:19:34+00:00
1a03fb83c476a6d0,Introducing the State of Writing Report at Medium Day,"Medium Medium Day Hi Khushalsatani, Medium Day is coming, and we&#39;re revealing something big: our first annual State of Writing report. We wanted to know what&#39;s really happening with writing in",ham,2026-08-26T20:17:11+00:00
1a03fa2d9913d491,"khushal, build new skills and unlock more career opportunities",Explore our new top courses and programs! ‌ ‌ ‌ ‌ ‌ ‌ ‌ ‌ ‌ ‌ ‌ ‌ ‌ ‌ ‌ ‌ ‌ ‌ ‌ ‌ ‌ ‌ ‌ ‌ ‌ ‌ ‌ ‌ ‌ ‌ ‌ ‌ ‌ ‌ ‌ ‌ ‌ ‌ ‌ ‌ ‌ ‌ ‌ ‌ ‌ ‌ ‌ ‌ ‌ ‌ ‌ ‌ ‌ ‌ ‌ ‌ ‌ ‌ ‌ ‌ ‌ ‌ ‌ ‌ ‌ ‌ ‌ ‌ ‌ ‌ ‌ ‌ ‌ ‌ ‌ ‌ ‌ ‌ ‌ ‌,ham,2026-08-26T19:53:47+00:00
1a03f8e8bc288deb,A list of 55 tools is not a resource. It is six decisions,"👋 Hi there, welcome to the AI Central ➡️ Sign up here to the free-forever… ͏ ͏ ͏ ͏ ͏ ͏ ͏ ͏ ͏ ͏ ͏ ͏ ͏ ͏ ͏ ͏ ͏ ͏ ͏ ͏ ͏ ͏ ͏ ͏ ͏ ͏ ͏ ͏ ͏ ͏ ͏ ͏ ͏ ͏ ͏ ͏ ͏ ͏ ͏ ͏ ͏ ͏ ͏ ͏ ͏ ͏ ͏ ͏ ͏ ͏ ͏ ͏ ͏ ͏ ͏ ͏ ͏ ͏ ͏ ͏ ͏ ͏ ͏",ham,2026-08-26T19:31:41+00:00
1a03f7f13c94683a,Understanding the subsurface: inside Aramco’s Core Laboratories Center,"Bringing together decades of geological samples and knowledge, Aramco&#39;s Core… ͏ ͏ ͏ ͏ ͏ ͏ ͏ ͏ ͏ ͏ ͏ ͏ ͏ ͏ ͏ ͏ ͏ ͏ ͏ ͏ ͏ ͏ ͏ ͏ ͏ ͏ ͏ ͏ ͏ ͏ ͏ ͏ ͏ ͏ ͏ ͏ ͏ ͏ ͏ ͏ ͏ ͏ ͏ ͏ ͏ ͏ ͏ ͏ ͏ ͏ ͏ ͏ ͏ ͏ ͏ ͏ ͏ ͏ ͏ ͏",ham,2026-08-26T19:14:46+00:00
1a03ef2fab151fe2,"Adani Energy’s Rs 4,700 cr project, HAL-Safran to make heli engines, & more - Groww Digest",All you need to know about the day ‌ ‌ ‌ ‌ ‌ ‌ ‌ ‌ ‌ ‌ ‌ ‌ ‌ ‌ ‌ ‌ ‌ ‌ ‌ ‌ ‌ ‌ ‌ ‌ ‌ ‌ ‌ ‌ ‌ ‌ ‌ ‌ ‌ ‌ ‌ ‌ ‌ ‌ ‌ ‌ ‌ ‌ ‌ ‌ ‌ ‌ ‌ ‌ ‌ ‌ Groww Digest 26 August 2026 Sensex 77472.94 ▼ 0.24% Nifty 24207.75,ham,2026-08-26T16:41:45+00:00
1a03edf4d759f949,"I met a girl at my office who was four years older than me. Initially, we didn't talk ...","I met a girl at my office who was four years older than me. Initially, we didn&#39;t talk much, but eventually, we became good friends, and I started calling her &quot;didi&quot; as she felt like an",spam,2026-08-26T16:20:15+00:00
1a03e5ec971bd9cb,Musk says AI will outgrow human control,"Welcome back! Today: a chip that beat Nvidia at half the wattage, a $2 sticker… ͏ ͏ ͏ ͏ ͏ ͏ ͏ ͏ ͏ ͏ ͏ ͏ ͏ ͏ ͏ ͏ ͏ ͏ ͏ ͏ ͏ ͏ ͏ ͏ ͏ ͏ ͏ ͏ ͏ ͏ ͏ ͏ ͏ ͏ ͏ ͏ ͏ ͏ ͏ ͏ ͏ ͏ ͏ ͏ ͏ ͏ ͏ ͏ ͏ ͏ ͏ ͏ ͏ ͏ ͏ ͏ ͏ ͏ ͏ ͏ ͏",ham,2026-08-26T13:59:54+00:00
1a03e4d921ddf188,"PSU bank stocks rally, Varun Beverages enters alcohol business & more",NIFTY IT (-1.4%) and NIFTY FMCG (-0.9%) were the top sectoral losers ﻿ ͏ ﻿ ͏ ﻿ ͏ ﻿ ͏ ﻿ ͏ ﻿ ͏ ﻿ ͏ ﻿ ͏ ﻿ ͏ ﻿ ͏ ﻿ ͏ ﻿ ͏ ﻿ ͏ ﻿ ͏ ﻿ ͏ ﻿ ͏ ﻿ ͏ ﻿ ͏ ﻿ ͏ ﻿ ͏ ﻿ ͏ ﻿ ͏ ﻿ ͏ ﻿ ͏ ﻿ ͏ ﻿ ͏ ﻿ ͏ ﻿ ͏ ﻿ ͏ ﻿ ͏ ﻿ ͏ ﻿ ͏ ﻿ ͏,ham,2026-08-26T13:41:03+00:00
1a03e1371e74351f,Your Factory Is Full of Money. You Just Can’t Use It.,"The hidden capital trapped inside inventory, idle capacity, waiting and… ͏ ͏ ͏ ͏ ͏ ͏ ͏ ͏ ͏ ͏ ͏ ͏ ͏ ͏ ͏ ͏ ͏ ͏ ͏ ͏ ͏ ͏ ͏ ͏ ͏ ͏ ͏ ͏ ͏ ͏ ͏ ͏ ͏ ͏ ͏ ͏ ͏ ͏ ͏ ͏ ͏ ͏ ͏ ͏ ͏ ͏ ͏ ͏ ͏ ͏ ͏ ͏ ͏ ͏ ͏ ͏ ͏ ͏ ͏ ͏ ͏ ͏ ͏ ͏",ham,2026-08-26T12:37:36+00:00
1a03dca8bf39fe4f,"The AI-Powered GRC Team: Scaling Compliance, Not Complexity",Join GRC experts live on September 22. More systems. More data. More controls… ͏ ͏ ͏ ͏ ͏ ͏ ͏ ͏ ͏ ͏ ͏ ͏ ͏ ͏ ͏ ͏ ͏ ͏ ͏ ͏ ͏ ͏ ͏ ͏ ͏ ͏ ͏ ͏ ͏ ͏ ͏ ͏ ͏ ͏ ͏ ͏ ͏ ͏ ͏ ͏ ͏ ͏ ͏ ͏ ͏ ͏ ͏ ͏ ͏ ͏ ͏ ͏ ͏ ͏ ͏ ͏ ͏ ͏ ͏ ͏ ͏,ham,2026-08-26T11:17:58+00:00
1a03d398817586ef,Annu Projects IPO is live,Check complete details of the IPO ‌ ‌ ‌ ‌ ‌ ‌ ‌ ‌ ‌ ‌ ‌ ‌ ‌ ‌ ‌ ‌ ‌ ‌ ‌ ‌ ‌ ‌ ‌ ‌ ‌ ‌ ‌ ‌ ‌ ‌ ‌ ‌ ‌ ‌ ‌ ‌ ‌ ‌ ‌ ‌ ‌ ‌ ‌ ‌ ‌ ‌ ‌ ‌ ‌ ‌ New IPO open to apply: Annu Projects Bidding period: 25 Aug – 28,ham,2026-08-26T08:39:35+00:00
1a03d19d08fa0f9a,"Don’t miss conversations in Global AI Community | Artificial Intelligence, Agentic AI, Generative AI & Machine Learning","View recommended posts from Global AI Community | Artificial Intelligence, Agentic AI, Generative AI &amp; Machine Learning ͏ ͏ ͏ ͏ ͏ ͏ ͏ ͏ ͏ ͏ ͏ ͏ ͏ ͏ ͏ ͏ ͏ ͏ ͏ ͏ ͏ ͏ ͏ ͏ ͏ ͏ ͏ ͏ ͏ ͏ ͏ ͏ ͏ ͏ ͏ ͏ ͏ ͏ ͏",ham,2026-08-26T08:04:56+00:00
1a03cfe744974999,The turbulent AI era is here. The choices we make now are critical.,We need a plan to ensure that the good outweighs the bad. The transition to the… ͏ ͏ ͏ ͏ ͏ ͏ ͏ ͏ ͏ ͏ ͏ ͏ ͏ ͏ ͏ ͏ ͏ ͏ ͏ ͏ ͏ ͏ ͏ ͏ ͏ ͏ ͏ ͏ ͏ ͏ ͏ ͏ ͏ ͏ ͏ ͏ ͏ ͏ ͏ ͏ ͏ ͏ ͏ ͏ ͏ ͏ ͏ ͏ ͏ ͏ ͏ ͏ ͏ ͏ ͏ ͏ ͏ ͏ ͏ ͏,ham,2026-08-26T07:35:03+00:00
1a03c86d6f6271c8,"Hi, I am 27 year old girl. And recently I got engaged. But due to some family issues i...","Hi, I am 27 year old girl. And recently I got engaged. But due to some family issues it got cancelled. I am not able to come out of the person. He has disconnected himself from everywhere. He … Top",spam,2026-08-26T05:24:23+00:00
1a03c83d8cfe77ef,"AI/ML Engineer - Remote at iitjobs, Inc.","iitjobs, Inc. AI/ML Engineer - Remote: Job Description – AI Infrastructure / ML Systems… ͏ ͏ ͏ ͏ ͏ ͏ ͏ ͏ ͏ ͏ ͏ ͏ ͏ ͏ ͏ ͏ ͏ ͏ ͏ ͏ ͏ ͏ ͏ ͏ ͏ ͏ ͏ ͏ ͏ ͏ ͏ ͏ ͏ ͏ ͏ ͏ ͏ ͏ ͏ ͏ ͏ ͏ ͏ ͏ ͏ ͏ ͏ ͏ ͏ ͏ ͏ ͏ ͏ ͏ ͏ ͏",ham,2026-08-26T05:21:08+00:00
1a03c15fb1e8be2f,"AI/ML Engineer - Remote at iitjobs, Inc.","iitjobs, Inc. AI/ML Engineer - Remote: Job Description – AI Infrastructure / ML Systems… ͏ ͏ ͏ ͏ ͏ ͏ ͏ ͏ ͏ ͏ ͏ ͏ ͏ ͏ ͏ ͏ ͏ ͏ ͏ ͏ ͏ ͏ ͏ ͏ ͏ ͏ ͏ ͏ ͏ ͏ ͏ ͏ ͏ ͏ ͏ ͏ ͏ ͏ ͏ ͏ ͏ ͏ ͏ ͏ ͏ ͏ ͏ ͏ ͏ ͏ ͏ ͏ ͏ ͏ ͏ ͏",ham,2026-08-26T03:21:08+00:00
1a03bf6b2fd4c6d6,Weekly Statement of Funds & Securities | INDmoney,"INDstocks by INDmoney Weekly Statement Hi Khushal Jiteshbhai Satani, Client Code: NLRE00N3J7 We have attached the weekly statement of accounts for funds &amp; securities. The document is password",ham,2026-08-26T02:46:57+00:00
1a03bb969b5b6d56,Must-Know in Machine Learning: Is Your Model’s Confidence Actually Trustworthy? | Luigi Battistoni in Data Science Collective,Khushalsatani Stories for Khushalsatani @khushalsatani009·Become a member Medium daily digest Today&#39;s highlights Luigi Battistoni Luigi BattistoniinData Science Collective Must-Know in Machine,ham,2026-08-26T01:40:00+00:00
1a03b97ee58583ac,Bring all your data to the lakehouse,Say goodbye to silos ‍͏ ͏ ‍͏ ͏ ‍͏ ͏ ‍͏ ͏ ‍͏ ͏ ‍͏ ͏ ‍͏ ͏ ‍͏ ͏ ‍͏ ͏ ‍͏ ͏ ‍͏ ͏ ‍͏ ͏ ‍͏ ͏ ‍͏ ͏ ‍͏ ͏ ‍͏ ͏ ‍͏ ͏ ‍͏ ͏ ‍͏ ͏ ‍͏ ͏ ‍͏ ͏ ‍͏ ͏ ‍͏ ͏ ‍͏ ͏ ‍͏ ͏ ‍͏ ͏ ‍͏ ͏ ‍͏ ͏ ‍͏ ͏ ‍͏ ͏ ‍͏ ͏ ‍͏ ͏ ‍͏ ͏ ‍͏ ͏ ‍͏ ͏ ‍͏ ͏,ham,2026-08-26T01:01:45+00:00
1a03b36efee21d54,30% off. This week only.,"One good reason to go all in on membership. Medium Start your membership. Hi Khushalsatani, You&#39;ve spent the summer reading on Medium. Here&#39;s a reason to stick around. Until August 31, get 30%",ham,2026-08-25T23:17:29+00:00
1a03b055b4a0c606,Action required: security vulnerabilities detected in your projects,Security issues require your attention ‌​‍‎‏﻿ ‌​‍‎‏﻿ ‌​‍‎‏﻿ ‌​‍‎‏﻿ ‌​‍‎‏﻿ ‌​‍‎‏﻿ ‌​‍‎‏﻿ ‌​‍‎‏﻿ ‌​‍‎‏﻿ ‌​‍‎‏﻿ ‌​‍‎‏﻿ ‌​‍‎‏﻿ ‌​‍‎‏﻿ ‌​‍‎‏﻿ ‌​‍‎‏﻿ ‌​‍‎‏﻿ ‌​‍‎‏﻿ ‌​‍‎‏﻿ ‌​‍‎‏﻿ ‌​‍‎‏﻿ ‌​‍‎‏﻿ ‌​‍‎‏﻿ ‌​‍‎‏﻿ ‌,ham,2026-08-25T22:23:21+00:00
1a03a7254cc038e0,TEMPSENS INSTRUMENTS (INDIA) LIMITED-IPO,"Dear Investor, Greetings!! This is with reference to the application made by you in the public issue of TEMPSENS INSTRUMENTS (INDIA) LIMITED-IPO (&quot;Company&quot; or &quot;Issuer&quot;). Please find",ham,2026-08-25T19:42:41+00:00
1a03a6d918a7a828,"Anfernee Tan (Solopreneur Code) ""AI doesn't fix a broken process, it just runs it faster""","👋 Hi there, welcome to the AI Central. Click here to join our 300000 readers… ͏ ͏ ͏ ͏ ͏ ͏ ͏ ͏ ͏ ͏ ͏ ͏ ͏ ͏ ͏ ͏ ͏ ͏ ͏ ͏ ͏ ͏ ͏ ͏ ͏ ͏ ͏ ͏ ͏ ͏ ͏ ͏ ͏ ͏ ͏ ͏ ͏ ͏ ͏ ͏ ͏ ͏ ͏ ͏ ͏ ͏ ͏ ͏ ͏ ͏ ͏ ͏ ͏ ͏ ͏ ͏ ͏ ͏ ͏ ͏ ͏ ͏",ham,2026-08-25T19:37:33+00:00
1a039d16b1c488d5,"KCGI 2026 is live | 3,000,000 USDT reward pool","Dear Bitget user, The world&#39;s traders are lining up—the fight for the crown is about to ignite! Bitget proudly presents the 2026 King&#39;s Cup Global Invitational (KCGI), now officially live as of",ham,2026-08-25T16:17:49+00:00
1a039c74b172813b,AWS just refreshed its ops certification. Time to prep.,Plus: master production-grade CDK in this week&#39;s newsletter. ͏ ͏ ͏ ͏ ͏ ͏ ͏ ͏ ͏ ͏ ͏ ͏ ͏ ͏ ͏ ͏ ͏ ͏ ͏ ͏ ͏ ͏ ͏ ͏ ͏ ͏ ͏ ͏ ͏ ͏ ͏ ͏ ͏ ͏ ͏ ͏ ͏ ͏ ͏ ͏ ͏ ͏ ͏ ͏ ͏ ͏ ͏ ͏ ͏ ͏ ͏ ͏ ͏ ͏ ͏ ͏ ͏ ͏ ͏ ͏ ͏ ͏ ͏ ͏ ͏ ͏ ͏ ͏,spam,2026-08-25T16:35:56+00:00
1a039be0ca82a362,I am 34 yrs.old married and working in Bangalore and having 7 yrs.of experience in sal...,I am 34 yrs.old married and working in Bangalore and having 7 yrs.of experience in sales department and my in-hand monthly salary is Rs.1.3 lakhs per month .I live with my wife and she is home… Top,spam,2026-08-25T16:25:50+00:00
1a039bde31523fa0,Explore Microsoft courses on edX,Learn career-relevant skills from Microsoft. ‌ ‌ ‌ ‌ ‌ ‌ ‌ ‌ ‌ ‌ ‌ ‌ ‌ ‌ ‌ ‌ ‌ ‌ ‌ ‌ ‌ ‌ ‌ ‌ ‌ ‌ ‌ ‌ ‌ ‌ ‌ ‌ ‌ ‌ ‌ ‌ ‌ ‌ ‌ ‌ ‌ ‌ ‌ ‌ ‌ ‌ ‌ ‌ ‌ ‌ ‌ ‌ ‌ ‌ ‌ ‌ ‌ ‌ ‌ ‌ ‌ ‌ ‌ ‌ ‌ ‌ ‌ ‌ ‌ ‌ ‌ ‌ ‌ ‌ ‌ ‌ ‌ ‌,ham,2026-08-25T16:20:24+00:00
1a039bd4aafe2439,⚡ Nvidia Revolutionizes AI Handoffs + Hugging Face Eyes $13B Sale + Inherent Outshines Giants,"Plus: OpenAI hits the brakes, Google strikes $12B AI chip deal with Marvell, Anthropic&#39;s new Claude Tag update, and IBM&#39;s next-gen mainframe chip debuts ‌ ‌ ‌ ‌ ‌ ‌ ‌ ‌ ‌ ‌ ‌ ‌ ‌ ‌ ‌ ‌ ‌ ‌ ‌ ‌",ham,2026-08-25T16:03:55+00:00
1a039ace55196c04,"Govt revises sugar import norms, Varun Beverages to enter alcoholic beverages, & more - Groww Digest",All you need to know about the day ‌ ‌ ‌ ‌ ‌ ‌ ‌ ‌ ‌ ‌ ‌ ‌ ‌ ‌ ‌ ‌ ‌ ‌ ‌ ‌ ‌ ‌ ‌ ‌ ‌ ‌ ‌ ‌ ‌ ‌ ‌ ‌ ‌ ‌ ‌ ‌ ‌ ‌ ‌ ‌ ‌ ‌ ‌ ‌ ‌ ‌ ‌ ‌ ‌ ‌ Groww Digest 25 August 2026 Sensex 77656.09 ▲ 0.37% Nifty 24334.55,ham,2026-08-25T16:07:05+00:00
1a039957afabff18,August 2026: AI-powered discovery,"When we hit on a new discovery, that a-ha! moment can feel a bit like magic… ͏ ͏ ͏ ͏ ͏ ͏ ͏ ͏ ͏ ͏ ͏ ͏ ͏ ͏ ͏ ͏ ͏ ͏ ͏ ͏ ͏ ͏ ͏ ͏ ͏ ͏ ͏ ͏ ͏ ͏ ͏ ͏ ͏ ͏ ͏ ͏ ͏ ͏ ͏ ͏ ͏ ͏ ͏ ͏ ͏ ͏ ͏ ͏ ͏ ͏ ͏ ͏ ͏ ͏ ͏ ͏ ͏ ͏ ͏ ͏ ͏ ͏",ham,2026-08-25T15:41:32+00:00
1a0398b94f604186,For your records: Client Master Report (CMR),"Hi, Thank you for choosing Upstox for your trading and investing needs. Attached is a digitally signed copy of your Client Master Report (CMR) for your records and safekeeping. To verify the digital",ham,2026-08-25T15:30:40+00:00
1a0397166f836edd,Compound is being decommissioned,Important GroqCloud notice. Switch your models now. ͏ ͏ ͏ ͏ ͏ ͏ ͏ ͏ ͏ ͏ ͏ ͏ ͏ ͏ ͏ ͏ ͏ ͏ ͏ ͏ ͏ ͏ ͏ ͏ ͏ ͏ ͏ ͏ ͏ ͏ ͏ ͏ ͏ ͏ ͏ ͏ ͏ ͏ ͏ ͏ ͏ ͏ ͏ ͏ ͏ ͏ ͏ ͏ ͏ ͏ ͏ ͏ ͏ ͏ ͏ ͏ ͏ ͏ ͏ ͏ ͏ ͏ ͏ ͏ ͏ ͏ ͏ ͏ ͏ ͏ ͏ ͏ ͏ ͏ ͏,ham,2026-08-25T15:02:07+00:00
1a0394131167a6f8,Demand Is Up. Production Is Faster. What Happens to Quality?,A surge in demand is usually good news. But when manufacturers respond by… ͏ ͏ ͏ ͏ ͏ ͏ ͏ ͏ ͏ ͏ ͏ ͏ ͏ ͏ ͏ ͏ ͏ ͏ ͏ ͏ ͏ ͏ ͏ ͏ ͏ ͏ ͏ ͏ ͏ ͏ ͏ ͏ ͏ ͏ ͏ ͏ ͏ ͏ ͏ ͏ ͏ ͏ ͏ ͏ ͏ ͏ ͏ ͏ ͏ ͏ ͏ ͏ ͏ ͏ ͏ ͏ ͏ ͏ ͏ ͏ ͏ ͏ ͏,ham,2026-08-25T14:09:28+00:00
1a0392243d936cad,"Hindustan Copper shares fall on OFS launch, PVR INOX to consider share buyback & more",NIFTY Financial Services (+0.9%) and NIFTY Pharma (+0.8%) were the top sectoral gainers ﻿ ͏ ﻿ ͏ ﻿ ͏ ﻿ ͏ ﻿ ͏ ﻿ ͏ ﻿ ͏ ﻿ ͏ ﻿ ͏ ﻿ ͏ ﻿ ͏ ﻿ ͏ ﻿ ͏ ﻿ ͏ ﻿ ͏ ﻿ ͏ ﻿ ͏ ﻿ ͏ ﻿ ͏ ﻿ ͏ ﻿ ͏ ﻿ ͏ ﻿ ͏ ﻿ ͏ ﻿ ͏ ﻿ ͏ ﻿ ͏ ﻿ ͏ ﻿,ham,2026-08-25T13:35:38+00:00
1a038fe2c2cf1648,From AI-Written Code to AI-Speed Attacks: Two Webinars Security Teams Need,AI is compressing security timelines from both directions. Developers can ship… ͏ ͏ ͏ ͏ ͏ ͏ ͏ ͏ ͏ ͏ ͏ ͏ ͏ ͏ ͏ ͏ ͏ ͏ ͏ ͏ ͏ ͏ ͏ ͏ ͏ ͏ ͏ ͏ ͏ ͏ ͏ ͏ ͏ ͏ ͏ ͏ ͏ ͏ ͏ ͏ ͏ ͏ ͏ ͏ ͏ ͏ ͏ ͏ ͏ ͏ ͏ ͏ ͏ ͏ ͏ ͏ ͏ ͏ ͏ ͏ ͏,ham,2026-08-25T12:56:16+00:00
1a038c0b6fc5123c,No. 1 in air transport & 2 other IPOs ⭐,"NEW IPOS Logistics, pharma, or hydraulics: Time to pick the next IPOs! Hey, The rising demand for online shopping, the Make in India push, and growth in industrials are three factors behind the IPOs in",ham,2026-08-25T11:49:06+00:00
1a038aac2ee5ab2f,IPOs to watch this week!,Stay updated with all IPO details ‌ ‌ ‌ ‌ ‌ ‌ ‌ ‌ ‌ ‌ ‌ ‌ ‌ ‌ ‌ ‌ ‌ ‌ ‌ ‌ ‌ ‌ ‌ ‌ ‌ ‌ ‌ ‌ ‌ ‌ ‌ ‌ ‌ ‌ ‌ ‌ ‌ ‌ ‌ ‌ ‌ ‌ ‌ ‌ ‌ ‌ ‌ ‌ ‌ ‌ IPOs open to apply Hy-tech Engineers It is an engineering company,ham,2026-08-25T11:25:09+00:00
1a0389b5ed5a3965,Funds / Securities Balance,"Dear Investor, With reference to BSE notices 20210922-64 dated September 22, 2021 and 20211022-44 dated October 22, 2021, Stock Brokers are required to upload segregation and monitoring of collateral",ham,2026-08-25T11:08:20+00:00
1a0387a89ba86175,Weekly Account Statement for BDU926 2026-08-17 - 2026-08-22,"Dear Satani Khushal Jiteshbhai, The account statements for the period 2026-08-17 - 2026-08-22 are attached in accordance with this Exchange Circular. If you have any concerns with the account statement",ham,2026-08-25T10:32:28+00:00
1a03874a3ddc9101,Update for you: 1 new notification,A lot has happened on Facebook since you last logged in. Here are some notifications you&#39;ve missed from your friends. Khu Satani Notifications 1 new notification ‌ ‌ ‌ ‌ ‌ ‌ ‌ ‌ ‌ ‌ ‌ ‌ ‌ ‌ ‌ ‌ ‌ ‌,ham,2026-08-25T10:25:57+00:00
1a037f3727d019bf,Don’t miss conversations in JavaScript,View recommended posts from JavaScript ͏ ͏ ͏ ͏ ͏ ͏ ͏ ͏ ͏ ͏ ͏ ͏ ͏ ͏ ͏ ͏ ͏ ͏ ͏ ͏ ͏ ͏ ͏ ͏ ͏ ͏ ͏ ͏ ͏ ͏ ͏ ͏ ͏ ͏ ͏ ͏ ͏ ͏ ͏ ͏ ͏ ͏ ͏ ͏ ͏ ͏ ͏ ͏ ͏ ͏ ͏ ͏ ͏ ͏ ͏ ͏ ͏ ͏ ͏ ͏ ͏ ͏ ͏ ͏ ͏ ͏ ͏ ͏ ͏ ͏ ͏ ͏ ͏ ͏ ͏ ͏ ͏ ͏ ͏ ͏ ͏,ham,2026-08-25T08:04:56+00:00
1a037dc31ff37300,"khushal, Augmont Enterprises closes today",3 hours left. Augmont Enterprises · 31.32× subscribed. Bidding closes at 5:00 PM. ‌ ‌ ‌ ‌ ‌ ‌ ‌ ‌ ‌ ‌ α THE IPO DESK CLOSES TODAY Hi khushal — 3 hours left. Bidding for 1 Mainboard IPO closes at 5:00,ham,2026-08-25T07:39:31+00:00
1a037a9b132e610d,MCX Welcomes you,"Dear Sir/Madam, Greetings from MCX. You have been registered (PAN: TGMXXXXX5C) in Commodity Derivatives Segment with broker UPSTOX SECURITIES PVT LTD with Unique Client Code (UCC) 85B86V. As per SEBI",ham,2026-08-25T06:44:19+00:00
1a037957c59944dd,Step 1: Reach your contacts' inbox 📩,Avoid spam filters. Land where it counts.‌ ‌ ‌ ‌ ‌ ‌ ‌ ‌ ‌ ‌ ‌ ‌ ‌ ‌ ‌ ‌ ‌ ‌ ‌ ‌ ‌ ‌ ‌ ‌ ‌ ‌ ‌ ‌ ‌ ‌ ‌ ‌ ‌ ‌ ‌ ‌ ‌ ‌ ‌ ‌ ‌ ‌ ‌ ‌ ‌ ‌ ‌ ‌ ‌ ‌ ‌ ‌ ‌ ‌ ‌ ‌ ‌ ‌ ‌ ‌ ‌ ‌ ‌ ‌ ‌ ‌ ‌ ‌ ‌ ‌ ‌ ‌ ‌ ‌ ‌ ‌ ‌ ‌ ‌ ‌,ham,2026-08-25T06:22:18+00:00
1a03790a4a1150e1,Welcome to Brevo!,"Here&#39;s what to do next, and resources to guide you.‌ ‌ ‌ ‌ ‌ ‌ ‌ ‌ ‌ ‌ ‌ ‌ ‌ ‌ ‌ ‌ ‌ ‌ ‌ ‌ ‌ ‌ ‌ ‌ ‌ ‌ ‌ ‌ ‌ ‌ ‌ ‌ ‌ ‌ ‌ ‌ ‌ ‌ ‌ ‌ ‌ ‌ ‌ ‌ ‌ ‌ ‌ ‌ ‌ ‌ ‌ ‌ ‌ ‌ ‌ ‌ ‌ ‌ ‌ ‌ ‌ ‌ ‌ ‌ ‌ ‌ ‌ ‌ ‌ ‌ ‌ ‌ ‌",ham,2026-08-25T06:17:00+00:00
1a0378e7de2bd07b,You shared some Google Account data with Brevo,Keep track of your Google Account data khushalsatani009@gmail.com You&#39;re receiving this email because you used Sign in with Google to sign in to Brevo on 25 August at 11:44. This email summarises,ham,2026-08-25T06:14:39+00:00
1a037616f00f8be7,I m 37yr old divorcee have 2kids staying with  me. My  divorce settle in 2021.A guy fa...,I m 37yr old divorcee have 2kids staying with me. My divorce settle in 2021.A guy fall in love with me he is 29 yr old he knows each and everything about me.i took time to accept his proposa… Top,spam,2026-08-25T05:25:26+00:00
1a0375d808519006,Machine Learning (AI) Engineer (Hybrid) at Quik Hire Staffing: up to $500K/hour,$200K-$500K / hour salary ͏ ͏ ͏ ͏ ͏ ͏ ͏ ͏ ͏ ͏ ͏ ͏ ͏ ͏ ͏ ͏ ͏ ͏ ͏ ͏ ͏ ͏ ͏ ͏ ͏ ͏ ͏ ͏ ͏ ͏ ͏ ͏ ͏ ͏ ͏ ͏ ͏ ͏ ͏ ͏ ͏ ͏ ͏ ͏ ͏ ͏ ͏ ͏ ͏ ͏ ͏ ͏ ͏ ͏ ͏ ͏ ͏ ͏ ͏ ͏ ͏ ͏ ͏ ͏ ͏ ͏ ͏ ͏ ͏ ͏ ͏ ͏ ͏ ͏ ͏ ͏ ͏ ͏ ͏ ͏ ͏ ͏ ͏ ͏ ͏ ͏ ͏ ͏,ham,2026-08-25T05:21:08+00:00
1a036efa003ed715,Software Engineer Intern at Crossing Infotech,Crossing Infotech Software Engineer Intern: Software Developer Intern | Python | Java |… ͏ ͏ ͏ ͏ ͏ ͏ ͏ ͏ ͏ ͏ ͏ ͏ ͏ ͏ ͏ ͏ ͏ ͏ ͏ ͏ ͏ ͏ ͏ ͏ ͏ ͏ ͏ ͏ ͏ ͏ ͏ ͏ ͏ ͏ ͏ ͏ ͏ ͏ ͏ ͏ ͏ ͏ ͏ ͏ ͏ ͏ ͏ ͏ ͏ ͏ ͏ ͏ ͏ ͏ ͏ ͏,ham,2026-08-25T03:21:08+00:00
1a036abb364b3c87,"Catch up on Session 2 on-demand, and register for the final session","WEBINAR SERIES MongoDB Logo Webinar series Intro to MongoDB: Fundamentals Series August 27 Hi khushal, The MongoDB Fundamentals Mastery Series is wrapping up, but it&#39;s not too late to gain your",ham,2026-08-25T02:01:25+00:00
1a036930fa9d8cc9,"3 Core Ideas That Make Attention In Transformers Easy to Understand | Irene Markelic, PhD in Towards AI","Khushalsatani Stories for Khushalsatani @khushalsatani009·Become a member Medium daily digest Today&#39;s highlights Irene Markelic, PhD Irene Markelic, PhDinTowards AI 3 Core Ideas That Make Attention",ham,2026-08-25T01:40:00+00:00
1a0366c39fd9f64d,Industry leaders share wins and tradeoffs at AWS re:Invent 2026,"Hear from leaders at Amazon, Netflix, and more. Plus get 1-to-1 specialist access by vertical. AWS re:Invent 2026 | Las Vegas, November 30 - December 4. A large illuminated AWS neon sign glows in",ham,2026-08-25T00:57:36+00:00
1a0356d9779d1968,Research without the re-reading,"👋 Hi there, welcome to the AI Central ➡️ Sign up here to the free-forever… ͏ ͏ ͏ ͏ ͏ ͏ ͏ ͏ ͏ ͏ ͏ ͏ ͏ ͏ ͏ ͏ ͏ ͏ ͏ ͏ ͏ ͏ ͏ ͏ ͏ ͏ ͏ ͏ ͏ ͏ ͏ ͏ ͏ ͏ ͏ ͏ ͏ ͏ ͏ ͏ ͏ ͏ ͏ ͏ ͏ ͏ ͏ ͏ ͏ ͏ ͏ ͏ ͏ ͏ ͏ ͏ ͏ ͏ ͏ ͏ ͏ ͏ ͏",ham,2026-08-24T20:19:29+00:00
1a034ef3e61188f1,OTP to login,"Hi KHUSHAL JITESHBHAI SATANI, You have requested an OTP to login to your Upstox account. If this was you, please input the code below to continue. 016457 Please take a moment to review the details of",ham,2026-08-24T18:01:27+00:00
1a034ebb192c2a6c,OTP to login,"Hi KHUSHAL JITESHBHAI SATANI, You have requested an OTP to login to your Upstox account. If this was you, please input the code below to continue. 337885 Please take a moment to review the details of",ham,2026-08-24T17:57:35+00:00
1a034ce120f989ea,NSE - Public issue - Bidding information,"Dear TGMXXXXX5C, With reference to SEBI circular ref no.CIR/CFD/POLICYCELL/11/2015 dated November 10, 2015, the SMS and email alerts facility has been provided for ease and convenience of the investors",ham,2026-08-24T17:25:14+00:00
1a034bcf7694b292,"khusatani, catch up on moments you've missed","k9_kurdi , prettii.passion and others posted something new. Catch up on Instagram k9_kurdi, prettii.passion and others posted something new. Open Instagram 1 You have 1 notification you may not have",ham,2026-08-24T17:06:28+00:00
1a034b0c0b841520,"Wheat export ban lifted, L&T’s new Rs 15,000 cr order, & more - Groww Digest",All you need to know about the day ‌ ‌ ‌ ‌ ‌ ‌ ‌ ‌ ‌ ‌ ‌ ‌ ‌ ‌ ‌ ‌ ‌ ‌ ‌ ‌ ‌ ‌ ‌ ‌ ‌ ‌ ‌ ‌ ‌ ‌ ‌ ‌ ‌ ‌ ‌ ‌ ‌ ‌ ‌ ‌ ‌ ‌ ‌ ‌ ‌ ‌ ‌ ‌ ‌ ‌ Groww Digest 24 August 2026 Sensex 77369.11 ▼ 0.22% Nifty 24219.05,ham,2026-08-24T16:53:12+00:00
1a034af600dc6ddd,Gaja Alternative Asset Management Limited - IPO - Allotment Advice cum Unblocking Intimation,"Dear Investor, Greetings!! This is with reference to the application made by you in the initial public offering Gaja Alternative Asset Management Limited - IPO (&quot;Company&quot; or &quot;Issuer",ham,2026-08-24T16:51:42+00:00
1a034a0a0c640cdd,Beneficiary added to your savings account,"‌ ‌ ‌ ‌ ‌ ‌ ‌ ‌ ‌ ‌ ‌ ‌ ‌ ‌ ‌ ‌ ‌ ‌ ‌ ‌ ‌ ‌ ‌ ‌ ‌ ‌ ‌ ‌ ‌ ‌ ‌ ‌ ‌ ‌ ‌ ‌ ‌ ‌ ‌ ‌ ‌ ‌ ‌ ‌ ‌ ‌ ‌ ‌ ‌ ‌ ‌ ‌ ‌ ‌ ‌ ‌ ‌ ‌ ‌ ‌ ‌ ‌ ‌ ‌ ‌ ‌ ‌ ‌ ‌ ‌ ‌ ‌ ‌ ‌ ‌ ‌ ‌ ‌ Hi KHUSHAL JITESHBHAI, SATANI CHATURBHAI (",spam,2026-08-24T16:35:36+00:00
1a03498f1ad4086b,I am married for 2 years. My husband lied to me about his software job. He is currentl...,I am married for 2 years. My husband lied to me about his software job. He is currently unemployed. Not interested to do IT job. I am earning 70K per month. He took 30 lakh personal loan in th… Top,spam,2026-08-24T16:27:11+00:00
1a03494f092a8113,Claude answered a question from 1948,"Welcome back! Today: a 78-year-old geometry problem, six repos for running… ͏ ͏ ͏ ͏ ͏ ͏ ͏ ͏ ͏ ͏ ͏ ͏ ͏ ͏ ͏ ͏ ͏ ͏ ͏ ͏ ͏ ͏ ͏ ͏ ͏ ͏ ͏ ͏ ͏ ͏ ͏ ͏ ͏ ͏ ͏ ͏ ͏ ͏ ͏ ͏ ͏ ͏ ͏ ͏ ͏ ͏ ͏ ͏ ͏ ͏ ͏ ͏ ͏ ͏ ͏ ͏ ͏ ͏ ͏ ͏ ͏ ͏ ͏",ham,2026-08-24T16:22:50+00:00
1a03481570e53492,Compound Mini is being decommissioned,Important GroqCloud notice. Switch your models now. ͏ ͏ ͏ ͏ ͏ ͏ ͏ ͏ ͏ ͏ ͏ ͏ ͏ ͏ ͏ ͏ ͏ ͏ ͏ ͏ ͏ ͏ ͏ ͏ ͏ ͏ ͏ ͏ ͏ ͏ ͏ ͏ ͏ ͏ ͏ ͏ ͏ ͏ ͏ ͏ ͏ ͏ ͏ ͏ ͏ ͏ ͏ ͏ ͏ ͏ ͏ ͏ ͏ ͏ ͏ ͏ ͏ ͏ ͏ ͏ ͏ ͏ ͏ ͏ ͏ ͏ ͏ ͏ ͏ ͏ ͏ ͏ ͏ ͏ ͏,spam,2026-08-24T16:01:26+00:00
1a0344d824f9a4f0,Registration for Email Facility,Mr./Ms. KHUSHAL JITESHBHAI SATANI ( PAN:TGMXXXXX5C) greetings from NSE!. You have registered with Trading Member UPSTOX SECURITIES PRIVATE LIMITED with UCC: 85B86V. in segment(s) Cash Equity; Futures,ham,2026-08-24T15:04:48+00:00
1a03431bb28b27d2,"⚡ Weekly Recap: Zombie Card Fraud, Cloud Spectre Leaks, Auth Hijacks, and Windchill Web Shells",A package gets installed. A login prompt opens. A box sits exposed to the… ͏ ͏ ͏ ͏ ͏ ͏ ͏ ͏ ͏ ͏ ͏ ͏ ͏ ͏ ͏ ͏ ͏ ͏ ͏ ͏ ͏ ͏ ͏ ͏ ͏ ͏ ͏ ͏ ͏ ͏ ͏ ͏ ͏ ͏ ͏ ͏ ͏ ͏ ͏ ͏ ͏ ͏ ͏ ͏ ͏ ͏ ͏ ͏ ͏ ͏ ͏ ͏ ͏ ͏ ͏ ͏ ͏ ͏ ͏ ͏ ͏ ͏ ͏,ham,2026-08-24T14:34:29+00:00
1a033e75722f1539,Welcome to Upstox. Your account is now Active.,"Hey KHUSHAL JITESHBHAI SATANI, Thank you for choosing Upstox as your preferred trading and investing platform. Your Demat &amp; Trading account with Upstox has been activated. You can login using your",ham,2026-08-24T13:13:12+00:00
1a033d203e0e08f9,🤩 प्रैक्टिस सेंटर अब मुफ़्त है!,रिविज़न करने का समय हो गया है ‌ ‌ ‌ ‌ ‌ ‌ ‌ ‌ ‌ ‌ ‌ ‌ ‌ ‌ ‌ ‌ ‌ ‌ ‌ ‌ ‌ ‌ ‌ ‌ ‌ ‌ ‌ ‌ ‌ ‌ ‌ ‌ ‌ ‌ ‌ ‌ ‌ ‌ ‌ ‌ ‌ ‌ ‌ ‌ ‌ ‌ ‌ ‌ ‌ ‌ ‌ ‌ ‌ ‌ ‌ ‌ ‌ ‌ ‌ ‌ ‌ ‌ ‌ ‌ ‌ ‌ ‌ ‌ ‌ ‌ ‌ ‌ ‌ ‌ ‌ ‌ ‌ ‌ ‌ ‌ ‌ ‌ ‌ ‌ ‌ ‌,ham,2026-08-24T12:49:56+00:00
1a033be83d4a6831,For your records: CDSL Letter,"Hi KHUSHAL, Thank you for trading with Upstox! Here&#39;s a letter from CDSL about your demat account. Please keep this digital copy for your records and safe-keeping. Cheers, Upstox Team You have",ham,2026-08-24T12:28:35+00:00
1a0339b55963e767,IPO: Application placed | Tempsens Instruments IPO,"Stay on top of your investments with Groww Application Status Hello Khushal Jiteshbhai Satani, Your IPO application is successfully placed at the exchange. All you need to do now is hope for the shares",ham,2026-08-24T11:50:12+00:00
1a03393d647eecf1,AI-Driven Demand Forecasting for Wholesale Distributors: A Unified CRM and F&O Approach,"Wholesale distributors are facing increasingly volatile demand, inventory… ͏ ͏ ͏ ͏ ͏ ͏ ͏ ͏ ͏ ͏ ͏ ͏ ͏ ͏ ͏ ͏ ͏ ͏ ͏ ͏ ͏ ͏ ͏ ͏ ͏ ͏ ͏ ͏ ͏ ͏ ͏ ͏ ͏ ͏ ͏ ͏ ͏ ͏ ͏ ͏ ͏ ͏ ͏ ͏ ͏ ͏ ͏ ͏ ͏ ͏ ͏ ͏ ͏ ͏ ͏ ͏ ͏ ͏ ͏ ͏ ͏ ͏ ͏",ham,2026-08-24T11:42:01+00:00
1a0339316738d4ff,Digital copy of your form!,"Hi KHUSHAL, Welcome to Upstox, we&#39;re super excited to help you invest right, trade right, and build wealth the right way! For a smooth onboarding process, here&#39;s a handy list of essential",ham,2026-08-24T11:40:39+00:00
1a05c054a74b756c,⚡️ All-new Updates in August!,Hi There 👋🏻 August 2026 has been a month of contained volatility with the Nifty 50 swinging roughly between the mid-24000s and just above 24000 after a sharp volatility spike in July. Crude Oil prices,ham,2026-09-01T08:10:44+00:00
1a05bee57150f4f7,[GitHub] Sudo email verification code,"Please verify your identity, khushal910 Here is your GitHub sudo authentication code: 02616885 This code is valid for 15 minutes and can only be used once. Please don&#39;t share this code with anyone:",ham,2026-09-01T07:45:41+00:00
1a05bea52c2740f1,Limited-time: Try AWS Business Support+ risk-free for 60 days,Take advantage of a free 60-day trial for AWS Business Support+. AWS Logo AWS Business Support+ Unlock your 60-day trial today. AWS Business Support+ is a new support plan designed to help you resolve,ham,2026-09-01T07:41:18+00:00
1a05be8de7c09829,"khushal, 2 IPOs close today at 5:00 PM",3 hours left. Priority Jewels · 57.87× subscribed. ESDS Software · 44.81× subscribed. Bidding closes at 5:00 PM. ‌ ‌ ‌ ‌ ‌ ‌ ‌ ‌ ‌ ‌ α THE IPO DESK CLOSES TODAY Hi khushal — 3 hours left. Bidding for 2,ham,2026-09-01T07:39:42+00:00
1a05b71e0157a903,"My son is 21 and still lives with me , he doesn't work , he is a video gamer, up all n...","My son is 21 and still lives with me , he doesn&#39;t work , he is a video gamer, up all night and sleeps all day. He does cook for himself and he cleans the house, takes the dogs out when he gets… Top",spam,2026-09-01T05:29:43+00:00
1a05b6c9b37a35b9,[Notice] Approaching Free Build Pipeline Minute Limit,Render You&#39;re close to the build pipeline minute limit Your Render team My Workspace has used more than 70% of the 500 available free pipeline minutes this month. Once you&#39;ve used all of the,ham,2026-09-01T05:23:59+00:00
1a05b69228ba2d84,Haripriya just messaged you,1 new message awaits your response ͏ ͏ ͏ ͏ ͏ ͏ ͏ ͏ ͏ ͏ ͏ ͏ ͏ ͏ ͏ ͏ ͏ ͏ ͏ ͏ ͏ ͏ ͏ ͏ ͏ ͏ ͏ ͏ ͏ ͏ ͏ ͏ ͏ ͏ ͏ ͏ ͏ ͏ ͏ ͏ ͏ ͏ ͏ ͏ ͏ ͏ ͏ ͏ ͏ ͏ ͏ ͏ ͏ ͏ ͏ ͏ ͏ ͏ ͏ ͏ ͏ ͏ ͏ ͏ ͏ ͏ ͏ ͏ ͏ ͏ ͏ ͏ ͏ ͏ ͏ ͏ ͏ ͏ ͏ ͏ ͏ ͏ ͏,ham,2026-09-01T05:20:11+00:00
1a05afc2ef4ae714,Machine Learning Engineer (NLP / Large Language Models) at HYrEzy Tech Solutions: up to ₹3M/year,₹2.5M-₹3M / year salary ͏ ͏ ͏ ͏ ͏ ͏ ͏ ͏ ͏ ͏ ͏ ͏ ͏ ͏ ͏ ͏ ͏ ͏ ͏ ͏ ͏ ͏ ͏ ͏ ͏ ͏ ͏ ͏ ͏ ͏ ͏ ͏ ͏ ͏ ͏ ͏ ͏ ͏ ͏ ͏ ͏ ͏ ͏ ͏ ͏ ͏ ͏ ͏ ͏ ͏ ͏ ͏ ͏ ͏ ͏ ͏ ͏ ͏ ͏ ͏ ͏ ͏ ͏ ͏ ͏ ͏ ͏ ͏ ͏ ͏ ͏ ͏ ͏ ͏ ͏ ͏ ͏ ͏ ͏ ͏ ͏ ͏ ͏ ͏ ͏ ͏ ͏ ͏ ͏,ham,2026-09-01T03:21:10+00:00
1a05a9f9827d2814,AI Can Write the Code. These 10 Skills Keep Data Professionals Irreplaceable. | Henry in Data Science Collective,Khushalsatani Stories for Khushalsatani @khushalsatani009·Become a member Medium daily digest Today&#39;s highlights Henry HenryinData Science Collective AI Can Write the Code. These 10 Skills Keep,ham,2026-09-01T01:40:00+00:00
1a05a626580ffba7,[GitHub] coderabbitai is requesting updated permissions,"Updated Permissions Request The GitHub App coderabbitai is requesting additional access to your account. Hello there! You&#39;re receiving this email because the GitHub App coderabbitai, which is",ham,2026-09-01T00:33:12+00:00
1a05a5494d637fdd,Update for you: 1 new notification,A lot has happened on Facebook since you last logged in. Here are some notifications you&#39;ve missed from your friends. Khu Satani Notifications 1 new notification ‌ ‌ ‌ ‌ ‌ ‌ ‌ ‌ ‌ ‌ ‌ ‌ ‌ ‌ ‌ ‌ ‌ ‌,ham,2026-09-01T00:18:04+00:00
1a05a0813efc3742,Monthly Statement,Elefin Ltd. A/C No: 12345714587 Name: khushal satani Currency: USD 2026.08.31 23:59 Orders: Open Time Ticket Type Size Item Price S / L T / P Time State Comment No transactions Deals: Open Time Ticket,ham,2026-08-31T22:54:33+00:00
1a0596971097aa04,We built the program we wished existed when we started,"👋 Hi there, welcome to the AI Central ➡️ Sign up here to the free-forever… ͏ ͏ ͏ ͏ ͏ ͏ ͏ ͏ ͏ ͏ ͏ ͏ ͏ ͏ ͏ ͏ ͏ ͏ ͏ ͏ ͏ ͏ ͏ ͏ ͏ ͏ ͏ ͏ ͏ ͏ ͏ ͏ ͏ ͏ ͏ ͏ ͏ ͏ ͏ ͏ ͏ ͏ ͏ ͏ ͏ ͏ ͏ ͏ ͏ ͏ ͏ ͏ ͏ ͏ ͏ ͏ ͏ ͏ ͏ ͏ ͏ ͏ ͏",ham,2026-08-31T20:01:16+00:00
1a05932fee6f89d1,16 years of Zerodha: Business & Industry updates,"Zerodha logo Hey Satani, We turned 16 on August 15th. It&#39;s for sure been a long journey, but when I think of our first office from where we started on Aug 16th, 2010, it feels like just yesterday.",ham,2026-08-29T11:29:35+00:00
1a05904e7c4d70d1,"India’s GDP at 7.80%, Cipla-SBP Group licensing deal, & more - Groww Digest",All you need to know about the day ‌ ‌ ‌ ‌ ‌ ‌ ‌ ‌ ‌ ‌ ‌ ‌ ‌ ‌ ‌ ‌ ‌ ‌ ‌ ‌ ‌ ‌ ‌ ‌ ‌ ‌ ‌ ‌ ‌ ‌ ‌ ‌ ‌ ‌ ‌ ‌ ‌ ‌ ‌ ‌ ‌ ‌ ‌ ‌ ‌ ‌ ‌ ‌ ‌ ‌ Groww Digest 31 August 2026 Sensex 76957.27 ▼ 0.40% Nifty 24080.40,ham,2026-08-31T18:11:27+00:00
1a058aa04a4f97ca,I have 83 lakh of rupees. I will retire next month. Where should I invest so that I g...?,"Retiring with ₹83 lakh and expecting a fixed ₹3 lakh monthly income is unfortunately not realistic through safe investment options alone. As a financial planner, I&#39;d strongly advise against chas…",spam,2026-08-31T16:32:11+00:00
1a058963d24dc06b,NSE - Public issue - Bidding information,"Dear TGMXXXXX5C, With reference to SEBI circular ref no.CIR/CFD/POLICYCELL/11/2015 dated November 10, 2015, the SMS and email alerts facility has been provided for ease and convenience of the investors",ham,2026-08-31T16:10:34+00:00
1a0585f8a9245d6f,LuxAlgo is now a full-scale charting platform,"Quant Charts are live: full orderflow on every plan, CME futures data included, the entire Library built in, and our coding agent powering all of it. Free in your browser. LuxAlgo LuxAlgo is now a",ham,2026-08-31T15:07:42+00:00
1a0582d0e6da6c00,"HDFC Bank hits 52-week low, Adani Group stocks fall & more",NIFTY Media (-2.8%) and NIFTY Metal (-2.4%) were the top sectoral losers ﻿ ͏ ﻿ ͏ ﻿ ͏ ﻿ ͏ ﻿ ͏ ﻿ ͏ ﻿ ͏ ﻿ ͏ ﻿ ͏ ﻿ ͏ ﻿ ͏ ﻿ ͏ ﻿ ͏ ﻿ ͏ ﻿ ͏ ﻿ ͏ ﻿ ͏ ﻿ ͏ ﻿ ͏ ﻿ ͏ ﻿ ͏ ﻿ ͏ ﻿ ͏ ﻿ ͏ ﻿ ͏ ﻿ ͏ ﻿ ͏ ﻿ ͏ ﻿ ͏ ﻿ ͏ ﻿ ͏ ﻿ ͏,ham,2026-08-31T14:15:40+00:00
1a05820720226512,"⚡ Recap: Chinese Spy Proxy, AI Agents Go Off-Task, Router Backdoors, Banking Trojans and More",The boring parts caused most of the trouble. A router shipped ready to listen… ͏ ͏ ͏ ͏ ͏ ͏ ͏ ͏ ͏ ͏ ͏ ͏ ͏ ͏ ͏ ͏ ͏ ͏ ͏ ͏ ͏ ͏ ͏ ͏ ͏ ͏ ͏ ͏ ͏ ͏ ͏ ͏ ͏ ͏ ͏ ͏ ͏ ͏ ͏ ͏ ͏ ͏ ͏ ͏ ͏ ͏ ͏ ͏ ͏ ͏ ͏ ͏ ͏ ͏ ͏ ͏ ͏ ͏ ͏ ͏ ͏,ham,2026-08-31T14:01:56+00:00
1a0581fb57a85189,OpenAI stopped charging for tokens,"Welcome back! Today: failure becoming free, a 25% increase that leaves you with… ͏ ͏ ͏ ͏ ͏ ͏ ͏ ͏ ͏ ͏ ͏ ͏ ͏ ͏ ͏ ͏ ͏ ͏ ͏ ͏ ͏ ͏ ͏ ͏ ͏ ͏ ͏ ͏ ͏ ͏ ͏ ͏ ͏ ͏ ͏ ͏ ͏ ͏ ͏ ͏ ͏ ͏ ͏ ͏ ͏ ͏ ͏ ͏ ͏ ͏ ͏ ͏ ͏ ͏ ͏ ͏ ͏ ͏ ͏ ͏",ham,2026-08-31T14:01:07+00:00
1a0581f81c47e609,Operational Excellence Has a Data Problem,What building a global Lean Six Sigma program taught me about turning data… ͏ ͏ ͏ ͏ ͏ ͏ ͏ ͏ ͏ ͏ ͏ ͏ ͏ ͏ ͏ ͏ ͏ ͏ ͏ ͏ ͏ ͏ ͏ ͏ ͏ ͏ ͏ ͏ ͏ ͏ ͏ ͏ ͏ ͏ ͏ ͏ ͏ ͏ ͏ ͏ ͏ ͏ ͏ ͏ ͏ ͏ ͏ ͏ ͏ ͏ ͏ ͏ ͏ ͏ ͏ ͏ ͏ ͏ ͏ ͏ ͏ ͏ ͏,ham,2026-08-31T14:00:54+00:00
1a057b51ea657fbc,"DMF Skip Staging in Dynamics 365: Performance, Limitations, and Monitoring Best Practices",Large Dynamics 365 Finance &amp; Operations data imports can create processing… ͏ ͏ ͏ ͏ ͏ ͏ ͏ ͏ ͏ ͏ ͏ ͏ ͏ ͏ ͏ ͏ ͏ ͏ ͏ ͏ ͏ ͏ ͏ ͏ ͏ ͏ ͏ ͏ ͏ ͏ ͏ ͏ ͏ ͏ ͏ ͏ ͏ ͏ ͏ ͏ ͏ ͏ ͏ ͏ ͏ ͏ ͏ ͏ ͏ ͏ ͏ ͏ ͏ ͏ ͏ ͏ ͏ ͏ ͏ ͏ ͏,ham,2026-08-31T12:04:42+00:00
1a05794bb00ab834,Finish Your Signup – Verify You Email Now,"LegionFunding Dear , You are almost ready to access your account. To complete your setup, please verify your email address and set your password using the link below. This helps us keep your account",ham,2026-08-31T11:29:18+00:00
1a0577adb4a86699,Order Flow Breakouts & Correlations,"Your chance to incorporate audible order flow into your trading Hey Juicers! We&#39;ve created a piece of software that allows you to listen to orderflow, you can actually hear the buying and selling",spam,2026-08-31T11:00:51+00:00
1a0574245b88c91c,You have submitted your assignment submission for Task 3,DIVPL 26 -&gt;Assignment -&gt;Task 3 You have submitted an assignment submission for &#39;Task 3&#39;. You can see the status of your assignment submission.,ham,2026-08-31T09:59:15+00:00
1a0572797eda6656,Your slice savings account can be used for IPO applications,"Apply for IPOs straight from your slice savings account. ͏‌ ͏‌ ͏‌ ͏‌ ͏‌ ͏‌ ͏‌ ͏‌ ͏‌ ͏‌ ͏‌ ͏‌ ͏‌ ͏‌ ͏‌ ͏‌ ͏‌ ͏‌ ͏‌ ͏‌ slice Hi KHUSHAL JITESHBHAI, Your slice savings account can be used for IPO",spam,2026-08-31T09:30:06+00:00
1a057252abd340e5,Statement of Funds and Securities (SOF/SOS) for the week - 24 Aug 2026 to 29 Aug 2026,"Statement of Funds and Securities (SOF/SOS - Weekly) Dear Khushal, Thank You for choosing Dhan to execute your trades on Stock Exchanges. Please find attached, the Statement of Funds and Securities as",spam,2026-08-31T09:27:27+00:00
1a0571f656c29659,You have an invitation ✉️,Shivani is waiting for your response ͏ ͏ ͏ ͏ ͏ ͏ ͏ ͏ ͏ ͏ ͏ ͏ ͏ ͏ ͏ ͏ ͏ ͏ ͏ ͏ ͏ ͏ ͏ ͏ ͏ ͏ ͏ ͏ ͏ ͏ ͏ ͏ ͏ ͏ ͏ ͏ ͏ ͏ ͏ ͏ ͏ ͏ ͏ ͏ ͏ ͏ ͏ ͏ ͏ ͏ ͏ ͏ ͏ ͏ ͏ ͏ ͏ ͏ ͏ ͏ ͏ ͏ ͏ ͏ ͏ ͏ ͏ ͏ ͏ ͏ ͏ ͏ ͏ ͏ ͏ ͏ ͏ ͏ ͏ ͏ ͏ ͏,ham,2026-08-31T09:21:09+00:00
1a056d99fc5e1759,APAS.AI is hiring for a Gen AI role,Discover roles that match your interests ͏ ͏ ͏ ͏ ͏ ͏ ͏ ͏ ͏ ͏ ͏ ͏ ͏ ͏ ͏ ͏ ͏ ͏ ͏ ͏ ͏ ͏ ͏ ͏ ͏ ͏ ͏ ͏ ͏ ͏ ͏ ͏ ͏ ͏ ͏ ͏ ͏ ͏ ͏ ͏ ͏ ͏ ͏ ͏ ͏ ͏ ͏ ͏ ͏ ͏ ͏ ͏ ͏ ͏ ͏ ͏ ͏ ͏ ͏ ͏ ͏ ͏ ͏ ͏ ͏ ͏ ͏ ͏ ͏ ͏ ͏ ͏ ͏ ͏ ͏ ͏ ͏ ͏ ͏ ͏,ham,2026-08-31T08:04:57+00:00
1a056c25e67e196f,"khushal, Lumino Industries closes today",3 hours left. Lumino Industries · 34.18× subscribed. Bidding closes at 5:00 PM. ‌ ‌ ‌ ‌ ‌ ‌ ‌ ‌ ‌ ‌ α THE IPO DESK CLOSES TODAY Hi khushal — 3 hours left. Bidding for 1 Mainboard IPO closes at 5:00 PM.,ham,2026-08-31T07:39:33+00:00
1a056c03ed8e1d7f,Your Profile is not visible to recruiters,Your Profile is not active yet. You will not be able to apply to jobs and recruiters will not be able to contact you. Add missing details in your profile and become visible to recruiters now! naukri.,ham,2026-08-31T07:37:01+00:00
1a056aa3ae6e20cf,Haripriya just messaged you,1 new message awaits your response ͏ ͏ ͏ ͏ ͏ ͏ ͏ ͏ ͏ ͏ ͏ ͏ ͏ ͏ ͏ ͏ ͏ ͏ ͏ ͏ ͏ ͏ ͏ ͏ ͏ ͏ ͏ ͏ ͏ ͏ ͏ ͏ ͏ ͏ ͏ ͏ ͏ ͏ ͏ ͏ ͏ ͏ ͏ ͏ ͏ ͏ ͏ ͏ ͏ ͏ ͏ ͏ ͏ ͏ ͏ ͏ ͏ ͏ ͏ ͏ ͏ ͏ ͏ ͏ ͏ ͏ ͏ ͏ ͏ ͏ ͏ ͏ ͏ ͏ ͏ ͏ ͏ ͏ ͏ ͏ ͏ ͏ ͏,ham,2026-08-31T07:13:11+00:00
1a0569d5165bc63e,Good morning,"Good morning Somashree Somashree • 1.4K followers Fashion beauty &amp; style, essence of women Somashree Somashree, Photography, new fashion design style &amp; much more Posted Aug 17 Good morning Read",ham,2026-08-31T06:59:05+00:00
1a0569d385ce868a,Weekly Account Statement for BDU926 2026-08-24 - 2026-08-29,"Dear Satani Khushal Jiteshbhai, The account statements for the period 2026-08-24 - 2026-08-29 are attached in accordance with this Exchange Circular. If you have any concerns with the account statement",ham,2026-08-31T06:58:57+00:00
1a0567a375e045af,Let Brevo do the heavy lifting,"3 simple growth strategies Turn campaigns into conversions with our easy-to-use marketing tools Hey Khushal, We&#39;re thrilled to have you be part of the Brevo community! To help you grow your",ham,2026-08-31T06:15:16+00:00
1a056786db1ddb2d,IPOs to watch this week!,Stay updated with all IPO details ‌ ‌ ‌ ‌ ‌ ‌ ‌ ‌ ‌ ‌ ‌ ‌ ‌ ‌ ‌ ‌ ‌ ‌ ‌ ‌ ‌ ‌ ‌ ‌ ‌ ‌ ‌ ‌ ‌ ‌ ‌ ‌ ‌ ‌ ‌ ‌ ‌ ‌ ‌ ‌ ‌ ‌ ‌ ‌ ‌ ‌ ‌ ‌ ‌ ‌ IPOs open to apply ESDS Software Solution They provide AI-enabled,ham,2026-08-31T06:18:47+00:00
1a05646bae776819,How tall are Telugu actors?,Chiranjeevi - 5′9″ (175 cm) Balakrishna - 5′7″ (171 cm) Nagarjuna - 6″ (182 cm) Venkatesh - 5′11″ (180 cm) Pawan Kalyan - 5′10″ (177 cm) Allu Arjun - 5′7.5″ (172 cm) Prabhas - 6′2.5″ (189 cm) Ma… Top,spam,2026-08-31T05:24:30+00:00
1a05643a9768d021,You have an invitation ✉️,"Haripriya, Talent Engineer Intern from Enterprise Minds, Inc is waiting for your response ͏ ͏ ͏ ͏ ͏ ͏ ͏ ͏ ͏ ͏ ͏ ͏ ͏ ͏ ͏ ͏ ͏ ͏ ͏ ͏ ͏ ͏ ͏ ͏ ͏ ͏ ͏ ͏ ͏ ͏ ͏ ͏ ͏ ͏ ͏ ͏ ͏ ͏ ͏ ͏ ͏ ͏ ͏ ͏ ͏ ͏ ͏ ͏ ͏ ͏ ͏ ͏ ͏ ͏ ͏ ͏",ham,2026-08-31T05:21:09+00:00
1a055f9debbf47a7,Faster builds on Vercel Pro,Ship more iterations in less time on Pro ‍͏ ͏ ‍͏ ͏ ‍͏ ͏ ‍͏ ͏ ‍͏ ͏ ‍͏ ͏ ‍͏ ͏ ‍͏ ͏ ‍͏ ͏ ‍͏ ͏ ‍͏ ͏ ‍͏ ͏ ‍͏ ͏ ‍͏ ͏ ‍͏ ͏ ‍͏ ͏ ‍͏ ͏ ‍͏ ͏ ‍͏ ͏ ‍͏ ͏ ‍͏ ͏ ‍͏ ͏ ‍͏ ͏ ‍͏ ͏ ‍͏ ͏ ‍͏ ͏ ‍͏ ͏ ‍͏ ͏ ‍͏ ͏ ‍͏ ͏ ‍͏ ͏ ‍͏ ͏,ham,2026-08-31T04:00:33+00:00
1a055d5c463c6c2d,Machine Learning (AI) Engineer (Hybrid) at Quik Hire Staffing: up to $500K/hour,$200K-$500K / hour salary ͏ ͏ ͏ ͏ ͏ ͏ ͏ ͏ ͏ ͏ ͏ ͏ ͏ ͏ ͏ ͏ ͏ ͏ ͏ ͏ ͏ ͏ ͏ ͏ ͏ ͏ ͏ ͏ ͏ ͏ ͏ ͏ ͏ ͏ ͏ ͏ ͏ ͏ ͏ ͏ ͏ ͏ ͏ ͏ ͏ ͏ ͏ ͏ ͏ ͏ ͏ ͏ ͏ ͏ ͏ ͏ ͏ ͏ ͏ ͏ ͏ ͏ ͏ ͏ ͏ ͏ ͏ ͏ ͏ ͏ ͏ ͏ ͏ ͏ ͏ ͏ ͏ ͏ ͏ ͏ ͏ ͏ ͏ ͏ ͏ ͏ ͏ ͏,ham,2026-08-31T03:21:07+00:00
1a05579308e44fa6,Stop Wasting LLM Tokens: Building a Self-Updating Codebase Knowledge Graph with OKF | Udaykiran Estari in Data Science Collective,Khushalsatani Stories for Khushalsatani @khushalsatani009·Become a member Medium daily digest Today&#39;s highlights Udaykiran Estari Udaykiran EstariinData Science Collective Stop Wasting LLM Tokens:,ham,2026-08-31T01:40:00+00:00
1a0550147498adec,Demo Trading BTCUSD Stop Loss triggered - Execution pending,Notification from Delta Exchange ͏ ‌ ﻿ ͏ ‌ ﻿ ͏ ‌ ﻿ ͏ ‌ ﻿ ͏ ‌ ﻿ ͏ ‌ ﻿ ͏ ‌ ﻿ ͏ ‌ ﻿ ͏ ‌ ﻿ ͏ ‌ ﻿ ͏ ‌ ﻿ ͏ ‌ ﻿ ͏ ‌ ﻿ ͏ ‌ ﻿ ͏ ‌ ﻿ ͏ ‌ ﻿ ͏ ‌ ﻿ ͏ ‌ ﻿ ͏ ‌ ﻿ ͏ ‌ ﻿ ͏ ‌ ﻿ ͏ ‌ ﻿ ͏ ‌ ﻿ ͏ ‌ ﻿ ͏ ‌ ﻿ ͏ ‌ ﻿ ͏ ‌ ﻿ ͏ ‌ ﻿,ham,2026-08-30T23:29:01+00:00
1a05427ff48f2448,Stop waiting for a developer,"👋 Hi there, welcome to the AI Central ➡️ Sign up here to the free-forever… ͏ ͏ ͏ ͏ ͏ ͏ ͏ ͏ ͏ ͏ ͏ ͏ ͏ ͏ ͏ ͏ ͏ ͏ ͏ ͏ ͏ ͏ ͏ ͏ ͏ ͏ ͏ ͏ ͏ ͏ ͏ ͏ ͏ ͏ ͏ ͏ ͏ ͏ ͏ ͏ ͏ ͏ ͏ ͏ ͏ ͏ ͏ ͏ ͏ ͏ ͏ ͏ ͏ ͏ ͏ ͏ ͏ ͏ ͏ ͏ ͏ ͏ ͏",ham,2026-08-30T19:31:42+00:00
1a054040663ff9f5,👋 Welcome to CoinDesk,"You&#39;re in. Get the news, data, and insights that move markets. ͏ ͏ ͏ ͏ ͏ ͏ ͏ ͏ ͏ ͏ ͏ ͏ ͏ ͏ ͏ ͏ ͏ ͏ ͏ ͏ ͏ ͏ ͏ ͏ ͏ ͏ ͏ ͏ ͏ ͏ ͏ ͏ ͏ ͏ ͏ ͏ ͏ ͏ ͏ ͏ ͏ ͏ ͏ ͏ ͏ ͏ ͏ ͏ ͏ ͏ ͏ ͏ ͏ Welcome to CoinDesk. You now",ham,2026-08-30T18:52:25+00:00
1a05403e21bf25f8,You shared some Google Account data with CoinDesk,Keep track of your Google Account data khushalsatani009@gmail.com You&#39;re receiving this email because you used Sign in with Google to sign in to CoinDesk on 31 August at 00:22. This email,ham,2026-08-30T18:52:15+00:00
1a053e46024183d5,You shared some Google Account data with Perplexity AI,Keep track of your Google Account data khushalsatani009@gmail.com You&#39;re receiving this email because you used Sign in with Google to sign in to Perplexity AI on 30 August at 23:47. This email,ham,2026-08-30T18:17:50+00:00
1a05384f333f2955,Why do many software engineers not like Java?,"I wrote Java for many years in the Android world. Java is terrible because it uses memory like no other language. The memory consumption is absurd, and the design decisions (no unsigned integer… Top",spam,2026-08-30T16:33:36+00:00
1a0536e3c722ff5e,"For every learner, in every school season.",Explore courses and programs that make core subjects feel fresh again. ‌ ‌ ‌ ‌ ‌ ‌ ‌ ‌ ‌ ‌ ‌ ‌ ‌ ‌ ‌ ‌ ‌ ‌ ‌ ‌ ‌ ‌ ‌ ‌ ‌ ‌ ‌ ‌ ‌ ‌ ‌ ‌ ‌ ‌ ‌ ‌ ‌ ‌ ‌ ‌ ‌ ‌ ‌ ‌ ‌ ‌ ‌ ‌ ‌ ‌ ‌ ‌ ‌ ‌ ‌ ‌ ‌ ‌ ‌ ‌ ‌ ‌ ‌ ‌ ‌,ham,2026-08-30T16:08:46+00:00
1a052fe80569090e,🚨Why a 75% loss rate made him happy,A 2x world champion explains why ͏ ͏ ͏ ͏ ͏ ͏ ͏ ͏ ͏ ͏ ͏ ͏ ͏ ͏ ͏ ͏ ͏ ͏ ͏ ͏ ͏ ͏ ͏ ͏ ͏ ͏ ͏ ͏ ͏ ͏ ͏ ͏ ͏ ͏ ͏ ͏ ͏ ͏ ͏ ͏ ͏ ͏ ͏ ͏ ͏ ͏ ͏ ͏ ͏ ͏ ͏ ͏ ͏ ͏ ͏ ͏ ͏ ͏ ͏ ͏ ͏ ͏ ͏ ͏ ͏ ͏ ͏ ͏ ͏ ͏ ͏ ͏ ͏ ͏ ͏ ͏ ͏ ͏ ͏ ͏ ͏ ͏ ͏ ͏,ham,2026-08-30T14:06:44+00:00
1a0528ac8cd497b7,Welcome to Runway. Let's make something.,Explore what you can do in your first few minutes. ͏ ‌ ﻿ ͏ ‌ ﻿ ͏ ‌ ﻿ ͏ ‌ ﻿ ͏ ‌ ﻿ ͏ ‌ ﻿ ͏ ‌ ﻿ ͏ ‌ ﻿ ͏ ‌ ﻿ ͏ ‌ ﻿ ͏ ‌ ﻿ ͏ ‌ ﻿ ͏ ‌ ﻿ ͏ ‌ ﻿ ͏ ‌ ﻿ ͏ ‌ ﻿ ͏ ‌ ﻿ ͏ ‌ ﻿ ͏ ‌ ﻿ ͏ ‌ ﻿ ͏ ‌ ﻿ ͏ ‌ ﻿ ͏ ‌ ﻿ ͏ ‌ ﻿ ͏ ‌ ﻿,ham,2026-08-30T12:00:21+00:00
1a0527da93525355,WEEK - 17,🚀 THIS WEEK IN ONE BREATH Nvidia just proved AI spending isn&#39;t slowing down… ͏ ͏ ͏ ͏ ͏ ͏ ͏ ͏ ͏ ͏ ͏ ͏ ͏ ͏ ͏ ͏ ͏ ͏ ͏ ͏ ͏ ͏ ͏ ͏ ͏ ͏ ͏ ͏ ͏ ͏ ͏ ͏ ͏ ͏ ͏ ͏ ͏ ͏ ͏ ͏ ͏ ͏ ͏ ͏ ͏ ͏ ͏ ͏ ͏ ͏ ͏ ͏ ͏ ͏ ͏ ͏ ͏ ͏ ͏ ͏,ham,2026-08-30T11:46:02+00:00
1a0521cc697e4da5,You shared some Google Account data with Runway,Keep track of your Google Account data khushalsatani009@gmail.com You&#39;re receiving this email because you used Sign in with Google to sign in to Runway on 30 August at 15:30. This email summarises,ham,2026-08-30T10:00:12+00:00
1a05219980dec7be,You shared some Google Account data with invideo AI,Keep track of your Google Account data khushalsatani009@gmail.com You&#39;re receiving this email because you used Sign in with Google to sign in to invideo AI on 30 August at 15:26. This email,ham,2026-08-30T09:56:44+00:00
1a05122501c25343,"I cleared (RBI ASSISTANT, LIC AAO, LIC ADO, SBI PO, IBPS PO, RRB PO, SBI CLERK, IBPS C...","I cleared (RBI ASSISTANT, LIC AAO, LIC ADO, SBI PO, IBPS PO, RRB PO, SBI CLERK, IBPS CLERK, RRB CLERK, FCI, SSC CGL, SSC CHSL) prelims ✓ I am currently working as PO in BANK OF MAHARASHTRA Her… Top",spam,2026-08-30T05:26:37+00:00
1a051037c29006a7,"khushal, Jobs with no degree requirement and salary upto Rs 25,000 per month. Apply now!",Fresh roles are filling fast — check and apply now! naukri.com Get app Jobs that are hiring right now No experience. No degree. Just apply. Work from Home/ Remote View jobs Data Entry/Back Office View,ham,2026-08-30T04:52:47+00:00
1a050b88d56aded1,Personal Branding 101 #02,I Rebuilt My LinkedIn Profile From Scratch I had already spent a lot of time… ͏ ͏ ͏ ͏ ͏ ͏ ͏ ͏ ͏ ͏ ͏ ͏ ͏ ͏ ͏ ͏ ͏ ͏ ͏ ͏ ͏ ͏ ͏ ͏ ͏ ͏ ͏ ͏ ͏ ͏ ͏ ͏ ͏ ͏ ͏ ͏ ͏ ͏ ͏ ͏ ͏ ͏ ͏ ͏ ͏ ͏ ͏ ͏ ͏ ͏ ͏ ͏ ͏ ͏ ͏ ͏ ͏ ͏ ͏ ͏ ͏ ͏,ham,2026-08-30T03:31:06+00:00
1a050af7048c1bf0,Machine Learning (AI) Engineer (Hybrid) at Quik Hire Staffing: up to $500K/year,$200K-$500K / year salary ͏ ͏ ͏ ͏ ͏ ͏ ͏ ͏ ͏ ͏ ͏ ͏ ͏ ͏ ͏ ͏ ͏ ͏ ͏ ͏ ͏ ͏ ͏ ͏ ͏ ͏ ͏ ͏ ͏ ͏ ͏ ͏ ͏ ͏ ͏ ͏ ͏ ͏ ͏ ͏ ͏ ͏ ͏ ͏ ͏ ͏ ͏ ͏ ͏ ͏ ͏ ͏ ͏ ͏ ͏ ͏ ͏ ͏ ͏ ͏ ͏ ͏ ͏ ͏ ͏ ͏ ͏ ͏ ͏ ͏ ͏ ͏ ͏ ͏ ͏ ͏ ͏ ͏ ͏ ͏ ͏ ͏ ͏ ͏ ͏ ͏ ͏ ͏,ham,2026-08-30T03:21:09+00:00
1a0509353a589314,You've almost reached your goal in CS50's Introduction to Artificial Intelligence with Python,"You&#39;re almost there, khushal901! You set a goal of learning 1 time a week in CS50&#39;s Introduction to Artificial Intelligence with Python. Now it&#39;s up to you to make those goals a reality.",ham,2026-08-30T02:50:26+00:00
1a0505b676c955d2,130+ year old stock becomes multi-bagger,All you need to know about the day ‌ ‌ ‌ ‌ ‌ ‌ ‌ ‌ ‌ ‌ ‌ ‌ ‌ ‌ ‌ ‌ ‌ ‌ ‌ ‌ ‌ ‌ ‌ ‌ ‌ ‌ ‌ ‌ ‌ ‌ ‌ ‌ ‌ ‌ ‌ ‌ ‌ ‌ ‌ ‌ ‌ ‌ ‌ ‌ ‌ ‌ ‌ ‌ ‌ ‌ The week that was and much more. Groww Digest Weekly 30 August,ham,2026-08-30T01:49:21+00:00
1a05052dc0ac234c,5 AI Security Projects That Will Get You Hired in 2026 (and beyond) .. | Taimur Ijlal,Khushalsatani Stories for Khushalsatani @khushalsatani009·Become a member Medium daily digest Today&#39;s highlights Taimur Ijlal Taimur Ijlal 5 AI Security Projects That Will Get You Hired in 2026 (,ham,2026-08-30T01:40:00+00:00
1a04ee0475321d38,50% off. Last call.,"We upped your discount for the final stretch. Medium Start your membership. Hi Khushalsatani, If you&#39;ve been on the fence, now&#39;s the time—we bumped your discount to 50% off membership.",ham,2026-08-29T18:55:14+00:00
1a04ec4dc04b0173,Successful Login From New IP 2409:40c1:1006:d3d8:10d3:676e:37be:322d - 2026-08-29 18:25:18 UTC,Notification from Delta Exchange ͏ ‌ ﻿ ͏ ‌ ﻿ ͏ ‌ ﻿ ͏ ‌ ﻿ ͏ ‌ ﻿ ͏ ‌ ﻿ ͏ ‌ ﻿ ͏ ‌ ﻿ ͏ ‌ ﻿ ͏ ‌ ﻿ ͏ ‌ ﻿ ͏ ‌ ﻿ ͏ ‌ ﻿ ͏ ‌ ﻿ ͏ ‌ ﻿ ͏ ‌ ﻿ ͏ ‌ ﻿ ͏ ‌ ﻿ ͏ ‌ ﻿ ͏ ‌ ﻿ ͏ ‌ ﻿ ͏ ‌ ﻿ ͏ ‌ ﻿ ͏ ‌ ﻿ ͏ ‌ ﻿ ͏ ‌ ﻿ ͏ ‌ ﻿ ͏ ‌ ﻿,ham,2026-08-29T18:25:18+00:00
1a04e8caddf1b0b2,Demo Trading Successful Login From New IP 152.58.61.138 - 2026-08-29 17:23:56 UTC,Notification from Delta Exchange ͏ ‌ ﻿ ͏ ‌ ﻿ ͏ ‌ ﻿ ͏ ‌ ﻿ ͏ ‌ ﻿ ͏ ‌ ﻿ ͏ ‌ ﻿ ͏ ‌ ﻿ ͏ ‌ ﻿ ͏ ‌ ﻿ ͏ ‌ ﻿ ͏ ‌ ﻿ ͏ ‌ ﻿ ͏ ‌ ﻿ ͏ ‌ ﻿ ͏ ‌ ﻿ ͏ ‌ ﻿ ͏ ‌ ﻿ ͏ ‌ ﻿ ͏ ‌ ﻿ ͏ ‌ ﻿ ͏ ‌ ﻿ ͏ ‌ ﻿ ͏ ‌ ﻿ ͏ ‌ ﻿ ͏ ‌ ﻿ ͏ ‌ ﻿ ͏ ‌ ﻿,ham,2026-08-29T17:23:56+00:00
1a04e8985794df70,Successful Login From New IP 2409:40c1:15:b4ec:41e8:3783:f102:15bb - 2026-08-29 17:20:29 UTC,Notification from Delta Exchange ͏ ‌ ﻿ ͏ ‌ ﻿ ͏ ‌ ﻿ ͏ ‌ ﻿ ͏ ‌ ﻿ ͏ ‌ ﻿ ͏ ‌ ﻿ ͏ ‌ ﻿ ͏ ‌ ﻿ ͏ ‌ ﻿ ͏ ‌ ﻿ ͏ ‌ ﻿ ͏ ‌ ﻿ ͏ ‌ ﻿ ͏ ‌ ﻿ ͏ ‌ ﻿ ͏ ‌ ﻿ ͏ ‌ ﻿ ͏ ‌ ﻿ ͏ ‌ ﻿ ͏ ‌ ﻿ ͏ ‌ ﻿ ͏ ‌ ﻿ ͏ ‌ ﻿ ͏ ‌ ﻿ ͏ ‌ ﻿ ͏ ‌ ﻿ ͏ ‌ ﻿,ham,2026-08-29T17:20:30+00:00
1a04e5aa8fb7e18c,"As an IITian, what is your salary? Are you happy?",I recently graduated from IIT Madras in 2021 with a degree in Electrical Engineering. I got placed at a core electronics company and starting with my first job in July 2021. My salary is — CTC … Top,spam,2026-08-29T16:29:18+00:00
1a04e3112949c2f4,Failed production deployments on team 'khushal910's projects',"Hello, khushal910. There was an error deploying ipo-desk-jwvf to the production environment. See deployment details If you&#39;d like to report an issue, reach out to Vercel Help. Manage your",ham,2026-08-29T15:43:53+00:00
1a04e2e528673dd1,build failed for IPODesk-frontend,Render We encountered an error during the build process for IPODesk-frontend. This means your build didn&#39;t complete successfully and your latest changes may not be live. Reason: &quot;Exited with,ham,2026-08-29T15:40:53+00:00
1a04d628d2d2fa9b,Funds/Securities Balance,"Dear Investor, With reference to NSE circulars NSE/INSP/46704 dated December 17, 2020, and NSE/INSP/55039 dated December 28, 2022, Trading members are required to upload clients&#39; securities balance",ham,2026-08-29T11:58:17+00:00
1a04d31b2af1ad9d,Why your coding agent breaks at turn 50,It&#39;s not your prompts. I rewrote mine twice - same result. ͏ ͏ ͏ ͏ ͏ ͏ ͏ ͏ ͏ ͏ ͏ ͏ ͏ ͏ ͏ ͏ ͏ ͏ ͏ ͏ ͏ ͏ ͏ ͏ ͏ ͏ ͏ ͏ ͏ ͏ ͏ ͏ ͏ ͏ ͏ ͏ ͏ ͏ ͏ ͏ ͏ ͏ ͏ ͏ ͏ ͏ ͏ ͏ ͏ ͏ ͏ ͏ ͏ ͏ ͏ ͏ ͏ ͏ ͏ ͏ ͏ ͏ ͏ ͏ ͏ ͏ ͏ ͏ ͏,ham,2026-08-29T11:04:56+00:00
1a04cf353370c09c,From AI Experiments to P&L Impact: Making AI Work in Manufacturing,Manufacturers had loads of data. The more difficult question is whether that… ͏ ͏ ͏ ͏ ͏ ͏ ͏ ͏ ͏ ͏ ͏ ͏ ͏ ͏ ͏ ͏ ͏ ͏ ͏ ͏ ͏ ͏ ͏ ͏ ͏ ͏ ͏ ͏ ͏ ͏ ͏ ͏ ͏ ͏ ͏ ͏ ͏ ͏ ͏ ͏ ͏ ͏ ͏ ͏ ͏ ͏ ͏ ͏ ͏ ͏ ͏ ͏ ͏ ͏ ͏ ͏ ͏ ͏ ͏ ͏ ͏ ͏,ham,2026-08-29T09:56:49+00:00
1a04cd85a05215ec,Received ₹1 in your slice account,"Hi KHUSHAL JITESHBHAI, You have received ₹1 via UPI in your slice bank account xx5611. Avl. Bal. ₹1,45412.94 Transaction date 29-Aug-26 From HIMANSHU BHAVESHBHAI RAMANI RRN 624114210669 Best, Team",spam,2026-08-29T09:27:21+00:00
1a04bf99f1aa19bc,2005 - Cognizant - 1.8 lac p.a. 2007 - TCS - 3.2 lac p.a. 2010 - TCS - 5.6 lac p.a. 20...,2005 - Cognizant - 1.8 lac pa 2007 - TCS - 3.2 lac pa 2010 - TCS - 5.6 lac pa 2014 - TCS - 6.5 lac pa (horrible concept of reducing salary) 2015 - CTS - 9 lac pa 2017 - Accenture - 1… Top stories for,spam,2026-08-29T05:24:05+00:00
1a04bf6f38ad6b17,Machine Learning (AI) Engineer (Hybrid) at Quik Hire Staffing,Quik Hire Staffing Machine Learning (AI) Engineer (Hybrid): Role: Machine Learning (AI) Engineer… ͏ ͏ ͏ ͏ ͏ ͏ ͏ ͏ ͏ ͏ ͏ ͏ ͏ ͏ ͏ ͏ ͏ ͏ ͏ ͏ ͏ ͏ ͏ ͏ ͏ ͏ ͏ ͏ ͏ ͏ ͏ ͏ ͏ ͏ ͏ ͏ ͏ ͏ ͏ ͏ ͏ ͏ ͏ ͏ ͏ ͏ ͏ ͏ ͏ ͏ ͏ ͏,ham,2026-08-29T05:21:09+00:00
1a04b89110815e8d,Machine Learning (AI) Engineer (Hybrid) at Quik Hire Staffing,Quik Hire Staffing Machine Learning (AI) Engineer (Hybrid): Role: Machine Learning (AI) Engineer… ͏ ͏ ͏ ͏ ͏ ͏ ͏ ͏ ͏ ͏ ͏ ͏ ͏ ͏ ͏ ͏ ͏ ͏ ͏ ͏ ͏ ͏ ͏ ͏ ͏ ͏ ͏ ͏ ͏ ͏ ͏ ͏ ͏ ͏ ͏ ͏ ͏ ͏ ͏ ͏ ͏ ͏ ͏ ͏ ͏ ͏ ͏ ͏ ͏ ͏ ͏ ͏,ham,2026-08-29T03:21:08+00:00
1a04b4fc6d2d2c12,Debit transaction alert for Axis Bank A/c,"BANNER IMAGE 29-08-2026 Dear Customer, Thank you for banking with us. We wish to inform you that your A/c no. XX0355 has been debited with INR 40005.90 on 29-08-26 07:48:32 IST by IMPS/P2A/624107620432",ham,2026-08-29T02:18:33+00:00
1a04b3f7e25f4711,"Why Did Your ML Model Make That Prediction? (Feature Importance, SHAP & Model Explainability)",A model can achieve 98% accuracy and still leave you asking one uncomfortable… ͏ ͏ ͏ ͏ ͏ ͏ ͏ ͏ ͏ ͏ ͏ ͏ ͏ ͏ ͏ ͏ ͏ ͏ ͏ ͏ ͏ ͏ ͏ ͏ ͏ ͏ ͏ ͏ ͏ ͏ ͏ ͏ ͏ ͏ ͏ ͏ ͏ ͏ ͏ ͏ ͏ ͏ ͏ ͏ ͏ ͏ ͏ ͏ ͏ ͏ ͏ ͏ ͏ ͏ ͏ ͏ ͏ ͏ ͏ ͏ ͏,ham,2026-08-29T02:00:47+00:00
1a04b2c80a7ec23d,New UX/UI Trends That Top Designers Are Switching To! | Punit Chawla in Muzli - Design Inspiration,Khushalsatani Stories for Khushalsatani @khushalsatani009·Become a member Medium daily digest Today&#39;s highlights Punit Chawla Punit ChawlainMuzli - Design Inspiration New UX/UI Trends That Top,ham,2026-08-29T01:40:00+00:00
1a04a4fdcd2d9404,Take back control of your AI coding workflow,"Go from a Claude Code baseline to hybrid and fully local coding workflows, and learn the tradeoffs at every layer. ͏ ͏ ͏ ͏ ͏ ͏ ͏ ͏ ͏ ͏ ͏ ͏ ͏ ͏ ͏ ͏ ͏ ͏ ͏ ͏ ͏ ͏ ͏ ͏ ͏ ͏ ͏ ͏ ͏ ͏ ͏ ͏ ͏ ͏ ͏ ͏ ͏ ͏ ͏ ͏ ͏ ͏ ͏",ham,2026-08-28T21:39:02+00:00
1a049e2361ee72de,"राखी लाई हैं पृथ्वी, गंगा, गौरैया, और आपकी संस्था - आप रक्षा का वचन देंगे?","आज रक्षाबंधन है। घर-घर में बहनें भाइयों की कलाई पर धागा बाँध रही हैं, और भाई वचन दे रहे हैं ,&quot;मैं तेरी रक्षा करूँगा।&quot; आचार्य जी ने राखी के सत्र में एक सीधा सवाल रखा: रक्षा किसकी की जाती है?",spam,2026-08-28T19:39:16+00:00
1a049db387e6ee26,How to Build Voice Agents (Full Guide Using ElevenLabs),"👋 Hi there, welcome to the AI Central ➡️ Sign up here to the free-forever… ͏ ͏ ͏ ͏ ͏ ͏ ͏ ͏ ͏ ͏ ͏ ͏ ͏ ͏ ͏ ͏ ͏ ͏ ͏ ͏ ͏ ͏ ͏ ͏ ͏ ͏ ͏ ͏ ͏ ͏ ͏ ͏ ͏ ͏ ͏ ͏ ͏ ͏ ͏ ͏ ͏ ͏ ͏ ͏ ͏ ͏ ͏ ͏ ͏ ͏ ͏ ͏ ͏ ͏ ͏ ͏ ͏ ͏ ͏ ͏ ͏ ͏ ͏",ham,2026-08-28T19:31:38+00:00
1a0496571aceaf6c,Update for you: 1 new notification,A lot has happened on Facebook since you last logged in. Here are some notifications you&#39;ve missed from your friends. Khu Satani Notifications 1 new notification ‌ ‌ ‌ ‌ ‌ ‌ ‌ ‌ ‌ ‌ ‌ ‌ ‌ ‌ ‌ ‌ ‌ ‌,ham,2026-08-28T17:22:56+00:00
1a0495e99adb2a33,"Jio Platforms IPO gets SEBI approval, Hero Moto increases stake in Ather, & more - Groww Digest",All you need to know about the day ‌ ‌ ‌ ‌ ‌ ‌ ‌ ‌ ‌ ‌ ‌ ‌ ‌ ‌ ‌ ‌ ‌ ‌ ‌ ‌ ‌ ‌ ‌ ‌ ‌ ‌ ‌ ‌ ‌ ‌ ‌ ‌ ‌ ‌ ‌ ‌ ‌ ‌ ‌ ‌ ‌ ‌ ‌ ‌ ‌ ‌ ‌ ‌ ‌ ‌ Groww Digest 28 August 2026 Sensex 77264.51 ▲ 0.43% Nifty 24175.65,ham,2026-08-28T17:15:30+00:00
1a04950bb56ec292,Your MongoDB Atlas M0 cluster will be automatically paused in 7 days,"ORGANIZATION khushal&#39;s Org - 2025-08-04 PROJECT FleetFlow Hi khushal, Your M0 free tier cluster, Fleet, has been inactive since 2026/08/04. MongoDB Atlas will automatically pause this cluster after",ham,2026-08-28T17:00:22+00:00
1a0493fd95df4a36,SSC CGL MAINS MARKS 2025 325/390 OBC. Computer - 18. Whether I'll get level - 7 posts ...,SSC CGL MAINS MARKS 2025 325/390 OBC. Computer - 18. Whether I&#39;ll get level - 7 posts or level - 6 like OS in Chennai? I know level 7 is quite not possible because of CPT marks. Gonna challeng… Top,spam,2026-08-28T16:41:55+00:00
1a048f77be89b2fe,"Payee added via the Axis Bank Mobile Banking App, open","Revised_Banner 28-08-2026 Dear Customer, Shiva is now added as your Payee via the Axis Bank Mobile Banking App, open. Feel free to connect with us for any clarification. Call us on: 18001035577 (Toll",ham,2026-08-28T15:22:52+00:00
1a048cfaf9a67060,NVIDIA spent more than $12.9 billion in one week,"Welcome back! Today: NVIDIA buying the platform its competitors publish on, a… ͏ ͏ ͏ ͏ ͏ ͏ ͏ ͏ ͏ ͏ ͏ ͏ ͏ ͏ ͏ ͏ ͏ ͏ ͏ ͏ ͏ ͏ ͏ ͏ ͏ ͏ ͏ ͏ ͏ ͏ ͏ ͏ ͏ ͏ ͏ ͏ ͏ ͏ ͏ ͏ ͏ ͏ ͏ ͏ ͏ ͏ ͏ ͏ ͏ ͏ ͏ ͏ ͏ ͏ ͏ ͏ ͏ ͏ ͏ ͏ ͏",ham,2026-08-28T14:39:25+00:00
1a048ca77f95e56d,"राखी लाई हैं पृथ्वी, गंगा, गौरैया, और आपकी संस्था - आप रक्षा का वचन देंगे?","आज रक्षाबंधन है। घर-घर में बहनें भाइयों की कलाई पर धागा बाँध रही हैं, और भाई वचन दे रहे हैं ,&quot;मैं तेरी रक्षा करूँगा।&quot; आचार्य जी ने राखी के सत्र में एक सीधा सवाल रखा: रक्षा किसकी की जाती है?",spam,2026-08-28T14:33:42+00:00
1a04894bf4bb227e,You shared some Google Account data with financialjuice.com,Keep track of your Google Account data khushalsatani009@gmail.com You&#39;re receiving this email because you used Sign in with Google to sign in to financialjuice.com on 28 August at 19:04. This email,ham,2026-08-28T13:35:01+00:00
1a0485ae2f165bc9,"IT stocks rally, Ather Energy hits 52-week high & more",NIFTY IT (+3.5%) and NIFTY Metal (+0.7%) were the top sectoral gainers ﻿ ͏ ﻿ ͏ ﻿ ͏ ﻿ ͏ ﻿ ͏ ﻿ ͏ ﻿ ͏ ﻿ ͏ ﻿ ͏ ﻿ ͏ ﻿ ͏ ﻿ ͏ ﻿ ͏ ﻿ ͏ ﻿ ͏ ﻿ ͏ ﻿ ͏ ﻿ ͏ ﻿ ͏ ﻿ ͏ ﻿ ͏ ﻿ ͏ ﻿ ͏ ﻿ ͏ ﻿ ͏ ﻿ ͏ ﻿ ͏ ﻿ ͏ ﻿ ͏ ﻿ ͏ ﻿ ͏ ﻿ ͏ ﻿,ham,2026-08-28T12:31:48+00:00
1a04858d2ee9d54c,"Bootcamp Reminder: Build & Deploy a Real, Working AI Product","Prompt. Build. Ship. Your Next AI Product Starts Here Hi Learner, The Product Manager job just changed. Today, 94% of product professionals use AI tools every day, saving ~4 hours per task. Table",ham,2026-08-28T12:28:30+00:00
1a04855972046052,Augmont Enterprises Limited - IPO - Allotment Advice cum Unblocking Intimation,"Dear Investor, Greetings!! This is with reference to the application made by you in the initial public offering Augmont Enterprises Limited - IPO (&quot;Company&quot; or &quot;Issuer&quot;). Please",ham,2026-08-28T12:26:02+00:00
1a047e480ce837d4,आज कमज़ोर की रक्षा कौन करेगा?,"रक्षाबंधन की शुभकामनाएँ 🌼 हर युग में ताक़तवर ने कमज़ोर का शोषण किया है। इसलिए आचार्य जी कहते हैं कि रक्षा का सबसे सार्थक अर्थ है, कमज़ोर के लिए खड़ा होना। आज हमारी पृथ्वी, पेड़-पौधे, पशु-पक्षी और जानवर",spam,2026-08-28T10:22:32+00:00
1a047e139c6d722d,"AI Adoption is Outpacing Governance, New SANS Data Shows",See where 536 security professionals say AI programs are falling short. AI… ͏ ͏ ͏ ͏ ͏ ͏ ͏ ͏ ͏ ͏ ͏ ͏ ͏ ͏ ͏ ͏ ͏ ͏ ͏ ͏ ͏ ͏ ͏ ͏ ͏ ͏ ͏ ͏ ͏ ͏ ͏ ͏ ͏ ͏ ͏ ͏ ͏ ͏ ͏ ͏ ͏ ͏ ͏ ͏ ͏ ͏ ͏ ͏ ͏ ͏ ͏ ͏ ͏ ͏ ͏ ͏ ͏ ͏ ͏ ͏ ͏ ͏ ͏,ham,2026-08-28T10:18:57+00:00
1a047d5d14abde52,Reminder: moving business off Fiverr risks your account,"Fiverr. Fiverr. Hi jaysatani, As a freelance marketplace, part of our job is to protect you from abusive clients and other risks, but that protection only works on-platform. We&#39;ve seen reports of",ham,2026-08-28T09:57:16+00:00
1a047b98ea166551,"Khushal, it's Rakhi. Go see them today.",We&#39;ll be there in minutes. Book now.,ham,2026-08-28T09:33:05+00:00
1a0477783fb2ade7,Unsubscribe,This message was automatically generated by Gmail.,ham,2026-08-28T08:23:30+00:00
1a04769b33a628fb,Rakhi Sale is Live - Flat 20% Off Bus Bookings! 🎉,Use code RAKHIBUS and book your seat home today. #Paytmkaro Paytm Travel Paytm Travel - Bus Tickets Paytm Travel - Train Tickets Flight Bus Train Hotel Follow Us Facebook Twitter Instagram Instagram,ham,2026-08-28T08:08:24+00:00
1a0474f35c733e27,"khushal, Annu Projects closes today",3 hours left. Annu Projects · 1.77× subscribed. Bidding closes at 5:00 PM. ‌ ‌ ‌ ‌ ‌ ‌ ‌ ‌ ‌ ‌ α THE IPO DESK CLOSES TODAY Hi khushal — 3 hours left. Bidding for 1 Mainboard IPO closes at 5:00 PM.,ham,2026-08-28T07:39:27+00:00
1a046d66e27f1ec5,IBPS PO PRE SCORECARD,"hello guys .. how are you! these days are really tough , my SBI clerk pre is on 12th Nov , RRB po interview is on 17th nov and IBPS po mains is on 26th nov. so today ibps po pre scores is out … Top",spam,2026-08-28T05:27:32+00:00
1a046ad50ac1c812,Augmont Enterprises Limited - IPO - Allotment Advice cum Unblocking Intimation,"Dear Investor, Greetings!! This is with reference to the application made by you in the initial public offering of Augmont Enterprises Limited - IPO (&quot;Company&quot; or &quot;Issuer&quot;). Please",ham,2026-08-28T04:42:37+00:00
1a046a9c931d727e,"khushal, Alphave is working normally again","The technical issue on our website has been resolved. Sorry for the trouble. ‌ ‌ ‌ ‌ ‌ ‌ ‌ ‌ ‌ ‌ α Alphave Dear khushal, We sincerely apologize for the inconvenience you experienced due to a temporary",ham,2026-08-28T04:38:46+00:00
1a04662b17e9d60e,Machine Learning (AI) Engineer (Hybrid) at Quik Hire Staffing: up to $500K/year,$200K-$500K / year salary ͏ ͏ ͏ ͏ ͏ ͏ ͏ ͏ ͏ ͏ ͏ ͏ ͏ ͏ ͏ ͏ ͏ ͏ ͏ ͏ ͏ ͏ ͏ ͏ ͏ ͏ ͏ ͏ ͏ ͏ ͏ ͏ ͏ ͏ ͏ ͏ ͏ ͏ ͏ ͏ ͏ ͏ ͏ ͏ ͏ ͏ ͏ ͏ ͏ ͏ ͏ ͏ ͏ ͏ ͏ ͏ ͏ ͏ ͏ ͏ ͏ ͏ ͏ ͏ ͏ ͏ ͏ ͏ ͏ ͏ ͏ ͏ ͏ ͏ ͏ ͏ ͏ ͏ ͏ ͏ ͏ ͏ ͏ ͏ ͏ ͏ ͏ ͏,ham,2026-08-28T03:21:07+00:00
1a046160aaa42bd4,[GitHub] Cursor is requesting updated permissions,"Updated Permissions Request The GitHub App Cursor is requesting additional access to your account. Hello there! You&#39;re receiving this email because the GitHub App Cursor, which is currently",ham,2026-08-28T01:57:24+00:00
1a046061c35d8d8d,Data Scientist vs ML Engineer vs MLOps Engineer | Manoj Saini in Cloud Wizards,Khushalsatani Stories for Khushalsatani @khushalsatani009·Become a member Medium daily digest Today&#39;s highlights Manoj Saini Manoj SainiinCloud Wizards Data Scientist vs ML Engineer vs MLOps,ham,2026-08-28T01:40:00+00:00
1a04512612355039,Software Engineering Fundamentals Remain Essential for AI Developers,"GLM-5.3&#39;s Exploits, AI Models and Hardware Speed Up, DeepSeek&#39;s New Agent Harness ͏ ͏ ͏ ͏ ͏ ͏ ͏ ͏ ͏ ͏ ͏ ͏ ͏ ͏ ͏ ͏ ͏ ͏ ͏ ͏ ͏ ͏ ͏ ͏ ͏ ͏ ͏ ͏ ͏ ͏ ͏ ͏ ͏ ͏ ͏ ͏ ͏ ͏ ͏ ͏ ͏ ͏ ͏ ͏ ͏ ͏ ͏ ͏ ͏ ͏ ͏ ͏ ͏ ͏ ͏ ͏",ham,2026-08-27T21:13:00+00:00
1a044db2ec74499f,How to Build Your Research Stack Using SciSpace,"👋 Hi there, welcome to the AI Central ➡️ Sign up here to the free-forever… ͏ ͏ ͏ ͏ ͏ ͏ ͏ ͏ ͏ ͏ ͏ ͏ ͏ ͏ ͏ ͏ ͏ ͏ ͏ ͏ ͏ ͏ ͏ ͏ ͏ ͏ ͏ ͏ ͏ ͏ ͏ ͏ ͏ ͏ ͏ ͏ ͏ ͏ ͏ ͏ ͏ ͏ ͏ ͏ ͏ ͏ ͏ ͏ ͏ ͏ ͏ ͏ ͏ ͏ ͏ ͏ ͏ ͏ ͏ ͏ ͏ ͏ ͏",ham,2026-08-27T20:13:30+00:00
1a044cd195ca074f,New: CodeRabbit Security & Cursor Plugin,"$10M+ open source commitment, CodeRabbit Security findings, and the new Cursor plugin—see what dropped this month in Code Signal. ͏ ͏ ͏ ͏ ͏ ͏ ͏ ͏ ͏ ͏ ͏ ͏ ͏ ͏ ͏ ͏ ͏ ͏ ͏ ͏ ͏ ͏ ͏ ͏ ͏ ͏ ͏ ͏ ͏ ͏ ͏ ͏ ͏ ͏ ͏ ͏",ham,2026-08-27T19:58:06+00:00
1a044763b5ba6a8f,[khushal910/MailSentry] PR run failed: MailSentry Continuous Integration (CI) - refactor: eliminate all redundant loading spinners and make the AI Em… (2f72915),[khushal910/MailSentry] MailSentry Continuous Integration (CI) workflow run MailSentry Continuous Integration (CI): Some jobs were not successful View workflow run Status Job Annotations MailSentry,ham,2026-08-27T18:23:12+00:00
1a04475462677bf2,Re: [khushal910/MailSentry] refactor: eliminate all redundant loading spinners and make the AI Em… (PR #81),vercel[bot] left a comment (khushal910/MailSentry#81) The latest updates on your projects. Learn more about Vercel for GitHub. Project Deployment Actions Updated (UTC) mailsentry Ready Ready Preview,ham,2026-08-27T18:22:11+00:00
1a0447544234b5cc,Re: [khushal910/MailSentry] refactor: eliminate all redundant loading spinners and make the AI Em… (PR #81),coderabbitai[bot] left a comment (khushal910/MailSentry#81) Warning Review limit reached Next included review available in 11 minutes. View limit details Limit details: You&#39;ve used the included,ham,2026-08-27T18:22:11+00:00
1a044753dd73e468,Re: [khushal910/MailSentry] refactor: eliminate all redundant loading spinners and make the AI Em… (PR #81),"@Copilot commented on this pull request. Copilot was unable to review this pull request because the user who requested the review has reached their quota limit. — Reply to this email directly, view it",ham,2026-08-27T18:22:08+00:00
1a04475324fbc912,Re: [khushal910/MailSentry] refactor: eliminate all redundant loading spinners and make the AI Em… (PR #81),"dagshub[bot] left a comment (khushal910/MailSentry#81) Join the discussion on DagsHub! — Reply to this email directly, view it on GitHub, or unsubscribe. Triage notifications, keep track of coding",ham,2026-08-27T18:22:06+00:00
1a05ca27041db187,Your slice savings account can be used for IPO applications,"Apply for IPOs straight from your slice savings account. ͏‌ ͏‌ ͏‌ ͏‌ ͏‌ ͏‌ ͏‌ ͏‌ ͏‌ ͏‌ ͏‌ ͏‌ ͏‌ ͏‌ ͏‌ ͏‌ ͏‌ ͏‌ ͏‌ ͏‌ slice Hi KHUSHAL JITESHBHAI, Your slice savings account can be used for IPO",spam,2026-09-01T11:02:23+00:00
1a05c93120872cce,Introducing Axis Bank’s Wire Transfer Services on Internet Banking,"Now live with faster, smarter wire transfers at your fingertips Can&#39;t see this email properly? View the web version | View this message in your mobile Launching a seamless way to receive",ham,2026-09-01T08:27:13+00:00
1a05c3149b5df65c,🪗 Choosing The Right Accordion Icon: Which Works Best? ▼▶,So what icon is the most reliable to show expansion and collapsing for… ͏ ͏ ͏ ͏ ͏ ͏ ͏ ͏ ͏ ͏ ͏ ͏ ͏ ͏ ͏ ͏ ͏ ͏ ͏ ͏ ͏ ͏ ͏ ͏ ͏ ͏ ͏ ͏ ͏ ͏ ͏ ͏ ͏ ͏ ͏ ͏ ͏ ͏ ͏ ͏ ͏ ͏ ͏ ͏ ͏ ͏ ͏ ͏ ͏ ͏ ͏ ͏ ͏ ͏ ͏ ͏ ͏ ͏ ͏ ͏ ͏ ͏ ͏ ͏ ͏,ham,2026-09-01T08:58:48+00:00
1a060228143cfc1e,MLOps / AI Infrastructure Engineer at Jobgether,Jobgether MLOps / AI Infrastructure Engineer: This position is listed on behalf of a partner… ͏ ͏ ͏ ͏ ͏ ͏ ͏ ͏ ͏ ͏ ͏ ͏ ͏ ͏ ͏ ͏ ͏ ͏ ͏ ͏ ͏ ͏ ͏ ͏ ͏ ͏ ͏ ͏ ͏ ͏ ͏ ͏ ͏ ͏ ͏ ͏ ͏ ͏ ͏ ͏ ͏ ͏ ͏ ͏ ͏ ͏ ͏ ͏ ͏ ͏ ͏ ͏ ͏ ͏,ham,2026-09-02T03:21:08+00:00
1a06021559ae286c,🔔INDmoney now runs full-screen on iPads and Android tablets,"INDmoney now runs full-screen on iPad and Android tablets. No more stretched phone layout. Charts, holdings and watchlists get the room they need. INDmoney Experience INDmoney — Now on a Bigger Screen",ham,2026-09-02T03:19:51+00:00
1a05fefb7ec1892c,Amazon Web Services GST Invoice Available,"AWS logo Greetings from Amazon Web Services, We are writing to notify you that your AWS Account has GST Invoice(s) available. They can be downloaded from the “Bills” section of the Billing &amp; Cost",ham,2026-09-02T02:25:39+00:00
1a05fc5e86d80ce8,How Stress Moves From the Mind to the Immune System | Stephanie Jyet Quan Loo in The Microscope,Khushalsatani Stories for Khushalsatani @khushalsatani009·Become a member Medium daily digest Today&#39;s highlights Stephanie Jyet Quan Loo Stephanie Jyet Quan LooinThe Microscope How Stress Moves,ham,2026-09-02T01:40:00+00:00
1a05fba8261ce75d,LUMINO INDUSTRIES LIMITED - IPO - Allotment Advice cum Refund Intimation.,"LUMINO INDUSTRIES LIMITED Dear Investor, Greetings!! Subject: LUMINO INDUSTRIES LIMITED - IPO - Allotment Advice cum Refund Intimation This is with reference to the application made by you in the",ham,2026-09-02T01:27:28+00:00
1a05fa3579a2d6fe,The Data Intelligence Platform for Dummies,"Accelerate ETL,﻿ data warehousing,﻿ BI and AI ‍͏ ͏ ‍͏ ͏ ‍͏ ͏ ‍͏ ͏ ‍͏ ͏ ‍͏ ͏ ‍͏ ͏ ‍͏ ͏ ‍͏ ͏ ‍͏ ͏ ‍͏ ͏ ‍͏ ͏ ‍͏ ͏ ‍͏ ͏ ‍͏ ͏ ‍͏ ͏ ‍͏ ͏ ‍͏ ͏ ‍͏ ͏ ‍͏ ͏ ‍͏ ͏ ‍͏ ͏ ‍͏ ͏ ‍͏ ͏ ‍͏ ͏ ‍͏ ͏ ‍͏ ͏ ‍͏ ͏ ‍͏ ͏ ‍͏ ͏ ‍͏ ͏",ham,2026-09-02T01:01:32+00:00
1a05f0fee954ac43,How Modern AI Engineering Interviews Work in 2026,"AI can help you execute much faster, but the idea is how you can reason through an ambiguous engineering problem and make the right decisions about it. ͏ ͏ ͏ ͏ ͏ ͏ ͏ ͏ ͏ ͏ ͏ ͏ ͏ ͏ ͏ ͏ ͏ ͏ ͏ ͏ ͏ ͏ ͏ ͏ ͏",ham,2026-09-01T22:17:25+00:00
1a05f051515e0d9e,Action required: security vulnerabilities detected in your projects,Security issues require your attention ‌​‍‎‏﻿ ‌​‍‎‏﻿ ‌​‍‎‏﻿ ‌​‍‎‏﻿ ‌​‍‎‏﻿ ‌​‍‎‏﻿ ‌​‍‎‏﻿ ‌​‍‎‏﻿ ‌​‍‎‏﻿ ‌​‍‎‏﻿ ‌​‍‎‏﻿ ‌​‍‎‏﻿ ‌​‍‎‏﻿ ‌​‍‎‏﻿ ‌​‍‎‏﻿ ‌​‍‎‏﻿ ‌​‍‎‏﻿ ‌​‍‎‏﻿ ‌​‍‎‏﻿ ‌​‍‎‏﻿ ‌​‍‎‏﻿ ‌​‍‎‏﻿ ‌​‍‎‏﻿ ‌,ham,2026-09-01T22:09:22+00:00
1a05ee2ef01fac11,Your Supabase Project khushal910's Project is going to be paused.,"Hi there, To save on cloud resources I just did a scan of all our projects and identified those which have not seen sufficient activity for more than 7 days. Your project khushal910&#39;s Project(ID:",ham,2026-09-01T21:32:04+00:00
1a05ee08ddf41454,Manufacturing trust in the age of agents,"Docker Leaders Kick-Off WeAreDevelopers on the Main Stage Docker x WAD docker run docker/next Docker takes the main stage at WeAreDevelopers World Congress. Three talks on trust, ownership, and one",ham,2026-09-01T21:29:28+00:00
1a05e63fbb069db4,"Jorge Medina (Groou Studio) ""The core issue was never executing the thing""","👋 Hi there, welcome to the AI Central. Click here to join our 300000 readers… ͏ ͏ ͏ ͏ ͏ ͏ ͏ ͏ ͏ ͏ ͏ ͏ ͏ ͏ ͏ ͏ ͏ ͏ ͏ ͏ ͏ ͏ ͏ ͏ ͏ ͏ ͏ ͏ ͏ ͏ ͏ ͏ ͏ ͏ ͏ ͏ ͏ ͏ ͏ ͏ ͏ ͏ ͏ ͏ ͏ ͏ ͏ ͏ ͏ ͏ ͏ ͏ ͏ ͏ ͏ ͏ ͏ ͏ ͏ ͏ ͏ ͏",ham,2026-09-01T19:13:25+00:00
1a05e19237556802,CodeSignal courses are now on edX!,Ready to take on the future of tech? ‌ ‌ ‌ ‌ ‌ ‌ ‌ ‌ ‌ ‌ ‌ ‌ ‌ ‌ ‌ ‌ ‌ ‌ ‌ ‌ ‌ ‌ ‌ ‌ ‌ ‌ ‌ ‌ ‌ ‌ ‌ ‌ ‌ ‌ ‌ ‌ ‌ ‌ ‌ ‌ ‌ ‌ ‌ ‌ ‌ ‌ ‌ ‌ ‌ ‌ ‌ ‌ ‌ ‌ ‌ ‌ ‌ ‌ ‌ ‌ ‌ ‌ ‌ ‌ ‌ ‌ ‌ ‌ ‌ ‌ ‌ ‌ ‌ ‌ ‌ ‌ ‌ ‌ ‌ ‌ ‌ ‌,ham,2026-09-01T17:47:51+00:00
1a05dee9f207b1c4,Is an MBBS worth it?,If you get Rank under 50000 in NEET UG Let&#39;s take example Fees of private MBBS in India is around 1 crore While fees of CA in India is Around 88k Starting Salary of CA is around 1 lakhs rs … Top,spam,2026-09-01T17:05:11+00:00
1a05de80541adc69,Medium Day 2026 is back! Save your spot,"Medium Medium Day Hi Khushalsatani, Every day, readers on Medium discover something new. Maybe a new idea, a new writer, or just a new way of seeing something familiar. On September 18, we&#39;re",ham,2026-09-01T16:58:00+00:00
1a05dc8b77926e43,"Bigger free tier, metrics API, and MCP spec support","Plus agent plugins, suppression list control, and our first conference. ‌​‍‎‏﻿ ‌​‍‎‏﻿ ‌​‍‎‏﻿ ‌​‍‎‏﻿ ‌​‍‎‏﻿ ‌​‍‎‏﻿ ‌​‍‎‏﻿ ‌​‍‎‏﻿ ‌​‍‎‏﻿ ‌​‍‎‏﻿ ‌​‍‎‏﻿ ‌​‍‎‏﻿ ‌​‍‎‏﻿ ‌​‍‎‏﻿ ‌​‍‎‏﻿ ‌​‍‎‏﻿ ‌​‍‎‏﻿ ‌​‍‎‏﻿ ‌​‍",ham,2026-09-01T16:23:49+00:00
1a05db6393534379,🏢 Nvidia Acquires Hugging Face + Anthropic's $45B Data Center Deal + AI Tool for Scientific Experiments,"Plus: Nvidia&#39;s $3.5B MediaTek bet, IBM&#39;s new Granite 4.2 models, Google announces Gemini 3.5 Transcribe, and Sony Music &amp; Warner sue Anthropic ‌ ‌ ‌ ‌ ‌ ‌ ‌ ‌ ‌ ‌ ‌ ‌ ‌ ‌ ‌ ‌ ‌ ‌ ‌ ‌ ‌ ‌ ‌",ham,2026-09-01T16:03:38+00:00
1a05daaea7688d60,Stay Alert: Protect Yourself from Fraudulent Investment Activities,"Stay Alert: Protect Yourself from Fraudulent Investment Activities IND money Dear Customer, Greetings of the day! In our continuous effort to keep you safeguarded from the market related frauds and",ham,2026-09-01T15:51:16+00:00
1a05d85d30a64078,"GST collections up 14.80%, Happiest Minds to merge into ITC Infotech, & more - Groww Digest",All you need to know about the day ‌ ‌ ‌ ‌ ‌ ‌ ‌ ‌ ‌ ‌ ‌ ‌ ‌ ‌ ‌ ‌ ‌ ‌ ‌ ‌ ‌ ‌ ‌ ‌ ‌ ‌ ‌ ‌ ‌ ‌ ‌ ‌ ‌ ‌ ‌ ‌ ‌ ‌ ‌ ‌ ‌ ‌ ‌ ‌ ‌ ‌ ‌ ‌ ‌ ‌ Groww Digest 01 September 2026 Sensex 76944.28 ▼ 0.02% Nifty,ham,2026-09-01T15:10:45+00:00
1a05d300147c3265,Unsubscribe,This message was automatically generated by Gmail.,ham,2026-09-01T13:37:02+00:00
1a05d1597e4ca75c,"ITC Infotech to acquire Happiest Minds, Milky Mist hits 10% upper circuit & more",NIFTY Financial Services (-1.9%) and NIFTY Pharma (-1.4%) were the top sectoral losers ﻿ ͏ ﻿ ͏ ﻿ ͏ ﻿ ͏ ﻿ ͏ ﻿ ͏ ﻿ ͏ ﻿ ͏ ﻿ ͏ ﻿ ͏ ﻿ ͏ ﻿ ͏ ﻿ ͏ ﻿ ͏ ﻿ ͏ ﻿ ͏ ﻿ ͏ ﻿ ͏ ﻿ ͏ ﻿ ͏ ﻿ ͏ ﻿ ͏ ﻿ ͏ ﻿ ͏ ﻿ ͏ ﻿ ͏ ﻿ ͏ ﻿ ͏ ﻿,ham,2026-09-01T13:08:08+00:00
1a060716a8d16790,Re: [khushal910/MailSentry] refactor: Silent Background Prefetching on Login and Instant Zero-Wai… (PR #82),"@Copilot commented on this pull request. 🟡 Changes recommended The Auto Classifier route now renders an error state that is not reachable due to missing state-setting on failure, and there are also",ham,2026-09-02T04:47:20+00:00
1a0606e4355aa0d6,Re: [khushal910/MailSentry] refactor: Silent Background Prefetching on Login and Instant Zero-Wai… (PR #82),coderabbitai[bot] left a comment (khushal910/MailSentry#82) Important 🔍 Trigger review This repository does not receive automatic reviews because it has fewer than 10 stars. ⚙️ Run configuration,ham,2026-09-02T04:43:53+00:00
1a0606e41c77363d,Re: [khushal910/MailSentry] refactor: Silent Background Prefetching on Login and Instant Zero-Wai… (PR #82),vercel[bot] left a comment (khushal910/MailSentry#82) The latest updates on your projects. Learn more about Vercel for GitHub. Project Deployment Actions Updated mailsentry Building Building Preview,ham,2026-09-02T04:43:53+00:00
1a0606e36e984b18,Re: [khushal910/MailSentry] refactor: Silent Background Prefetching on Login and Instant Zero-Wai… (PR #82),"dagshub[bot] left a comment (khushal910/MailSentry#82) Join the discussion on DagsHub! — Reply to this email directly, view it on GitHub, or unsubscribe. Triage notifications, keep track of coding",ham,2026-09-02T04:43:50+00:00
1a06063fb9b13dbf,free ai,Get ypur free free ai for free,ham,2026-09-02T04:32:32+00:00
19fcc426a8f51211,[khushal910/MailSentry] Run failed: .github/workflows/ci.yml - dependabot/pip/backend/python-jose-3.5.0 (0cc34fe),[khushal910/MailSentry] .github/workflows/ci.yml workflow run .github/workflows/ci.yml: No jobs were run View workflow run — You are receiving this because you are subscribed to this thread. Manage,ham,2026-08-04T10:12:11+00:00
19fcc41fc6ba713b,[khushal910/MailSentry] Run failed: .github/workflows/ci.yml - main (f81f534),[khushal910/MailSentry] .github/workflows/ci.yml workflow run .github/workflows/ci.yml: No jobs were run View workflow run — You are receiving this because you are subscribed to this thread. Manage,ham,2026-08-04T10:11:43+00:00
19fcc41489d3c617,[khushal910/MailSentry] Run failed: .github/workflows/ci.yml - main (a3e0376),[khushal910/MailSentry] .github/workflows/ci.yml workflow run .github/workflows/ci.yml: No jobs were run View workflow run — You are receiving this because you are subscribed to this thread. Manage,ham,2026-08-04T10:10:57+00:00
19fcc3fc36702957,Re: [khushal910/MailSentry] chore(deps-frontend)(deps-dev): bump eslint from 9.39.4 to 10.8.0 in /frontend (PR #16),"@dependabot[bot] requested your review on: khushal910/MailSentry#16 chore(deps-frontend)(deps-dev): bump eslint from 9.39.4 to 10.8.0 in /frontend as a code owner. — Reply to this email directly, view",ham,2026-08-04T10:09:18+00:00
19fcc3fbfff3cde2,Re: [khushal910/MailSentry] chore(deps-frontend)(deps-dev): bump eslint from 9.39.4 to 10.8.0 in /frontend (PR #16),"@dependabot[bot] pushed 1 commit. 82d4788 chore(deps-frontend)(deps-dev): bump eslint in /frontend — View it on GitHub or unsubscribe. Triage notifications, keep track of coding agent tasks and review",ham,2026-08-04T10:09:17+00:00
19fcc3fbf1cd761a,Re: [khushal910/MailSentry] chore(deps-frontend)(deps-dev): bump eslint-plugin-react-refresh from 0.4.26 to 0.5.3 in /frontend (PR #14),@dependabot[bot] requested your review on: khushal910/MailSentry#14 chore(deps-frontend)(deps-dev): bump eslint-plugin-react-refresh from 0.4.26 to 0.5.3 in /frontend as a code owner. — Reply to this,ham,2026-08-04T10:09:17+00:00
19fcc3fb91bc37cf,Re: [khushal910/MailSentry] chore(deps-frontend)(deps-dev): bump eslint-plugin-react-refresh from 0.4.26 to 0.5.3 in /frontend (PR #14),"@dependabot[bot] pushed 1 commit. 7accf51 chore(deps-frontend)(deps-dev): bump eslint-plugin-react-refresh — View it on GitHub or unsubscribe. Triage notifications, keep track of coding agent tasks and",ham,2026-08-04T10:09:15+00:00
19fcc3fb064edefc,Re: [khushal910/MailSentry] chore(deps-frontend)(deps-dev): bump eslint-plugin-react-hooks from 5.2.0 to 7.1.1 in /frontend (PR #11),@dependabot[bot] requested your review on: khushal910/MailSentry#11 chore(deps-frontend)(deps-dev): bump eslint-plugin-react-hooks from 5.2.0 to 7.1.1 in /frontend as a code owner. — Reply to this,ham,2026-08-04T10:09:13+00:00
19fcc3fae8eb4de7,Re: [khushal910/MailSentry] chore(deps-frontend)(deps-dev): bump eslint-plugin-react-hooks from 5.2.0 to 7.1.1 in /frontend (PR #11),"@dependabot[bot] pushed 1 commit. 47e0035 chore(deps-frontend)(deps-dev): bump eslint-plugin-react-hooks — View it on GitHub or unsubscribe. Triage notifications, keep track of coding agent tasks and",ham,2026-08-04T10:09:13+00:00
19fcc3faa82c2139,Re: [khushal910/MailSentry] chore(deps-frontend)(deps-dev): bump @types/node from 22.19.17 to 26.1.2 in /frontend (PR #13),@dependabot[bot] requested your review on: khushal910/MailSentry#13 chore(deps-frontend)(deps-dev): bump @types/node from 22.19.17 to 26.1.2 in /frontend as a code owner. — Reply to this email directly,ham,2026-08-04T10:09:11+00:00
19fcc3fa7e5ce626,Re: [khushal910/MailSentry] chore(deps-frontend)(deps-dev): bump @types/node from 22.19.17 to 26.1.2 in /frontend (PR #13),"@dependabot[bot] pushed 1 commit. 0a39838 chore(deps-frontend)(deps-dev): bump @types/node in /frontend — View it on GitHub or unsubscribe. Triage notifications, keep track of coding agent tasks and",ham,2026-08-04T10:09:11+00:00
19fcc3de1c421bfe,[khushal910/MailSentry] Run failed: .github/workflows/ci.yml - main (8e72330),[khushal910/MailSentry] .github/workflows/ci.yml workflow run .github/workflows/ci.yml: No jobs were run View workflow run — You are receiving this because you are subscribed to this thread. Manage,ham,2026-08-04T10:07:14+00:00
19fcc3d5069da108,[khushal910/MailSentry] Run failed: .github/workflows/ci.yml - main (f33e3a5),[khushal910/MailSentry] .github/workflows/ci.yml workflow run .github/workflows/ci.yml: No jobs were run View workflow run — You are receiving this because you are subscribed to this thread. Manage,ham,2026-08-04T10:06:37+00:00
19fcc319d2f89b56,[khushal910/MailSentry] Debugging and fixing login authentication flow — Implementing and validating the fix,Debugging and fixing login authentication flow — Implementing and validating the fix Session completed khushal910/MailSentry View session Manage notification settings — View it on GitHub. You are,ham,2026-08-04T09:53:50+00:00
19fcc30058b924ad,[khushal910/MailSentry] Debugging and fixing login authentication flow — Fixing logging bug in code,Debugging and fixing login authentication flow — Fixing logging bug in code Session completed khushal910/MailSentry View session Manage notification settings — View it on GitHub. You are receiving this,ham,2026-08-04T09:52:05+00:00
19fcc28a41185d1f,[khushal910/MailSentry] Debugging and fixing login authentication flow — Fixing the login problem,Debugging and fixing login authentication flow — Fixing the login problem Session completed khushal910/MailSentry View session Manage notification settings — View it on GitHub. You are receiving this,ham,2026-08-04T09:44:03+00:00
19fcc1dc81d17bee,[khushal910/MailSentry] Debugging and fixing login authentication flow,Debugging and fixing login authentication flow Session completed khushal910/MailSentry View session Manage notification settings — View it on GitHub. You are receiving this email because you are,ham,2026-08-04T09:32:11+00:00
19fcbe8d24e5fe55,Re: [khushal910/MailSentry] Remove redundant Vercel CLI deploy job and rely on Vercel Git Integration (PR #23),@Copilot commented on this pull request. Pull request overview Simplifies the production deployment workflow by removing the redundant GitHub Actions-based Vercel CLI frontend deploy job and relying,ham,2026-08-04T08:34:20+00:00
19fcbe77b923b5b5,[khushal910/MailSentry] Run failed: .github/workflows/ci.yml - main (1d95e52),[khushal910/MailSentry] .github/workflows/ci.yml workflow run .github/workflows/ci.yml: No jobs were run View workflow run — You are receiving this because you are subscribed to this thread. Manage,ham,2026-08-04T08:32:51+00:00
19fcbe6ecd809cc8,Re: [khushal910/MailSentry] Remove redundant Vercel CLI deploy job and rely on Vercel Git Integration (PR #23),"coderabbitai[bot] left a comment (khushal910/MailSentry#23) Important Review skipped Bot user detected. To trigger a single review, invoke the @coderabbitai review command. ⚙️ Run configuration",ham,2026-08-04T08:32:16+00:00
19fcbe6e1c124708,Re: [khushal910/MailSentry] Remove redundant Vercel CLI deploy job and rely on Vercel Git Integration (PR #23),vercel[bot] left a comment (khushal910/MailSentry#23) The latest updates on your projects. Learn more about Vercel for GitHub. Project Deployment Actions Updated (UTC) mail-sentry Ready Ready Preview,ham,2026-08-04T08:32:13+00:00
19fcbe6d985838fa,Re: [khushal910/MailSentry] Remove redundant Vercel CLI deploy job and rely on Vercel Git Integration (PR #23),"dagshub[bot] left a comment (khushal910/MailSentry#23) Join the discussion on DagsHub! — Reply to this email directly, view it on GitHub, or unsubscribe. Triage notifications, keep track of coding",ham,2026-08-04T08:32:11+00:00
19fcbe6c7d42fbc8,[khushal910/MailSentry] Remove redundant Vercel CLI deploy job and rely on Vercel Git Integration (PR #23),Frontend deployment was being triggered twice: once by Vercel Git Integration and again by a GitHub Actions Vercel CLI job. This duplicated deployment responsibility and introduced avoidable coupling,ham,2026-08-04T08:32:06+00:00
19fcbe6c6f226197,Re: [khushal910/MailSentry] Remove redundant Vercel CLI deploy job and rely on Vercel Git Integration (PR #23),"Assigned #23 to @khushal910. — Reply to this email directly, view it on GitHub, or unsubscribe. Triage notifications, keep track of coding agent tasks and review pull requests on the go with GitHub",ham,2026-08-04T08:32:06+00:00
19fcbe5281471003,[khushal910/MailSentry] Performing root cause analysis for Vercel deployment failure — Simplifying CI/CD pipeline by removing Vercel redundancies,Performing root cause analysis for Vercel deployment failure — Simplifying CI/CD pipeline by removing Vercel redundancies Session completed khushal910/MailSentry View session Manage notification,ham,2026-08-04T08:30:20+00:00
19fcbe1df201d10f,🔖 New EU Guidelines For AI Labelling,🌷 Coming up this months: Design Patterns For Complex UIs &amp; Enterprise UX —… ͏ ͏ ͏ ͏ ͏ ͏ ͏ ͏ ͏ ͏ ͏ ͏ ͏ ͏ ͏ ͏ ͏ ͏ ͏ ͏ ͏ ͏ ͏ ͏ ͏ ͏ ͏ ͏ ͏ ͏ ͏ ͏ ͏ ͏ ͏ ͏ ͏ ͏ ͏ ͏ ͏ ͏ ͏ ͏ ͏ ͏ ͏ ͏ ͏ ͏ ͏ ͏ ͏ ͏ ͏ ͏ ͏ ͏ ͏ ͏ ͏,ham,2026-08-04T08:26:45+00:00
19fcbe01de26be85,[khushal910/MailSentry] Performing root cause analysis for Vercel deployment failure,Performing root cause analysis for Vercel deployment failure Session completed khushal910/MailSentry View session Manage notification settings — View it on GitHub. You are receiving this email because,ham,2026-08-04T08:24:48+00:00
19fcbcdeec090864,Don’t miss conversations in IT Professionals 🟥 Agile Lean Scrum | DevOps | Cloud | SaaS | Security | Big Data | GenAI | ChatGPT,View recommended posts from IT Professionals 🟥 Agile Lean Scrum | DevOps | Cloud | SaaS | Security | Big Data | GenAI | ChatGPT ͏ ͏ ͏ ͏ ͏ ͏ ͏ ͏ ͏ ͏ ͏ ͏ ͏ ͏ ͏ ͏ ͏ ͏ ͏ ͏ ͏ ͏ ͏ ͏ ͏ ͏ ͏ ͏ ͏ ͏ ͏ ͏ ͏ ͏ ͏ ͏ ͏,ham,2026-08-04T08:04:58+00:00
19fcbcdecd63a516,"khushal, your posts got 8 impressions last week",Your weekly performance and tips to reach more people ͏ ͏ ͏ ͏ ͏ ͏ ͏ ͏ ͏ ͏ ͏ ͏ ͏ ͏ ͏ ͏ ͏ ͏ ͏ ͏ ͏ ͏ ͏ ͏ ͏ ͏ ͏ ͏ ͏ ͏ ͏ ͏ ͏ ͏ ͏ ͏ ͏ ͏ ͏ ͏ ͏ ͏ ͏ ͏ ͏ ͏ ͏ ͏ ͏ ͏ ͏ ͏ ͏ ͏ ͏ ͏ ͏ ͏ ͏ ͏ ͏ ͏ ͏ ͏ ͏ ͏ ͏ ͏ ͏ ͏ ͏ ͏ ͏ ͏,ham,2026-08-04T08:04:57+00:00
19fcb8aefdcbe34a,⚡️ Ace Nifty Expiry with Power Scalper!,"Hi 👋🏻 On expiry days, the market moves faster. Premiums change in seconds. A breakout can become a reversal before you&#39;ve switched tabs. On days like these, every click and every tick matters.",ham,2026-08-04T06:51:46+00:00
19fcb6c2f6c69f3d,"[khushal910/MailSentry] Run failed: MailSentry Production CD & Post-Deploy Verification, Attempt #2 - main (5addfce)","[khushal910/MailSentry] MailSentry Production CD &amp; Post-Deploy Verification workflow run, Attempt #2 MailSentry Production CD &amp; Post-Deploy Verification, Attempt #2: Some jobs were not",ham,2026-08-04T06:18:11+00:00
19fcb6b75f370f44,[khushal910/MailSentry] Run failed: MailSentry Production CD & Post-Deploy Verification - main (285837e),[khushal910/MailSentry] MailSentry Production CD &amp; Post-Deploy Verification workflow run MailSentry Production CD &amp; Post-Deploy Verification: Some jobs were not successful View workflow run,ham,2026-08-04T06:17:23+00:00
19fcb6b2dec43798,[khushal910/MailSentry] Run failed: .github/workflows/ci.yml - main (5addfce),[khushal910/MailSentry] .github/workflows/ci.yml workflow run .github/workflows/ci.yml: No jobs were run View workflow run — You are receiving this because you are subscribed to this thread. Manage,ham,2026-08-04T06:17:05+00:00
19fcb6a96ab1c272,[khushal910/MailSentry] Run failed: .github/workflows/ci.yml - main (285837e),[khushal910/MailSentry] .github/workflows/ci.yml workflow run .github/workflows/ci.yml: No jobs were run View workflow run — You are receiving this because you are subscribed to this thread. Manage,ham,2026-08-04T06:16:26+00:00
19fcb68f78db9d29,[khushal910/MailSentry] Run failed: MailSentry Production CD & Post-Deploy Verification - main (5addfce),[khushal910/MailSentry] MailSentry Production CD &amp; Post-Deploy Verification workflow run MailSentry Production CD &amp; Post-Deploy Verification: Some jobs were not successful View workflow run,ham,2026-08-04T06:14:40+00:00
19fcb68395104576,[khushal910/MailSentry] Run failed: .github/workflows/ci.yml - main (5addfce),[khushal910/MailSentry] .github/workflows/ci.yml workflow run .github/workflows/ci.yml: No jobs were run View workflow run — You are receiving this because you are subscribed to this thread. Manage,ham,2026-08-04T06:13:51+00:00
19fcb6690d9a9d13,[khushal910/MailSentry] Run failed: MailSentry Production CD & Post-Deploy Verification - main (c1348e9),[khushal910/MailSentry] MailSentry Production CD &amp; Post-Deploy Verification workflow run MailSentry Production CD &amp; Post-Deploy Verification: Some jobs were not successful View workflow run,ham,2026-08-04T06:12:03+00:00
19fcb662d72e3675,[khushal910/MailSentry] Run failed: .github/workflows/ci.yml - main (c1348e9),[khushal910/MailSentry] .github/workflows/ci.yml workflow run .github/workflows/ci.yml: No jobs were run View workflow run — You are receiving this because you are subscribed to this thread. Manage,ham,2026-08-04T06:11:38+00:00
19fcb66182373c65,Re: [khushal910/MailSentry] Fix Vercel deploy workflow cache path for frontend dependencies (PR #22),"@Copilot commented on this pull request. Copilot wasn&#39;t able to review any files in this pull request. 💡 Add Copilot custom instructions for smarter, more guided reviews. Learn how to get started.",ham,2026-08-04T06:11:33+00:00
19fcb64653e0ea15,Re: [khushal910/MailSentry] Fix Vercel deploy workflow cache path for frontend dependencies (PR #22),"@copilot requested your review on: khushal910/MailSentry#22 Fix Vercel deploy workflow cache path for frontend dependencies. — Reply to this email directly, view it on GitHub, or unsubscribe. Triage",ham,2026-08-04T06:09:40+00:00
19fcb63204220386,Re: [khushal910/MailSentry] [WIP] Fix failing GitHub Actions job Deploy Frontend Application (PR #22),"coderabbitai[bot] left a comment (khushal910/MailSentry#22) Important Review skipped Bot user detected. To trigger a single review, invoke the @coderabbitai review command. ⚙️ Run configuration",ham,2026-08-04T06:08:19+00:00
19fcb631fc659055,Re: [khushal910/MailSentry] [WIP] Fix failing GitHub Actions job Deploy Frontend Application (PR #22),vercel[bot] left a comment (khushal910/MailSentry#22) The latest updates on your projects. Learn more about Vercel for GitHub. Project Deployment Actions Updated (UTC) mail-sentry Ready Ready Preview,ham,2026-08-04T06:08:18+00:00
19fcb63136355f48,Re: [khushal910/MailSentry] [WIP] Fix failing GitHub Actions job Deploy Frontend Application (PR #22),"dagshub[bot] left a comment (khushal910/MailSentry#22) Join the discussion on DagsHub! — Reply to this email directly, view it on GitHub, or unsubscribe. Triage notifications, keep track of coding",ham,2026-08-04T06:08:15+00:00
19fcb63078cc3f7f,Re: [khushal910/MailSentry] [WIP] Fix failing GitHub Actions job Deploy Frontend Application (PR #22),"Assigned #22 to @khushal910. — Reply to this email directly, view it on GitHub, or unsubscribe. Triage notifications, keep track of coding agent tasks and review pull requests on the go with GitHub",ham,2026-08-04T06:08:12+00:00
19fcb6306caf5137,[khushal910/MailSentry] [WIP] Fix failing GitHub Actions job Deploy Frontend Application (PR #22),Thanks for asking me to work on this. I will get started on it and keep this PR&#39;s description up to date as I form a plan and make progress. Fix the failing GitHub Actions job &quot;Deploy Frontend,ham,2026-08-04T06:08:12+00:00
19fcb62c647fa152,[khushal910/MailSentry] Run failed: MailSentry Production CD & Post-Deploy Verification - main (d66faa4),[khushal910/MailSentry] MailSentry Production CD &amp; Post-Deploy Verification workflow run MailSentry Production CD &amp; Post-Deploy Verification: Some jobs were not successful View workflow run,ham,2026-08-04T06:07:55+00:00
19fcb62268a32690,[khushal910/MailSentry] Run failed: .github/workflows/ci.yml - main (d66faa4),[khushal910/MailSentry] .github/workflows/ci.yml workflow run .github/workflows/ci.yml: No jobs were run View workflow run — You are receiving this because you are subscribed to this thread. Manage,ham,2026-08-04T06:07:14+00:00
19fcb5ac5afef522,[khushal910/MailSentry] Run failed: MailSentry Production CD & Post-Deploy Verification - main (3646cc4),[khushal910/MailSentry] MailSentry Production CD &amp; Post-Deploy Verification workflow run MailSentry Production CD &amp; Post-Deploy Verification: Some jobs were not successful View workflow run,ham,2026-08-04T05:59:10+00:00
19fcb5a63a446aa3,[khushal910/MailSentry] Run failed: .github/workflows/ci.yml - main (3646cc4),[khushal910/MailSentry] .github/workflows/ci.yml workflow run .github/workflows/ci.yml: No jobs were run View workflow run — You are receiving this because you are subscribed to this thread. Manage,ham,2026-08-04T05:58:45+00:00
19fcb5a436c92562,Re: [khushal910/MailSentry] Fix frontend deploy workflow by correcting invalid setup-node action pin (PR #21),"@Copilot commented on this pull request. Copilot wasn&#39;t able to review any files in this pull request. 💡 Add Copilot custom instructions for smarter, more guided reviews. Learn how to get started.",ham,2026-08-04T05:58:38+00:00
19fcb5975aacaffa,deploy failed for MailSentry,Render We encountered an error during the deploy process for MailSentry. This means your deploy didn&#39;t complete successfully and your latest changes may not be live. Commit: Add CI-CD github action,ham,2026-08-04T05:57:44+00:00
19fcb50358455c06,Re: [khushal910/MailSentry] Fix frontend deploy workflow by correcting invalid setup-node action pin (PR #21),"@copilot requested your review on: khushal910/MailSentry#21 Fix frontend deploy workflow by correcting invalid setup-node action pin. — Reply to this email directly, view it on GitHub, or unsubscribe.",ham,2026-08-04T05:47:38+00:00
19fcb4f0615c5438,Re: [khushal910/MailSentry] [WIP] Fix failing GitHub Actions job for frontend deployment (PR #21),"coderabbitai[bot] left a comment (khushal910/MailSentry#21) Important Review skipped Bot user detected. To trigger a single review, invoke the @coderabbitai review command. ⚙️ Run configuration",ham,2026-08-04T05:46:21+00:00
19fcb4f03e30be7f,Re: [khushal910/MailSentry] [WIP] Fix failing GitHub Actions job for frontend deployment (PR #21),vercel[bot] left a comment (khushal910/MailSentry#21) The latest updates on your projects. Learn more about Vercel for GitHub. Project Deployment Actions Updated (UTC) mail-sentry Ready Ready Preview,ham,2026-08-04T05:46:20+00:00
19fcb4ee9d06f98b,Re: [khushal910/MailSentry] [WIP] Fix failing GitHub Actions job for frontend deployment (PR #21),"Assigned #21 to @khushal910. — Reply to this email directly, view it on GitHub, or unsubscribe. Triage notifications, keep track of coding agent tasks and review pull requests on the go with GitHub",ham,2026-08-04T05:46:13+00:00
19fcb4ee84c58c35,[khushal910/MailSentry] [WIP] Fix failing GitHub Actions job for frontend deployment (PR #21),Thanks for asking me to work on this. I will get started on it and keep this PR&#39;s description up to date as I form a plan and make progress. Fix the failing GitHub Actions job &quot;Deploy Frontend,ham,2026-08-04T05:46:13+00:00
19fcb4d5763b05af,[khushal910/MailSentry] Run failed: MailSentry Production CD & Post-Deploy Verification - main (74378a1),[khushal910/MailSentry] MailSentry Production CD &amp; Post-Deploy Verification workflow run MailSentry Production CD &amp; Post-Deploy Verification: Some jobs were not successful View workflow run,ham,2026-08-04T05:44:30+00:00
19fcb4d130afca47,[khushal910/MailSentry] Run failed: .github/workflows/ci.yml - main (74378a1),[khushal910/MailSentry] .github/workflows/ci.yml workflow run .github/workflows/ci.yml: No jobs were run View workflow run — You are receiving this because you are subscribed to this thread. Manage,ham,2026-08-04T05:44:13+00:00
19fcb46b8812634f,"[khushal910/MailSentry] Run failed: MailSentry Production CD & Post-Deploy Verification, Attempt #2 - main (08d9f8b)","[khushal910/MailSentry] MailSentry Production CD &amp; Post-Deploy Verification workflow run, Attempt #2 MailSentry Production CD &amp; Post-Deploy Verification, Attempt #2: Some jobs were not",ham,2026-08-04T05:37:16+00:00
19fcb466997b3963,[khushal910/MailSentry] Run failed: .github/workflows/ci.yml - main (08d9f8b),[khushal910/MailSentry] .github/workflows/ci.yml workflow run .github/workflows/ci.yml: No jobs were run View workflow run — You are receiving this because you are subscribed to this thread. Manage,ham,2026-08-04T05:36:56+00:00
19fcb429981337ba,[GitHub] Sudo email verification code,"Please verify your identity, khushal910 Here is your GitHub sudo authentication code: 46529448 This code is valid for 15 minutes and can only be used once. Please don&#39;t share this code with anyone:",ham,2026-08-04T05:32:47+00:00
19fcb3d143e205e2,Failed preview deployment on team 'khushal910's projects',"Hello, khushal910. There was an error deploying mail-sentry to the preview environment. See deployment details If you&#39;d like to report an issue, reach out to Vercel Help. Manage your notification",ham,2026-08-04T05:26:45+00:00
19fcb3864ceafaf8,"What’s Good, India? | From Rescue Drones to Space Technology: How India Is Tackling Disasters","When disaster strikes, heroes often make the headlines. But long before the… ͏ ͏ ͏ ͏ ͏ ͏ ͏ ͏ ͏ ͏ ͏ ͏ ͏ ͏ ͏ ͏ ͏ ͏ ͏ ͏ ͏ ͏ ͏ ͏ ͏ ͏ ͏ ͏ ͏ ͏ ͏ ͏ ͏ ͏ ͏ ͏ ͏ ͏ ͏ ͏ ͏ ͏ ͏ ͏ ͏ ͏ ͏ ͏ ͏ ͏ ͏ ͏ ͏ ͏ ͏ ͏ ͏ ͏ ͏ ͏ ͏ ͏",ham,2026-08-04T05:21:38+00:00
19fcb36d137606d7,[khushal910/MailSentry] Run failed: MailSentry Production CD & Post-Deploy Verification - main (08d9f8b),[khushal910/MailSentry] MailSentry Production CD &amp; Post-Deploy Verification workflow run MailSentry Production CD &amp; Post-Deploy Verification: Some jobs were not successful View workflow run,ham,2026-08-04T05:19:54+00:00
19fcb366a597c2c3,[khushal910/MailSentry] Run failed: .github/workflows/ci.yml - main (08d9f8b),[khushal910/MailSentry] .github/workflows/ci.yml workflow run .github/workflows/ci.yml: No jobs were run View workflow run — You are receiving this because you are subscribed to this thread. Manage,ham,2026-08-04T05:19:28+00:00
19fcb0cb2a94c183,Competition Launch: Kaggriculture,"Hi khushal satani, Can your AI agent cultivate a winning strategy? Welcome to Kaggriculture, a simulation competition where you build an autonomous AI agent that plants crops, raises animals, and",ham,2026-08-03T17:34:46+00:00
19fcae694318ace8,Your MailSentry password reset code,🛡️ MailSentry Secure Email Protection Password Reset Verification We received a request to reset your password. Use the 6-digit code below to verify your request. This code will expire in 10 minutes.,ham,2026-08-04T03:52:16+00:00
19fcaca185fffe13,AI/ML Engineer (Remote) at Hired,Hired AI/ML Engineer (Remote): Role: AI/ML Engineer (Remote)Location: Remote… ͏ ͏ ͏ ͏ ͏ ͏ ͏ ͏ ͏ ͏ ͏ ͏ ͏ ͏ ͏ ͏ ͏ ͏ ͏ ͏ ͏ ͏ ͏ ͏ ͏ ͏ ͏ ͏ ͏ ͏ ͏ ͏ ͏ ͏ ͏ ͏ ͏ ͏ ͏ ͏ ͏ ͏ ͏ ͏ ͏ ͏ ͏ ͏ ͏ ͏ ͏ ͏ ͏ ͏ ͏ ͏ ͏ ͏ ͏ ͏ ͏ ͏,ham,2026-08-04T03:21:09+00:00
19fcac4642855f8f,khushal — Nifty 24570 test on open,▲ ~189 pts · line in the sand: 24570 · 77% hit rate · the 60-second read before 9:15. ‌ ‌ ‌ ‌ ‌ ‌ ‌ ‌ ‌ ‌ α THE BRIEF 77% HIT RATE Today&#39;s pre-market call ▲ ~189 pts LEANING GREEN AT THE OPEN Hi,ham,2026-08-04T03:14:55+00:00
19fcab5176729e43,OAuth Verification Request Cancellation,"This is an automated notification. Please do not reply, as inbound messages to this address are not reviewed. To know more, please visit our Help Center. Hello Google Developer, Your verification",ham,2026-08-04T02:58:13+00:00
19fcaaa18e406069,Beneficiary Created : BOI,"Dear Customer, BOI - Khushal Jiteshbhai Satani is added as new beneficiary with limit of Rs.500000.0. You can transfer upto Rs.500000 in first 24 hrs. Thanks and Regards, Bank of India *****This is an",ham,2026-08-04T02:45:45+00:00
19fcaa7efd6d00b4,This is your chance to get mailsentries.com.,"mailsentry.com was taken, but you&#39;ve still got options. ‌ ‌ ‌ ‌ ‌ ‌ ‌ ‌ ‌ ‌ ‌ ‌ ‌ ‌ ‌ ‌ ‌ ‌ ‌ ‌ ‌ ‌ ‌ ‌ ‌ ‌ ‌ ‌ ‌ ‌ ‌ ‌ ‌ ‌ ‌ ‌ ‌ ‌ ‌ ‌ ‌ ‌ ‌ ‌ ‌ ‌ ‌ ‌ ‌ ‌ ‌ ‌ ‌ ‌ ‌ ‌ ‌ ‌ ‌ ‌ ‌ ‌ ‌ ‌ ‌ ‌ ‌ ‌ ‌ ‌ ‌",ham,2026-08-04T02:43:50+00:00
19fca94d026136c1,New Ai Ml Engineer jobs in Bengaluru matching your search - Salary up to Rs 2.6L per month,"+ Other matching jobs for you, Apply Now ! naukri.com Get App 👉 LIMITED JOB OPPORTUNITIES — APPLY NOW ! AI/ML Engineer Sutherland 3.4 Chennai Not disclosed Apply Ai Ml Engineer Optum 4.0 Hybrid -",ham,2026-08-04T02:22:44+00:00
19fca9176efd96e7,Welcome to Wix,Create a website with infinite possibilities. ͏ ‌ ﻿ ͏ ‌ ﻿ ͏ ‌ ﻿ ͏ ‌ ﻿ ͏ ‌ ﻿ ͏ ‌ ﻿ ͏ ‌ ﻿ ͏ ‌ ﻿ ͏ ‌ ﻿ ͏ ‌ ﻿ ͏ ‌ ﻿ ͏ ‌ ﻿ ͏ ‌ ﻿ ͏ ‌ ﻿ ͏ ‌ ﻿ ͏ ‌ ﻿ ͏ ‌ ﻿ ͏ ‌ ﻿ ͏ ‌ ﻿ ͏ ‌ ﻿ ͏ ‌ ﻿ ͏ ‌ ﻿ ͏ ‌ ﻿ ͏ ‌ ﻿ ͏ ‌ ﻿ ͏ ‌ ﻿,ham,2026-08-04T02:19:17+00:00
19fca860937f67f1,Thanks for creating your account and welcome to GoDaddy.,"khushal, if you&#39;re wondering where to begin, we&#39;ve got a few ideas in this email. Need help? Contact us. Customer Number: 741536828 Welcome to GoDaddy. Whether you&#39;ve already got a",ham,2026-08-04T02:06:46+00:00
19fca6d7c3963bfe,"Build a Second Brain in 15 Minutes: Just Markdown, Git, and an AI Agent | Roan Brasil Monteiro",Khushalsatani Stories for Khushalsatani @khushalsatani009·Become a member Medium daily digest Today&#39;s highlights Roan Brasil Monteiro Roan Brasil Monteiro Build a Second Brain in 15 Minutes: Just,ham,2026-08-04T01:40:00+00:00
19fc954d647f3133,You are not learning. You are being explained to,"👋 Hi there, welcome to the AI Central ➡️ Sign up here to the free-forever… ͏ ͏ ͏ ͏ ͏ ͏ ͏ ͏ ͏ ͏ ͏ ͏ ͏ ͏ ͏ ͏ ͏ ͏ ͏ ͏ ͏ ͏ ͏ ͏ ͏ ͏ ͏ ͏ ͏ ͏ ͏ ͏ ͏ ͏ ͏ ͏ ͏ ͏ ͏ ͏ ͏ ͏ ͏ ͏ ͏ ͏ ͏ ͏ ͏ ͏ ͏ ͏ ͏ ͏ ͏ ͏ ͏ ͏ ͏ ͏ ͏ ͏ ͏",ham,2026-08-03T20:33:28+00:00
19fc90c44e5d8119,Know Axis Bank's official IDs,"Can&#39;t see this email properly? View the web version | View this message in your mobile Only trust what&#39;s verified Know Axis Bank&#39;s official IDs Dear Customer, Fraudsters often impersonate",ham,2026-08-03T12:23:52+00:00
19fc8ef1d8384d58,Your Profile is not visible to recruiters,Your Profile is not active yet. You will not be able to apply to jobs and recruiters will not be able to contact you. Add missing details in your profile and become visible to recruiters now! naukri.,ham,2026-08-03T18:42:13+00:00
19fc86bbda1a3571,Nolan's The Odyssey Is a $250 Million Leadership Masterclass. Here's What I Took From It.,&quot;The hero&#39;s journey isn&#39;t a myth. It&#39;s a map.&quot; Christopher Nolan&#39;s The Odyssey… ͏ ͏ ͏ ͏ ͏ ͏ ͏ ͏ ͏ ͏ ͏ ͏ ͏ ͏ ͏ ͏ ͏ ͏ ͏ ͏ ͏ ͏ ͏ ͏ ͏ ͏ ͏ ͏ ͏ ͏ ͏ ͏ ͏ ͏ ͏ ͏ ͏ ͏ ͏ ͏ ͏ ͏ ͏ ͏ ͏ ͏ ͏ ͏,ham,2026-08-03T16:18:51+00:00
19fc859036e6d759,Which one are you?,Welcome back! Today covers a bug bounty program buried by its own submitters… ͏ ͏ ͏ ͏ ͏ ͏ ͏ ͏ ͏ ͏ ͏ ͏ ͏ ͏ ͏ ͏ ͏ ͏ ͏ ͏ ͏ ͏ ͏ ͏ ͏ ͏ ͏ ͏ ͏ ͏ ͏ ͏ ͏ ͏ ͏ ͏ ͏ ͏ ͏ ͏ ͏ ͏ ͏ ͏ ͏ ͏ ͏ ͏ ͏ ͏ ͏ ͏ ͏ ͏ ͏ ͏ ͏ ͏ ͏ ͏ ͏ ͏,ham,2026-08-03T15:58:24+00:00
19fc858523344191,Stay Alert: Protect Yourself from Fraudulent Investment Activities,"Stay Alert: Protect Yourself from Fraudulent Investment Activities IND money Dear Customer, Greetings of the day! In our continuous effort to keep you safeguarded from the market related frauds and",ham,2026-08-03T15:57:38+00:00
19fc846937c87004,"GST collection at Rs 2.11 lakh cr, UltraTech's Rs 5,000 cr NCDs, & more - Groww Digest",All you need to know about the day ‌ ‌ ‌ ‌ ‌ ‌ ‌ ‌ ‌ ‌ ‌ ‌ ‌ ‌ ‌ ‌ ‌ ‌ ‌ ‌ ‌ ‌ ‌ ‌ ‌ ‌ ‌ ‌ ‌ ‌ ‌ ‌ ‌ ‌ ‌ ‌ ‌ ‌ ‌ ‌ ‌ ‌ ‌ ‌ ‌ ‌ ‌ ‌ ‌ ‌ Groww Digest 03 August 2026 Sensex 78639.03 ▲ 0.70% Nifty 24774.30,ham,2026-08-03T15:38:15+00:00
19fc839b6e5c4c87,Transaction and Holding Statement,"Stay on top of your investments with Groww Report Hello Khushal Jiteshbhai Satani, We&#39;ve attached your Transaction and Holding Statement for the month of July 2026 with this email. The document is",ham,2026-08-03T15:24:11+00:00
19fc8082a948f9c9,Funny how we question everything... except our water.,Maybe it&#39;s time to change that. Water Purifiers from ₹6799. Vijay Sales Monsoon Offers Water Heater Air Fryers Offer Follow us on: Online Order Assistance: onlinesupport@vijaysales.com | +91 86577,ham,2026-08-03T14:30:05+00:00
19fc7ef061839455,"⚡ Weekly Recap: Rogue AI Models, $88M Bitcoin Theft, Water-System Attacks and Dangling DNS Hijacks",This week kept coming back to permission. A model crossed a boundary. A wallet… ͏ ͏ ͏ ͏ ͏ ͏ ͏ ͏ ͏ ͏ ͏ ͏ ͏ ͏ ͏ ͏ ͏ ͏ ͏ ͏ ͏ ͏ ͏ ͏ ͏ ͏ ͏ ͏ ͏ ͏ ͏ ͏ ͏ ͏ ͏ ͏ ͏ ͏ ͏ ͏ ͏ ͏ ͏ ͏ ͏ ͏ ͏ ͏ ͏ ͏ ͏ ͏ ͏ ͏ ͏ ͏ ͏ ͏ ͏ ͏ ͏,ham,2026-08-03T14:02:37+00:00
19fc7c4c7500535e,NSE - Public issue - Bidding information,"Dear TGMXXXXX5C, With reference to SEBI circular ref no.CIR/CFD/POLICYCELL/11/2015 dated November 10, 2015, the SMS and email alerts facility has been provided for ease and convenience of the investors",ham,2026-08-03T13:06:13+00:00
19fc7bcde13dd0dd,"Your AI roundup is here, Khushal",Inside GPT-Live&#39;s real-time voice architecture — plus a freshly updated OpenAI API course. ͏ ͏ ͏ ͏ ͏ ͏ ͏ ͏ ͏ ͏ ͏ ͏ ͏ ͏ ͏ ͏ ͏ ͏ ͏ ͏ ͏ ͏ ͏ ͏ ͏ ͏ ͏ ͏ ͏ ͏ ͏ ͏ ͏ ͏ ͏ ͏ ͏ ͏ ͏ ͏ ͏ ͏ ͏ ͏ ͏ ͏ ͏ ͏ ͏ ͏ ͏ ͏ ͏,spam,2026-08-03T13:07:49+00:00
19fc7bb65bb24fa8,NSE - Public issue - Bidding information,"Dear TGMXXXXX5C, With reference to SEBI circular ref no.CIR/CFD/POLICYCELL/11/2015 dated November 10, 2015, the SMS and email alerts facility has been provided for ease and convenience of the investors",ham,2026-08-03T13:06:13+00:00
19fc7ba128712831,How to Scale Simulation Across Your Organization,"Empower more decision makers to explore, test, and optimize processes… ͏ ͏ ͏ ͏ ͏ ͏ ͏ ͏ ͏ ͏ ͏ ͏ ͏ ͏ ͏ ͏ ͏ ͏ ͏ ͏ ͏ ͏ ͏ ͏ ͏ ͏ ͏ ͏ ͏ ͏ ͏ ͏ ͏ ͏ ͏ ͏ ͏ ͏ ͏ ͏ ͏ ͏ ͏ ͏ ͏ ͏ ͏ ͏ ͏ ͏ ͏ ͏ ͏ ͏ ͏ ͏ ͏ ͏ ͏ ͏ ͏ ͏ ͏ ͏ ͏",ham,2026-08-03T13:04:48+00:00
19fc7686c09a52fe,CI/CD & ALM in the UDE Era: How D365 Deployment Has Fundamentally Changed,Microsoft&#39;s shift from Lifecycle Services (LCS) to the Unified Developer… ͏ ͏ ͏ ͏ ͏ ͏ ͏ ͏ ͏ ͏ ͏ ͏ ͏ ͏ ͏ ͏ ͏ ͏ ͏ ͏ ͏ ͏ ͏ ͏ ͏ ͏ ͏ ͏ ͏ ͏ ͏ ͏ ͏ ͏ ͏ ͏ ͏ ͏ ͏ ͏ ͏ ͏ ͏ ͏ ͏ ͏ ͏ ͏ ͏ ͏ ͏ ͏ ͏ ͏ ͏ ͏ ͏ ͏ ͏ ͏ ͏ ͏,ham,2026-08-03T11:35:37+00:00
19fc7081ee53cc1b,Your Project: Email spam is at risk of suspension,"Go to my console » Action required Dear Google customer, You are receiving this email because you are a Google Cloud Platform, Firebase or API customer. The billing account that project &quot;Email",ham,2026-08-03T09:50:25+00:00
19fc70817fc051c3,Action required: your billing account 018E94-3F4C95-BFCA81 is past due or has invalid payment information.,"Go to my console » Action required Dear Google customer, You are receiving this email because you are a Google Cloud Platform, Firebase or API customer. Our records indicate that your billing account:",ham,2026-08-03T09:50:23+00:00
19fc6daa5c510213,Beneficiary added to your savings account,"‌ ‌ ‌ ‌ ‌ ‌ ‌ ‌ ‌ ‌ ‌ ‌ ‌ ‌ ‌ ‌ ‌ ‌ ‌ ‌ ‌ ‌ ‌ ‌ ‌ ‌ ‌ ‌ ‌ ‌ ‌ ‌ ‌ ‌ ‌ ‌ ‌ ‌ ‌ ‌ ‌ ‌ ‌ ‌ ‌ ‌ ‌ ‌ ‌ ‌ ‌ ‌ ‌ ‌ ‌ ‌ ‌ ‌ ‌ ‌ ‌ ‌ ‌ ‌ ‌ ‌ ‌ ‌ ‌ ‌ ‌ ‌ ‌ ‌ ‌ ‌ ‌ ‌ Hi KHUSHAL JITESHBHAI, KHUSHAL JITESHBHAI",spam,2026-08-03T09:00:44+00:00
19fc6c2d34b39494,New ways to build and customize AI agents,"Discover new ways to customize, specialize, and control AI agents with an open stack. ‌ ‌ ‌ ‌ ‌ ‌ ‌ ‌ ‌ ‌ ‌ ‌ ‌ ‌ ‌ ‌ ‌ ‌ ‌ ‌ ‌ ‌ ‌ ‌ ‌ ‌ ‌ ‌ ‌ ‌ ‌ ‌ ‌ ‌ ‌ ‌ ‌ ‌ ‌ ‌ ‌ ‌ ‌ ‌ ‌ ‌ ‌ ‌ ‌ ‌ ‌ ‌ ‌ ‌ ‌ ‌ ‌ ‌",ham,2026-08-03T08:34:44+00:00
19fc6b2de83905d4,Three types of video you can create today,"UGC ads, explainers, or B-roll. The latest video models, one place. ͏ ‌ ﻿ ͏ ‌ ﻿ ͏ ‌ ﻿ ͏ ‌ ﻿ ͏ ‌ ﻿ ͏ ‌ ﻿ ͏ ‌ ﻿ ͏ ‌ ﻿ ͏ ‌ ﻿ ͏ ‌ ﻿ ͏ ‌ ﻿ ͏ ‌ ﻿ ͏ ‌ ﻿ ͏ ‌ ﻿ ͏ ‌ ﻿ ͏ ‌ ﻿ ͏ ‌ ﻿ ͏ ‌ ﻿ ͏ ‌ ﻿ ͏ ‌ ﻿ ͏ ‌ ﻿ ͏ ‌ ﻿ ͏",ham,2026-08-03T08:17:18+00:00
19fc6a78fbcf1e60,Commergence is hiring for a AI/ML role,Discover roles that match your interests ͏ ͏ ͏ ͏ ͏ ͏ ͏ ͏ ͏ ͏ ͏ ͏ ͏ ͏ ͏ ͏ ͏ ͏ ͏ ͏ ͏ ͏ ͏ ͏ ͏ ͏ ͏ ͏ ͏ ͏ ͏ ͏ ͏ ͏ ͏ ͏ ͏ ͏ ͏ ͏ ͏ ͏ ͏ ͏ ͏ ͏ ͏ ͏ ͏ ͏ ͏ ͏ ͏ ͏ ͏ ͏ ͏ ͏ ͏ ͏ ͏ ͏ ͏ ͏ ͏ ͏ ͏ ͏ ͏ ͏ ͏ ͏ ͏ ͏ ͏ ͏ ͏ ͏ ͏ ͏,ham,2026-08-03T08:04:57+00:00
